ISO-10303-21;
HEADER;
/* Generated by software containing ST-Developer
 * from STEP Tools, Inc. (www.steptools.com) 
 */
/* OPTION: using custom renumber hook */

FILE_DESCRIPTION(
/* description */ ('STEP AP242',
'CAx-IF Rec.Pracs.---Representation and Presentation of Product Manufa
cturing Information (PMI)---4.0---2014-10-13',
'CAx-IF Rec.Pracs.---3D Tessellated Geometry---0.4---2014-09-14','2;1'),

/* implementation_level */ '2;1');

FILE_NAME(
/* name */ 'FTSH-107-01-L-DV-K',
/* time_stamp */ '2026-09-19T06:23:21+02:00',
/* author */ ('License CC BY-ND 4.0'),
/* organization */ ('CADENAS'),
/* preprocessor_version */ 'ST-DEVELOPER v20',
/* originating_system */ 'PARTsolutions',
/* authorisation */ '  ');

FILE_SCHEMA (('AP242_MANAGED_MODEL_BASED_3D_ENGINEERING_MIM_LF { 1 0 10303 442 1 1 4 }'));
ENDSEC;

DATA;
#10=CIRCLE('',#6765,0.0250000000000005);
#11=CIRCLE('',#6766,0.0250000000000005);
#12=CIRCLE('',#6768,0.0250000000000005);
#13=CIRCLE('',#6769,0.0250000000000005);
#14=CIRCLE('',#6771,0.0250000000000005);
#15=CIRCLE('',#6772,0.0250000000000005);
#16=CIRCLE('',#6774,0.0250000000000005);
#17=CIRCLE('',#6775,0.0250000000000005);
#18=CIRCLE('',#6777,0.0250000000000005);
#19=CIRCLE('',#6778,0.0250000000000005);
#20=CIRCLE('',#6780,0.0250000000000005);
#21=CIRCLE('',#6781,0.0250000000000005);
#22=CIRCLE('',#6795,0.0250000000000005);
#23=CIRCLE('',#6796,0.0250000000000005);
#24=CIRCLE('',#6798,0.0250000000000005);
#25=CIRCLE('',#6799,0.0250000000000005);
#26=CIRCLE('',#6801,0.0250000000000005);
#27=CIRCLE('',#6802,0.0250000000000005);
#28=CIRCLE('',#6804,0.0250000000000005);
#29=CIRCLE('',#6805,0.0250000000000005);
#30=CIRCLE('',#6807,0.0250000000000005);
#31=CIRCLE('',#6808,0.0250000000000005);
#32=CIRCLE('',#6810,0.0250000000000005);
#33=CIRCLE('',#6811,0.0250000000000005);
#34=CIRCLE('',#6834,0.0250000000000005);
#35=CIRCLE('',#6835,0.0250000000000005);
#36=CIRCLE('',#6840,0.0250000000000005);
#37=CIRCLE('',#6841,0.0250000000000005);
#38=CYLINDRICAL_SURFACE('',#6764,0.0250000000000005);
#39=CYLINDRICAL_SURFACE('',#6767,0.0250000000000005);
#40=CYLINDRICAL_SURFACE('',#6770,0.0250000000000005);
#41=CYLINDRICAL_SURFACE('',#6773,0.0250000000000005);
#42=CYLINDRICAL_SURFACE('',#6776,0.0250000000000005);
#43=CYLINDRICAL_SURFACE('',#6779,0.0250000000000005);
#44=CYLINDRICAL_SURFACE('',#6794,0.0250000000000005);
#45=CYLINDRICAL_SURFACE('',#6797,0.0250000000000005);
#46=CYLINDRICAL_SURFACE('',#6800,0.0250000000000005);
#47=CYLINDRICAL_SURFACE('',#6803,0.0250000000000005);
#48=CYLINDRICAL_SURFACE('',#6806,0.0250000000000005);
#49=CYLINDRICAL_SURFACE('',#6809,0.0250000000000005);
#50=CYLINDRICAL_SURFACE('',#6833,0.0250000000000005);
#51=CYLINDRICAL_SURFACE('',#6839,0.0250000000000005);
#52=CONTEXT_DEPENDENT_SHAPE_REPRESENTATION(#58,#10315);
#53=CONTEXT_DEPENDENT_SHAPE_REPRESENTATION(#59,#10317);
#54=CONTEXT_DEPENDENT_SHAPE_REPRESENTATION(#60,#10319);
#55=NEXT_ASSEMBLY_USAGE_OCCURRENCE('NAUO1','FTSH-107-01-L-DV-K_body',
'FTSH-107-01-L-DV-K_body',#10320,#10321,'');
#56=NEXT_ASSEMBLY_USAGE_OCCURRENCE('NAUO2','FTSH-107-01-L-DV-K_pins1',
'FTSH-107-01-L-DV-K_pins1',#10320,#10322,'');
#57=NEXT_ASSEMBLY_USAGE_OCCURRENCE('NAUO3','FTSH-107-01-L-DV-K_pins2',
'FTSH-107-01-L-DV-K_pins2',#10320,#10323,'');
#58=(
REPRESENTATION_RELATIONSHIP(' ',' ',#6507,#6506)
REPRESENTATION_RELATIONSHIP_WITH_TRANSFORMATION(#61)
SHAPE_REPRESENTATION_RELATIONSHIP()
);
#59=(
REPRESENTATION_RELATIONSHIP(' ',' ',#6508,#6506)
REPRESENTATION_RELATIONSHIP_WITH_TRANSFORMATION(#62)
SHAPE_REPRESENTATION_RELATIONSHIP()
);
#60=(
REPRESENTATION_RELATIONSHIP(' ',' ',#6509,#6506)
REPRESENTATION_RELATIONSHIP_WITH_TRANSFORMATION(#63)
SHAPE_REPRESENTATION_RELATIONSHIP()
);
#61=ITEM_DEFINED_TRANSFORMATION(' ',' ',#6510,#6617);
#62=ITEM_DEFINED_TRANSFORMATION(' ',' ',#6510,#6745);
#63=ITEM_DEFINED_TRANSFORMATION(' ',' ',#6510,#6873);
#64=SHAPE_REPRESENTATION_RELATIONSHIP('','',#6507,#67);
#65=SHAPE_REPRESENTATION_RELATIONSHIP('','',#6508,#68);
#66=SHAPE_REPRESENTATION_RELATIONSHIP('','',#6509,#69);
#67=ADVANCED_BREP_SHAPE_REPRESENTATION('',(#6499),#10300);
#68=ADVANCED_BREP_SHAPE_REPRESENTATION('',(#6500),#10301);
#69=ADVANCED_BREP_SHAPE_REPRESENTATION('',(#6501),#10302);
#70=ORIENTED_EDGE('',*,*,#1878,.T.);
#71=ORIENTED_EDGE('',*,*,#1879,.T.);
#72=ORIENTED_EDGE('',*,*,#1880,.T.);
#73=ORIENTED_EDGE('',*,*,#1881,.T.);
#74=ORIENTED_EDGE('',*,*,#1882,.F.);
#75=ORIENTED_EDGE('',*,*,#1883,.F.);
#76=ORIENTED_EDGE('',*,*,#1884,.T.);
#77=ORIENTED_EDGE('',*,*,#1885,.T.);
#78=ORIENTED_EDGE('',*,*,#1886,.T.);
#79=ORIENTED_EDGE('',*,*,#1887,.T.);
#80=ORIENTED_EDGE('',*,*,#1888,.T.);
#81=ORIENTED_EDGE('',*,*,#1889,.T.);
#82=ORIENTED_EDGE('',*,*,#1890,.T.);
#83=ORIENTED_EDGE('',*,*,#1891,.T.);
#84=ORIENTED_EDGE('',*,*,#1892,.F.);
#85=ORIENTED_EDGE('',*,*,#1893,.T.);
#86=ORIENTED_EDGE('',*,*,#1894,.T.);
#87=ORIENTED_EDGE('',*,*,#1895,.T.);
#88=ORIENTED_EDGE('',*,*,#1896,.T.);
#89=ORIENTED_EDGE('',*,*,#1897,.T.);
#90=ORIENTED_EDGE('',*,*,#1898,.F.);
#91=ORIENTED_EDGE('',*,*,#1888,.F.);
#92=ORIENTED_EDGE('',*,*,#1899,.F.);
#93=ORIENTED_EDGE('',*,*,#1880,.F.);
#94=ORIENTED_EDGE('',*,*,#1900,.F.);
#95=ORIENTED_EDGE('',*,*,#1884,.F.);
#96=ORIENTED_EDGE('',*,*,#1901,.F.);
#97=ORIENTED_EDGE('',*,*,#1896,.F.);
#98=ORIENTED_EDGE('',*,*,#1902,.T.);
#99=ORIENTED_EDGE('',*,*,#1903,.T.);
#100=ORIENTED_EDGE('',*,*,#1904,.T.);
#101=ORIENTED_EDGE('',*,*,#1905,.T.);
#102=ORIENTED_EDGE('',*,*,#1906,.F.);
#103=ORIENTED_EDGE('',*,*,#1907,.F.);
#104=ORIENTED_EDGE('',*,*,#1908,.F.);
#105=ORIENTED_EDGE('',*,*,#1909,.T.);
#106=ORIENTED_EDGE('',*,*,#1910,.F.);
#107=ORIENTED_EDGE('',*,*,#1911,.T.);
#108=ORIENTED_EDGE('',*,*,#1912,.T.);
#109=ORIENTED_EDGE('',*,*,#1913,.F.);
#110=ORIENTED_EDGE('',*,*,#1914,.F.);
#111=ORIENTED_EDGE('',*,*,#1915,.T.);
#112=ORIENTED_EDGE('',*,*,#1916,.T.);
#113=ORIENTED_EDGE('',*,*,#1917,.F.);
#114=ORIENTED_EDGE('',*,*,#1918,.T.);
#115=ORIENTED_EDGE('',*,*,#1919,.T.);
#116=ORIENTED_EDGE('',*,*,#1920,.F.);
#117=ORIENTED_EDGE('',*,*,#1921,.T.);
#118=ORIENTED_EDGE('',*,*,#1922,.T.);
#119=ORIENTED_EDGE('',*,*,#1923,.T.);
#120=ORIENTED_EDGE('',*,*,#1924,.F.);
#121=ORIENTED_EDGE('',*,*,#1925,.T.);
#122=ORIENTED_EDGE('',*,*,#1926,.T.);
#123=ORIENTED_EDGE('',*,*,#1927,.T.);
#124=ORIENTED_EDGE('',*,*,#1928,.F.);
#125=ORIENTED_EDGE('',*,*,#1929,.T.);
#126=ORIENTED_EDGE('',*,*,#1928,.T.);
#127=ORIENTED_EDGE('',*,*,#1930,.T.);
#128=ORIENTED_EDGE('',*,*,#1931,.F.);
#129=ORIENTED_EDGE('',*,*,#1932,.T.);
#130=ORIENTED_EDGE('',*,*,#1931,.T.);
#131=ORIENTED_EDGE('',*,*,#1933,.T.);
#132=ORIENTED_EDGE('',*,*,#1934,.F.);
#133=ORIENTED_EDGE('',*,*,#1935,.T.);
#134=ORIENTED_EDGE('',*,*,#1936,.T.);
#135=ORIENTED_EDGE('',*,*,#1937,.T.);
#136=ORIENTED_EDGE('',*,*,#1938,.F.);
#137=ORIENTED_EDGE('',*,*,#1939,.T.);
#138=ORIENTED_EDGE('',*,*,#1938,.T.);
#139=ORIENTED_EDGE('',*,*,#1940,.T.);
#140=ORIENTED_EDGE('',*,*,#1941,.F.);
#141=ORIENTED_EDGE('',*,*,#1942,.T.);
#142=ORIENTED_EDGE('',*,*,#1941,.T.);
#143=ORIENTED_EDGE('',*,*,#1943,.T.);
#144=ORIENTED_EDGE('',*,*,#1944,.F.);
#145=ORIENTED_EDGE('',*,*,#1945,.T.);
#146=ORIENTED_EDGE('',*,*,#1946,.T.);
#147=ORIENTED_EDGE('',*,*,#1947,.T.);
#148=ORIENTED_EDGE('',*,*,#1948,.F.);
#149=ORIENTED_EDGE('',*,*,#1949,.T.);
#150=ORIENTED_EDGE('',*,*,#1948,.T.);
#151=ORIENTED_EDGE('',*,*,#1950,.T.);
#152=ORIENTED_EDGE('',*,*,#1951,.F.);
#153=ORIENTED_EDGE('',*,*,#1952,.T.);
#154=ORIENTED_EDGE('',*,*,#1951,.T.);
#155=ORIENTED_EDGE('',*,*,#1953,.T.);
#156=ORIENTED_EDGE('',*,*,#1954,.F.);
#157=ORIENTED_EDGE('',*,*,#1955,.T.);
#158=ORIENTED_EDGE('',*,*,#1956,.T.);
#159=ORIENTED_EDGE('',*,*,#1957,.T.);
#160=ORIENTED_EDGE('',*,*,#1958,.F.);
#161=ORIENTED_EDGE('',*,*,#1959,.T.);
#162=ORIENTED_EDGE('',*,*,#1958,.T.);
#163=ORIENTED_EDGE('',*,*,#1960,.T.);
#164=ORIENTED_EDGE('',*,*,#1961,.F.);
#165=ORIENTED_EDGE('',*,*,#1962,.T.);
#166=ORIENTED_EDGE('',*,*,#1961,.T.);
#167=ORIENTED_EDGE('',*,*,#1963,.T.);
#168=ORIENTED_EDGE('',*,*,#1964,.F.);
#169=ORIENTED_EDGE('',*,*,#1965,.T.);
#170=ORIENTED_EDGE('',*,*,#1966,.T.);
#171=ORIENTED_EDGE('',*,*,#1967,.T.);
#172=ORIENTED_EDGE('',*,*,#1968,.F.);
#173=ORIENTED_EDGE('',*,*,#1969,.T.);
#174=ORIENTED_EDGE('',*,*,#1968,.T.);
#175=ORIENTED_EDGE('',*,*,#1970,.T.);
#176=ORIENTED_EDGE('',*,*,#1971,.F.);
#177=ORIENTED_EDGE('',*,*,#1972,.T.);
#178=ORIENTED_EDGE('',*,*,#1971,.T.);
#179=ORIENTED_EDGE('',*,*,#1973,.T.);
#180=ORIENTED_EDGE('',*,*,#1974,.F.);
#181=ORIENTED_EDGE('',*,*,#1975,.T.);
#182=ORIENTED_EDGE('',*,*,#1976,.T.);
#183=ORIENTED_EDGE('',*,*,#1977,.T.);
#184=ORIENTED_EDGE('',*,*,#1978,.F.);
#185=ORIENTED_EDGE('',*,*,#1979,.T.);
#186=ORIENTED_EDGE('',*,*,#1978,.T.);
#187=ORIENTED_EDGE('',*,*,#1980,.T.);
#188=ORIENTED_EDGE('',*,*,#1981,.F.);
#189=ORIENTED_EDGE('',*,*,#1982,.T.);
#190=ORIENTED_EDGE('',*,*,#1981,.T.);
#191=ORIENTED_EDGE('',*,*,#1983,.T.);
#192=ORIENTED_EDGE('',*,*,#1984,.F.);
#193=ORIENTED_EDGE('',*,*,#1985,.T.);
#194=ORIENTED_EDGE('',*,*,#1986,.T.);
#195=ORIENTED_EDGE('',*,*,#1987,.T.);
#196=ORIENTED_EDGE('',*,*,#1988,.F.);
#197=ORIENTED_EDGE('',*,*,#1989,.T.);
#198=ORIENTED_EDGE('',*,*,#1990,.T.);
#199=ORIENTED_EDGE('',*,*,#1991,.T.);
#200=ORIENTED_EDGE('',*,*,#1992,.F.);
#201=ORIENTED_EDGE('',*,*,#1993,.T.);
#202=ORIENTED_EDGE('',*,*,#1934,.T.);
#203=ORIENTED_EDGE('',*,*,#1994,.T.);
#204=ORIENTED_EDGE('',*,*,#1926,.F.);
#205=ORIENTED_EDGE('',*,*,#1995,.T.);
#206=ORIENTED_EDGE('',*,*,#1944,.T.);
#207=ORIENTED_EDGE('',*,*,#1996,.T.);
#208=ORIENTED_EDGE('',*,*,#1936,.F.);
#209=ORIENTED_EDGE('',*,*,#1997,.T.);
#210=ORIENTED_EDGE('',*,*,#1954,.T.);
#211=ORIENTED_EDGE('',*,*,#1998,.T.);
#212=ORIENTED_EDGE('',*,*,#1946,.F.);
#213=ORIENTED_EDGE('',*,*,#1999,.T.);
#214=ORIENTED_EDGE('',*,*,#1964,.T.);
#215=ORIENTED_EDGE('',*,*,#2000,.T.);
#216=ORIENTED_EDGE('',*,*,#1956,.F.);
#217=ORIENTED_EDGE('',*,*,#2001,.T.);
#218=ORIENTED_EDGE('',*,*,#1974,.T.);
#219=ORIENTED_EDGE('',*,*,#2002,.T.);
#220=ORIENTED_EDGE('',*,*,#1966,.F.);
#221=ORIENTED_EDGE('',*,*,#2003,.T.);
#222=ORIENTED_EDGE('',*,*,#1984,.T.);
#223=ORIENTED_EDGE('',*,*,#2004,.T.);
#224=ORIENTED_EDGE('',*,*,#1976,.F.);
#225=ORIENTED_EDGE('',*,*,#2005,.T.);
#226=ORIENTED_EDGE('',*,*,#2006,.T.);
#227=ORIENTED_EDGE('',*,*,#2007,.F.);
#228=ORIENTED_EDGE('',*,*,#2008,.T.);
#229=ORIENTED_EDGE('',*,*,#2009,.T.);
#230=ORIENTED_EDGE('',*,*,#2010,.T.);
#231=ORIENTED_EDGE('',*,*,#2011,.T.);
#232=ORIENTED_EDGE('',*,*,#2012,.T.);
#233=ORIENTED_EDGE('',*,*,#2013,.F.);
#234=ORIENTED_EDGE('',*,*,#2014,.F.);
#235=ORIENTED_EDGE('',*,*,#2015,.F.);
#236=ORIENTED_EDGE('',*,*,#1913,.T.);
#237=ORIENTED_EDGE('',*,*,#2016,.T.);
#238=ORIENTED_EDGE('',*,*,#1904,.F.);
#239=ORIENTED_EDGE('',*,*,#2017,.F.);
#240=ORIENTED_EDGE('',*,*,#2018,.F.);
#241=ORIENTED_EDGE('',*,*,#2019,.F.);
#242=ORIENTED_EDGE('',*,*,#1909,.F.);
#243=ORIENTED_EDGE('',*,*,#2020,.F.);
#244=ORIENTED_EDGE('',*,*,#1917,.T.);
#245=ORIENTED_EDGE('',*,*,#2021,.F.);
#246=ORIENTED_EDGE('',*,*,#2022,.F.);
#247=ORIENTED_EDGE('',*,*,#2023,.T.);
#248=ORIENTED_EDGE('',*,*,#2024,.F.);
#249=ORIENTED_EDGE('',*,*,#2025,.F.);
#250=ORIENTED_EDGE('',*,*,#2008,.F.);
#251=ORIENTED_EDGE('',*,*,#2026,.T.);
#252=ORIENTED_EDGE('',*,*,#2027,.T.);
#253=ORIENTED_EDGE('',*,*,#2028,.T.);
#254=ORIENTED_EDGE('',*,*,#2029,.F.);
#255=ORIENTED_EDGE('',*,*,#2030,.F.);
#256=ORIENTED_EDGE('',*,*,#2025,.T.);
#257=ORIENTED_EDGE('',*,*,#2031,.T.);
#258=ORIENTED_EDGE('',*,*,#2032,.T.);
#259=ORIENTED_EDGE('',*,*,#2033,.T.);
#260=ORIENTED_EDGE('',*,*,#2013,.T.);
#261=ORIENTED_EDGE('',*,*,#2034,.T.);
#262=ORIENTED_EDGE('',*,*,#2035,.F.);
#263=ORIENTED_EDGE('',*,*,#2036,.F.);
#264=ORIENTED_EDGE('',*,*,#2037,.T.);
#265=ORIENTED_EDGE('',*,*,#2038,.T.);
#266=ORIENTED_EDGE('',*,*,#2039,.F.);
#267=ORIENTED_EDGE('',*,*,#2040,.F.);
#268=ORIENTED_EDGE('',*,*,#2041,.T.);
#269=ORIENTED_EDGE('',*,*,#2036,.T.);
#270=ORIENTED_EDGE('',*,*,#2042,.F.);
#271=ORIENTED_EDGE('',*,*,#2043,.F.);
#272=ORIENTED_EDGE('',*,*,#2044,.T.);
#273=ORIENTED_EDGE('',*,*,#2040,.T.);
#274=ORIENTED_EDGE('',*,*,#2045,.F.);
#275=ORIENTED_EDGE('',*,*,#2046,.F.);
#276=ORIENTED_EDGE('',*,*,#2047,.T.);
#277=ORIENTED_EDGE('',*,*,#2048,.T.);
#278=ORIENTED_EDGE('',*,*,#2049,.F.);
#279=ORIENTED_EDGE('',*,*,#2050,.F.);
#280=ORIENTED_EDGE('',*,*,#2051,.T.);
#281=ORIENTED_EDGE('',*,*,#2046,.T.);
#282=ORIENTED_EDGE('',*,*,#2052,.F.);
#283=ORIENTED_EDGE('',*,*,#2053,.F.);
#284=ORIENTED_EDGE('',*,*,#2054,.T.);
#285=ORIENTED_EDGE('',*,*,#2050,.T.);
#286=ORIENTED_EDGE('',*,*,#2055,.F.);
#287=ORIENTED_EDGE('',*,*,#2056,.F.);
#288=ORIENTED_EDGE('',*,*,#2057,.F.);
#289=ORIENTED_EDGE('',*,*,#2058,.T.);
#290=ORIENTED_EDGE('',*,*,#1920,.T.);
#291=ORIENTED_EDGE('',*,*,#2059,.T.);
#292=ORIENTED_EDGE('',*,*,#2060,.F.);
#293=ORIENTED_EDGE('',*,*,#2061,.F.);
#294=ORIENTED_EDGE('',*,*,#2062,.T.);
#295=ORIENTED_EDGE('',*,*,#2057,.T.);
#296=ORIENTED_EDGE('',*,*,#2063,.F.);
#297=ORIENTED_EDGE('',*,*,#2064,.F.);
#298=ORIENTED_EDGE('',*,*,#2065,.F.);
#299=ORIENTED_EDGE('',*,*,#2066,.T.);
#300=ORIENTED_EDGE('',*,*,#1924,.T.);
#301=ORIENTED_EDGE('',*,*,#2067,.T.);
#302=ORIENTED_EDGE('',*,*,#2068,.F.);
#303=ORIENTED_EDGE('',*,*,#2069,.F.);
#304=ORIENTED_EDGE('',*,*,#2070,.T.);
#305=ORIENTED_EDGE('',*,*,#2065,.T.);
#306=ORIENTED_EDGE('',*,*,#2071,.F.);
#307=ORIENTED_EDGE('',*,*,#2072,.F.);
#308=ORIENTED_EDGE('',*,*,#2073,.T.);
#309=ORIENTED_EDGE('',*,*,#2074,.T.);
#310=ORIENTED_EDGE('',*,*,#2075,.F.);
#311=ORIENTED_EDGE('',*,*,#2076,.T.);
#312=ORIENTED_EDGE('',*,*,#1986,.F.);
#313=ORIENTED_EDGE('',*,*,#2077,.T.);
#314=ORIENTED_EDGE('',*,*,#2072,.T.);
#315=ORIENTED_EDGE('',*,*,#2078,.F.);
#316=ORIENTED_EDGE('',*,*,#2079,.F.);
#317=ORIENTED_EDGE('',*,*,#2080,.F.);
#318=ORIENTED_EDGE('',*,*,#2081,.T.);
#319=ORIENTED_EDGE('',*,*,#2082,.T.);
#320=ORIENTED_EDGE('',*,*,#2083,.F.);
#321=ORIENTED_EDGE('',*,*,#2084,.T.);
#322=ORIENTED_EDGE('',*,*,#1990,.F.);
#323=ORIENTED_EDGE('',*,*,#2085,.T.);
#324=ORIENTED_EDGE('',*,*,#2080,.T.);
#325=ORIENTED_EDGE('',*,*,#2086,.F.);
#326=ORIENTED_EDGE('',*,*,#2087,.F.);
#327=ORIENTED_EDGE('',*,*,#2088,.F.);
#328=ORIENTED_EDGE('',*,*,#2089,.T.);
#329=ORIENTED_EDGE('',*,*,#2090,.T.);
#330=ORIENTED_EDGE('',*,*,#2091,.F.);
#331=ORIENTED_EDGE('',*,*,#2092,.F.);
#332=ORIENTED_EDGE('',*,*,#2093,.T.);
#333=ORIENTED_EDGE('',*,*,#2088,.T.);
#334=ORIENTED_EDGE('',*,*,#2094,.F.);
#335=ORIENTED_EDGE('',*,*,#2095,.F.);
#336=ORIENTED_EDGE('',*,*,#2096,.T.);
#337=ORIENTED_EDGE('',*,*,#2092,.T.);
#338=ORIENTED_EDGE('',*,*,#2097,.F.);
#339=ORIENTED_EDGE('',*,*,#2098,.F.);
#340=ORIENTED_EDGE('',*,*,#2099,.T.);
#341=ORIENTED_EDGE('',*,*,#2100,.T.);
#342=ORIENTED_EDGE('',*,*,#2101,.F.);
#343=ORIENTED_EDGE('',*,*,#2102,.F.);
#344=ORIENTED_EDGE('',*,*,#2103,.T.);
#345=ORIENTED_EDGE('',*,*,#2098,.T.);
#346=ORIENTED_EDGE('',*,*,#2104,.F.);
#347=ORIENTED_EDGE('',*,*,#2105,.F.);
#348=ORIENTED_EDGE('',*,*,#2106,.T.);
#349=ORIENTED_EDGE('',*,*,#2102,.T.);
#350=ORIENTED_EDGE('',*,*,#2107,.F.);
#351=ORIENTED_EDGE('',*,*,#2038,.F.);
#352=ORIENTED_EDGE('',*,*,#2108,.T.);
#353=ORIENTED_EDGE('',*,*,#2043,.T.);
#354=ORIENTED_EDGE('',*,*,#2109,.F.);
#355=ORIENTED_EDGE('',*,*,#2048,.F.);
#356=ORIENTED_EDGE('',*,*,#2110,.T.);
#357=ORIENTED_EDGE('',*,*,#2053,.T.);
#358=ORIENTED_EDGE('',*,*,#2111,.F.);
#359=ORIENTED_EDGE('',*,*,#2112,.T.);
#360=ORIENTED_EDGE('',*,*,#1918,.F.);
#361=ORIENTED_EDGE('',*,*,#2113,.T.);
#362=ORIENTED_EDGE('',*,*,#2061,.T.);
#363=ORIENTED_EDGE('',*,*,#2114,.F.);
#364=ORIENTED_EDGE('',*,*,#2115,.F.);
#365=ORIENTED_EDGE('',*,*,#2116,.T.);
#366=ORIENTED_EDGE('',*,*,#1922,.F.);
#367=ORIENTED_EDGE('',*,*,#2117,.T.);
#368=ORIENTED_EDGE('',*,*,#2069,.T.);
#369=ORIENTED_EDGE('',*,*,#2118,.F.);
#370=ORIENTED_EDGE('',*,*,#2119,.F.);
#371=ORIENTED_EDGE('',*,*,#2120,.F.);
#372=ORIENTED_EDGE('',*,*,#2074,.F.);
#373=ORIENTED_EDGE('',*,*,#2121,.T.);
#374=ORIENTED_EDGE('',*,*,#1988,.T.);
#375=ORIENTED_EDGE('',*,*,#2122,.T.);
#376=ORIENTED_EDGE('',*,*,#2123,.F.);
#377=ORIENTED_EDGE('',*,*,#2124,.F.);
#378=ORIENTED_EDGE('',*,*,#2082,.F.);
#379=ORIENTED_EDGE('',*,*,#2125,.T.);
#380=ORIENTED_EDGE('',*,*,#1992,.T.);
#381=ORIENTED_EDGE('',*,*,#2126,.T.);
#382=ORIENTED_EDGE('',*,*,#2127,.F.);
#383=ORIENTED_EDGE('',*,*,#2090,.F.);
#384=ORIENTED_EDGE('',*,*,#2128,.T.);
#385=ORIENTED_EDGE('',*,*,#2095,.T.);
#386=ORIENTED_EDGE('',*,*,#2129,.F.);
#387=ORIENTED_EDGE('',*,*,#2100,.F.);
#388=ORIENTED_EDGE('',*,*,#2130,.T.);
#389=ORIENTED_EDGE('',*,*,#2105,.T.);
#390=ORIENTED_EDGE('',*,*,#2131,.T.);
#391=ORIENTED_EDGE('',*,*,#2132,.F.);
#392=ORIENTED_EDGE('',*,*,#2133,.F.);
#393=ORIENTED_EDGE('',*,*,#2029,.T.);
#394=ORIENTED_EDGE('',*,*,#2099,.F.);
#395=ORIENTED_EDGE('',*,*,#2103,.F.);
#396=ORIENTED_EDGE('',*,*,#2106,.F.);
#397=ORIENTED_EDGE('',*,*,#2130,.F.);
#398=ORIENTED_EDGE('',*,*,#2089,.F.);
#399=ORIENTED_EDGE('',*,*,#2093,.F.);
#400=ORIENTED_EDGE('',*,*,#2096,.F.);
#401=ORIENTED_EDGE('',*,*,#2128,.F.);
#402=ORIENTED_EDGE('',*,*,#2081,.F.);
#403=ORIENTED_EDGE('',*,*,#2085,.F.);
#404=ORIENTED_EDGE('',*,*,#1993,.F.);
#405=ORIENTED_EDGE('',*,*,#2125,.F.);
#406=ORIENTED_EDGE('',*,*,#2073,.F.);
#407=ORIENTED_EDGE('',*,*,#2077,.F.);
#408=ORIENTED_EDGE('',*,*,#1989,.F.);
#409=ORIENTED_EDGE('',*,*,#2121,.F.);
#410=ORIENTED_EDGE('',*,*,#1979,.F.);
#411=ORIENTED_EDGE('',*,*,#1982,.F.);
#412=ORIENTED_EDGE('',*,*,#1985,.F.);
#413=ORIENTED_EDGE('',*,*,#2005,.F.);
#414=ORIENTED_EDGE('',*,*,#1969,.F.);
#415=ORIENTED_EDGE('',*,*,#1972,.F.);
#416=ORIENTED_EDGE('',*,*,#1975,.F.);
#417=ORIENTED_EDGE('',*,*,#2003,.F.);
#418=ORIENTED_EDGE('',*,*,#1959,.F.);
#419=ORIENTED_EDGE('',*,*,#1962,.F.);
#420=ORIENTED_EDGE('',*,*,#1965,.F.);
#421=ORIENTED_EDGE('',*,*,#2001,.F.);
#422=ORIENTED_EDGE('',*,*,#1949,.F.);
#423=ORIENTED_EDGE('',*,*,#1952,.F.);
#424=ORIENTED_EDGE('',*,*,#1955,.F.);
#425=ORIENTED_EDGE('',*,*,#1999,.F.);
#426=ORIENTED_EDGE('',*,*,#1939,.F.);
#427=ORIENTED_EDGE('',*,*,#1942,.F.);
#428=ORIENTED_EDGE('',*,*,#1945,.F.);
#429=ORIENTED_EDGE('',*,*,#1997,.F.);
#430=ORIENTED_EDGE('',*,*,#1929,.F.);
#431=ORIENTED_EDGE('',*,*,#1932,.F.);
#432=ORIENTED_EDGE('',*,*,#1935,.F.);
#433=ORIENTED_EDGE('',*,*,#1995,.F.);
#434=ORIENTED_EDGE('',*,*,#1925,.F.);
#435=ORIENTED_EDGE('',*,*,#2066,.F.);
#436=ORIENTED_EDGE('',*,*,#2070,.F.);
#437=ORIENTED_EDGE('',*,*,#2117,.F.);
#438=ORIENTED_EDGE('',*,*,#1921,.F.);
#439=ORIENTED_EDGE('',*,*,#2058,.F.);
#440=ORIENTED_EDGE('',*,*,#2062,.F.);
#441=ORIENTED_EDGE('',*,*,#2113,.F.);
#442=ORIENTED_EDGE('',*,*,#2047,.F.);
#443=ORIENTED_EDGE('',*,*,#2051,.F.);
#444=ORIENTED_EDGE('',*,*,#2054,.F.);
#445=ORIENTED_EDGE('',*,*,#2110,.F.);
#446=ORIENTED_EDGE('',*,*,#2037,.F.);
#447=ORIENTED_EDGE('',*,*,#2041,.F.);
#448=ORIENTED_EDGE('',*,*,#2044,.F.);
#449=ORIENTED_EDGE('',*,*,#2108,.F.);
#450=ORIENTED_EDGE('',*,*,#2020,.T.);
#451=ORIENTED_EDGE('',*,*,#1908,.T.);
#452=ORIENTED_EDGE('',*,*,#1891,.F.);
#453=ORIENTED_EDGE('',*,*,#2134,.F.);
#454=ORIENTED_EDGE('',*,*,#1887,.F.);
#455=ORIENTED_EDGE('',*,*,#2135,.T.);
#456=ORIENTED_EDGE('',*,*,#1893,.F.);
#457=ORIENTED_EDGE('',*,*,#2022,.T.);
#458=ORIENTED_EDGE('',*,*,#2030,.T.);
#459=ORIENTED_EDGE('',*,*,#2133,.T.);
#460=ORIENTED_EDGE('',*,*,#2136,.F.);
#461=ORIENTED_EDGE('',*,*,#1914,.T.);
#462=ORIENTED_EDGE('',*,*,#2137,.T.);
#463=ORIENTED_EDGE('',*,*,#2078,.T.);
#464=ORIENTED_EDGE('',*,*,#2071,.T.);
#465=ORIENTED_EDGE('',*,*,#2120,.T.);
#466=ORIENTED_EDGE('',*,*,#2138,.T.);
#467=ORIENTED_EDGE('',*,*,#2086,.T.);
#468=ORIENTED_EDGE('',*,*,#2079,.T.);
#469=ORIENTED_EDGE('',*,*,#2124,.T.);
#470=ORIENTED_EDGE('',*,*,#2064,.T.);
#471=ORIENTED_EDGE('',*,*,#2139,.T.);
#472=ORIENTED_EDGE('',*,*,#2118,.T.);
#473=ORIENTED_EDGE('',*,*,#2068,.T.);
#474=ORIENTED_EDGE('',*,*,#2056,.T.);
#475=ORIENTED_EDGE('',*,*,#2140,.T.);
#476=ORIENTED_EDGE('',*,*,#2114,.T.);
#477=ORIENTED_EDGE('',*,*,#2060,.T.);
#478=ORIENTED_EDGE('',*,*,#2012,.F.);
#479=ORIENTED_EDGE('',*,*,#2141,.T.);
#480=ORIENTED_EDGE('',*,*,#1882,.T.);
#481=ORIENTED_EDGE('',*,*,#2142,.T.);
#482=ORIENTED_EDGE('',*,*,#1905,.F.);
#483=ORIENTED_EDGE('',*,*,#2016,.F.);
#484=ORIENTED_EDGE('',*,*,#1912,.F.);
#485=ORIENTED_EDGE('',*,*,#2143,.T.);
#486=ORIENTED_EDGE('',*,*,#2144,.T.);
#487=ORIENTED_EDGE('',*,*,#2145,.T.);
#488=ORIENTED_EDGE('',*,*,#2009,.F.);
#489=ORIENTED_EDGE('',*,*,#2034,.F.);
#490=ORIENTED_EDGE('',*,*,#2045,.T.);
#491=ORIENTED_EDGE('',*,*,#2109,.T.);
#492=ORIENTED_EDGE('',*,*,#2052,.T.);
#493=ORIENTED_EDGE('',*,*,#2049,.T.);
#494=ORIENTED_EDGE('',*,*,#2035,.T.);
#495=ORIENTED_EDGE('',*,*,#2107,.T.);
#496=ORIENTED_EDGE('',*,*,#2042,.T.);
#497=ORIENTED_EDGE('',*,*,#2039,.T.);
#498=ORIENTED_EDGE('',*,*,#2087,.T.);
#499=ORIENTED_EDGE('',*,*,#2127,.T.);
#500=ORIENTED_EDGE('',*,*,#2094,.T.);
#501=ORIENTED_EDGE('',*,*,#2091,.T.);
#502=ORIENTED_EDGE('',*,*,#2097,.T.);
#503=ORIENTED_EDGE('',*,*,#2129,.T.);
#504=ORIENTED_EDGE('',*,*,#2104,.T.);
#505=ORIENTED_EDGE('',*,*,#2101,.T.);
#506=ORIENTED_EDGE('',*,*,#2018,.T.);
#507=ORIENTED_EDGE('',*,*,#2146,.F.);
#508=ORIENTED_EDGE('',*,*,#2032,.F.);
#509=ORIENTED_EDGE('',*,*,#2147,.T.);
#510=ORIENTED_EDGE('',*,*,#2017,.T.);
#511=ORIENTED_EDGE('',*,*,#1903,.F.);
#512=ORIENTED_EDGE('',*,*,#2148,.T.);
#513=ORIENTED_EDGE('',*,*,#2010,.F.);
#514=ORIENTED_EDGE('',*,*,#2033,.F.);
#515=ORIENTED_EDGE('',*,*,#2146,.T.);
#516=ORIENTED_EDGE('',*,*,#2019,.T.);
#517=ORIENTED_EDGE('',*,*,#2147,.F.);
#518=ORIENTED_EDGE('',*,*,#2031,.F.);
#519=ORIENTED_EDGE('',*,*,#2024,.T.);
#520=ORIENTED_EDGE('',*,*,#2149,.T.);
#521=ORIENTED_EDGE('',*,*,#1906,.T.);
#522=ORIENTED_EDGE('',*,*,#2015,.T.);
#523=ORIENTED_EDGE('',*,*,#2150,.F.);
#524=ORIENTED_EDGE('',*,*,#2026,.F.);
#525=ORIENTED_EDGE('',*,*,#2007,.T.);
#526=ORIENTED_EDGE('',*,*,#2151,.T.);
#527=ORIENTED_EDGE('',*,*,#1910,.T.);
#528=ORIENTED_EDGE('',*,*,#2014,.T.);
#529=ORIENTED_EDGE('',*,*,#2152,.F.);
#530=ORIENTED_EDGE('',*,*,#2027,.F.);
#531=ORIENTED_EDGE('',*,*,#2150,.T.);
#532=ORIENTED_EDGE('',*,*,#2021,.T.);
#533=ORIENTED_EDGE('',*,*,#1916,.F.);
#534=ORIENTED_EDGE('',*,*,#2153,.T.);
#535=ORIENTED_EDGE('',*,*,#2131,.F.);
#536=ORIENTED_EDGE('',*,*,#2028,.F.);
#537=ORIENTED_EDGE('',*,*,#2152,.T.);
#538=ORIENTED_EDGE('',*,*,#2084,.F.);
#539=ORIENTED_EDGE('',*,*,#2154,.F.);
#540=ORIENTED_EDGE('',*,*,#2126,.F.);
#541=ORIENTED_EDGE('',*,*,#1991,.F.);
#542=ORIENTED_EDGE('',*,*,#2154,.T.);
#543=ORIENTED_EDGE('',*,*,#2083,.T.);
#544=ORIENTED_EDGE('',*,*,#2138,.F.);
#545=ORIENTED_EDGE('',*,*,#2123,.T.);
#546=ORIENTED_EDGE('',*,*,#2076,.F.);
#547=ORIENTED_EDGE('',*,*,#2155,.F.);
#548=ORIENTED_EDGE('',*,*,#2122,.F.);
#549=ORIENTED_EDGE('',*,*,#1987,.F.);
#550=ORIENTED_EDGE('',*,*,#2155,.T.);
#551=ORIENTED_EDGE('',*,*,#2075,.T.);
#552=ORIENTED_EDGE('',*,*,#2137,.F.);
#553=ORIENTED_EDGE('',*,*,#2119,.T.);
#554=ORIENTED_EDGE('',*,*,#1977,.F.);
#555=ORIENTED_EDGE('',*,*,#2004,.F.);
#556=ORIENTED_EDGE('',*,*,#1983,.F.);
#557=ORIENTED_EDGE('',*,*,#1980,.F.);
#558=ORIENTED_EDGE('',*,*,#1967,.F.);
#559=ORIENTED_EDGE('',*,*,#2002,.F.);
#560=ORIENTED_EDGE('',*,*,#1973,.F.);
#561=ORIENTED_EDGE('',*,*,#1970,.F.);
#562=ORIENTED_EDGE('',*,*,#1957,.F.);
#563=ORIENTED_EDGE('',*,*,#2000,.F.);
#564=ORIENTED_EDGE('',*,*,#1963,.F.);
#565=ORIENTED_EDGE('',*,*,#1960,.F.);
#566=ORIENTED_EDGE('',*,*,#1947,.F.);
#567=ORIENTED_EDGE('',*,*,#1998,.F.);
#568=ORIENTED_EDGE('',*,*,#1953,.F.);
#569=ORIENTED_EDGE('',*,*,#1950,.F.);
#570=ORIENTED_EDGE('',*,*,#1937,.F.);
#571=ORIENTED_EDGE('',*,*,#1996,.F.);
#572=ORIENTED_EDGE('',*,*,#1943,.F.);
#573=ORIENTED_EDGE('',*,*,#1940,.F.);
#574=ORIENTED_EDGE('',*,*,#1927,.F.);
#575=ORIENTED_EDGE('',*,*,#1994,.F.);
#576=ORIENTED_EDGE('',*,*,#1933,.F.);
#577=ORIENTED_EDGE('',*,*,#1930,.F.);
#578=ORIENTED_EDGE('',*,*,#2067,.F.);
#579=ORIENTED_EDGE('',*,*,#1923,.F.);
#580=ORIENTED_EDGE('',*,*,#2116,.F.);
#581=ORIENTED_EDGE('',*,*,#2156,.F.);
#582=ORIENTED_EDGE('',*,*,#2139,.F.);
#583=ORIENTED_EDGE('',*,*,#2063,.T.);
#584=ORIENTED_EDGE('',*,*,#2156,.T.);
#585=ORIENTED_EDGE('',*,*,#2115,.T.);
#586=ORIENTED_EDGE('',*,*,#2059,.F.);
#587=ORIENTED_EDGE('',*,*,#1919,.F.);
#588=ORIENTED_EDGE('',*,*,#2112,.F.);
#589=ORIENTED_EDGE('',*,*,#2157,.F.);
#590=ORIENTED_EDGE('',*,*,#2140,.F.);
#591=ORIENTED_EDGE('',*,*,#2055,.T.);
#592=ORIENTED_EDGE('',*,*,#2157,.T.);
#593=ORIENTED_EDGE('',*,*,#2111,.T.);
#594=ORIENTED_EDGE('',*,*,#2011,.F.);
#595=ORIENTED_EDGE('',*,*,#2158,.F.);
#596=ORIENTED_EDGE('',*,*,#2023,.F.);
#597=ORIENTED_EDGE('',*,*,#1897,.F.);
#598=ORIENTED_EDGE('',*,*,#1901,.T.);
#599=ORIENTED_EDGE('',*,*,#1883,.T.);
#600=ORIENTED_EDGE('',*,*,#2141,.F.);
#601=ORIENTED_EDGE('',*,*,#1902,.F.);
#602=ORIENTED_EDGE('',*,*,#2142,.F.);
#603=ORIENTED_EDGE('',*,*,#1881,.F.);
#604=ORIENTED_EDGE('',*,*,#1899,.T.);
#605=ORIENTED_EDGE('',*,*,#1892,.T.);
#606=ORIENTED_EDGE('',*,*,#1907,.T.);
#607=ORIENTED_EDGE('',*,*,#2159,.T.);
#608=ORIENTED_EDGE('',*,*,#1911,.F.);
#609=ORIENTED_EDGE('',*,*,#2160,.F.);
#610=ORIENTED_EDGE('',*,*,#1915,.F.);
#611=ORIENTED_EDGE('',*,*,#2161,.F.);
#612=ORIENTED_EDGE('',*,*,#2162,.T.);
#613=ORIENTED_EDGE('',*,*,#2163,.T.);
#614=ORIENTED_EDGE('',*,*,#2143,.F.);
#615=ORIENTED_EDGE('',*,*,#2006,.F.);
#616=ORIENTED_EDGE('',*,*,#2145,.F.);
#617=ORIENTED_EDGE('',*,*,#2164,.F.);
#618=ORIENTED_EDGE('',*,*,#2165,.T.);
#619=ORIENTED_EDGE('',*,*,#2166,.T.);
#620=ORIENTED_EDGE('',*,*,#2132,.T.);
#621=ORIENTED_EDGE('',*,*,#2167,.T.);
#622=ORIENTED_EDGE('',*,*,#2144,.F.);
#623=ORIENTED_EDGE('',*,*,#2163,.F.);
#624=ORIENTED_EDGE('',*,*,#2168,.T.);
#625=ORIENTED_EDGE('',*,*,#2164,.T.);
#626=ORIENTED_EDGE('',*,*,#2151,.F.);
#627=ORIENTED_EDGE('',*,*,#2167,.F.);
#628=ORIENTED_EDGE('',*,*,#2153,.F.);
#629=ORIENTED_EDGE('',*,*,#2160,.T.);
#630=ORIENTED_EDGE('',*,*,#2161,.T.);
#631=ORIENTED_EDGE('',*,*,#2136,.T.);
#632=ORIENTED_EDGE('',*,*,#2166,.F.);
#633=ORIENTED_EDGE('',*,*,#2169,.T.);
#634=ORIENTED_EDGE('',*,*,#2169,.F.);
#635=ORIENTED_EDGE('',*,*,#2165,.F.);
#636=ORIENTED_EDGE('',*,*,#2168,.F.);
#637=ORIENTED_EDGE('',*,*,#2162,.F.);
#638=ORIENTED_EDGE('',*,*,#2148,.F.);
#639=ORIENTED_EDGE('',*,*,#2159,.F.);
#640=ORIENTED_EDGE('',*,*,#2149,.F.);
#641=ORIENTED_EDGE('',*,*,#2158,.T.);
#642=ORIENTED_EDGE('',*,*,#2170,.T.);
#643=ORIENTED_EDGE('',*,*,#1889,.F.);
#644=ORIENTED_EDGE('',*,*,#1898,.T.);
#645=ORIENTED_EDGE('',*,*,#1879,.F.);
#646=ORIENTED_EDGE('',*,*,#2134,.T.);
#647=ORIENTED_EDGE('',*,*,#1890,.F.);
#648=ORIENTED_EDGE('',*,*,#2170,.F.);
#649=ORIENTED_EDGE('',*,*,#1878,.F.);
#650=ORIENTED_EDGE('',*,*,#2171,.T.);
#651=ORIENTED_EDGE('',*,*,#1894,.F.);
#652=ORIENTED_EDGE('',*,*,#2135,.F.);
#653=ORIENTED_EDGE('',*,*,#1886,.F.);
#654=ORIENTED_EDGE('',*,*,#1900,.T.);
#655=ORIENTED_EDGE('',*,*,#1895,.F.);
#656=ORIENTED_EDGE('',*,*,#2171,.F.);
#657=ORIENTED_EDGE('',*,*,#1885,.F.);
#658=ORIENTED_EDGE('',*,*,#2172,.F.);
#659=ORIENTED_EDGE('',*,*,#2173,.T.);
#660=ORIENTED_EDGE('',*,*,#2174,.F.);
#661=ORIENTED_EDGE('',*,*,#2175,.F.);
#662=ORIENTED_EDGE('',*,*,#2176,.F.);
#663=ORIENTED_EDGE('',*,*,#2177,.F.);
#664=ORIENTED_EDGE('',*,*,#2178,.F.);
#665=ORIENTED_EDGE('',*,*,#2179,.T.);
#666=ORIENTED_EDGE('',*,*,#2180,.F.);
#667=ORIENTED_EDGE('',*,*,#2181,.F.);
#668=ORIENTED_EDGE('',*,*,#2182,.F.);
#669=ORIENTED_EDGE('',*,*,#2183,.T.);
#670=ORIENTED_EDGE('',*,*,#2184,.F.);
#671=ORIENTED_EDGE('',*,*,#2185,.F.);
#672=ORIENTED_EDGE('',*,*,#2186,.F.);
#673=ORIENTED_EDGE('',*,*,#2187,.T.);
#674=ORIENTED_EDGE('',*,*,#2188,.F.);
#675=ORIENTED_EDGE('',*,*,#2189,.F.);
#676=ORIENTED_EDGE('',*,*,#2190,.F.);
#677=ORIENTED_EDGE('',*,*,#2191,.T.);
#678=ORIENTED_EDGE('',*,*,#2192,.F.);
#679=ORIENTED_EDGE('',*,*,#2193,.F.);
#680=ORIENTED_EDGE('',*,*,#2194,.F.);
#681=ORIENTED_EDGE('',*,*,#2195,.T.);
#682=ORIENTED_EDGE('',*,*,#2196,.F.);
#683=ORIENTED_EDGE('',*,*,#2197,.T.);
#684=ORIENTED_EDGE('',*,*,#2198,.F.);
#685=ORIENTED_EDGE('',*,*,#2199,.F.);
#686=ORIENTED_EDGE('',*,*,#2200,.F.);
#687=ORIENTED_EDGE('',*,*,#2201,.F.);
#688=ORIENTED_EDGE('',*,*,#2202,.F.);
#689=ORIENTED_EDGE('',*,*,#2203,.T.);
#690=ORIENTED_EDGE('',*,*,#2204,.F.);
#691=ORIENTED_EDGE('',*,*,#2205,.F.);
#692=ORIENTED_EDGE('',*,*,#2206,.F.);
#693=ORIENTED_EDGE('',*,*,#2207,.T.);
#694=ORIENTED_EDGE('',*,*,#2208,.F.);
#695=ORIENTED_EDGE('',*,*,#2209,.F.);
#696=ORIENTED_EDGE('',*,*,#2210,.F.);
#697=ORIENTED_EDGE('',*,*,#2211,.T.);
#698=ORIENTED_EDGE('',*,*,#2212,.F.);
#699=ORIENTED_EDGE('',*,*,#2213,.F.);
#700=ORIENTED_EDGE('',*,*,#2214,.F.);
#701=ORIENTED_EDGE('',*,*,#2215,.T.);
#702=ORIENTED_EDGE('',*,*,#2216,.F.);
#703=ORIENTED_EDGE('',*,*,#2217,.F.);
#704=ORIENTED_EDGE('',*,*,#2218,.F.);
#705=ORIENTED_EDGE('',*,*,#2219,.T.);
#706=ORIENTED_EDGE('',*,*,#2220,.F.);
#707=ORIENTED_EDGE('',*,*,#2197,.F.);
#708=ORIENTED_EDGE('',*,*,#2221,.F.);
#709=ORIENTED_EDGE('',*,*,#2222,.T.);
#710=ORIENTED_EDGE('',*,*,#2223,.F.);
#711=ORIENTED_EDGE('',*,*,#2203,.F.);
#712=ORIENTED_EDGE('',*,*,#2224,.F.);
#713=ORIENTED_EDGE('',*,*,#2225,.T.);
#714=ORIENTED_EDGE('',*,*,#2226,.F.);
#715=ORIENTED_EDGE('',*,*,#2207,.F.);
#716=ORIENTED_EDGE('',*,*,#2227,.F.);
#717=ORIENTED_EDGE('',*,*,#2228,.T.);
#718=ORIENTED_EDGE('',*,*,#2229,.F.);
#719=ORIENTED_EDGE('',*,*,#2211,.F.);
#720=ORIENTED_EDGE('',*,*,#2230,.F.);
#721=ORIENTED_EDGE('',*,*,#2231,.T.);
#722=ORIENTED_EDGE('',*,*,#2232,.F.);
#723=ORIENTED_EDGE('',*,*,#2215,.F.);
#724=ORIENTED_EDGE('',*,*,#2233,.F.);
#725=ORIENTED_EDGE('',*,*,#2234,.T.);
#726=ORIENTED_EDGE('',*,*,#2235,.F.);
#727=ORIENTED_EDGE('',*,*,#2219,.F.);
#728=ORIENTED_EDGE('',*,*,#2236,.F.);
#729=ORIENTED_EDGE('',*,*,#2237,.T.);
#730=ORIENTED_EDGE('',*,*,#2238,.F.);
#731=ORIENTED_EDGE('',*,*,#2222,.F.);
#732=ORIENTED_EDGE('',*,*,#2239,.T.);
#733=ORIENTED_EDGE('',*,*,#2240,.T.);
#734=ORIENTED_EDGE('',*,*,#2241,.F.);
#735=ORIENTED_EDGE('',*,*,#2225,.F.);
#736=ORIENTED_EDGE('',*,*,#2242,.T.);
#737=ORIENTED_EDGE('',*,*,#2243,.T.);
#738=ORIENTED_EDGE('',*,*,#2244,.F.);
#739=ORIENTED_EDGE('',*,*,#2228,.F.);
#740=ORIENTED_EDGE('',*,*,#2245,.T.);
#741=ORIENTED_EDGE('',*,*,#2246,.T.);
#742=ORIENTED_EDGE('',*,*,#2247,.F.);
#743=ORIENTED_EDGE('',*,*,#2231,.F.);
#744=ORIENTED_EDGE('',*,*,#2248,.T.);
#745=ORIENTED_EDGE('',*,*,#2249,.T.);
#746=ORIENTED_EDGE('',*,*,#2250,.F.);
#747=ORIENTED_EDGE('',*,*,#2234,.F.);
#748=ORIENTED_EDGE('',*,*,#2251,.T.);
#749=ORIENTED_EDGE('',*,*,#2252,.T.);
#750=ORIENTED_EDGE('',*,*,#2253,.F.);
#751=ORIENTED_EDGE('',*,*,#2237,.F.);
#752=ORIENTED_EDGE('',*,*,#2254,.T.);
#753=ORIENTED_EDGE('',*,*,#2255,.T.);
#754=ORIENTED_EDGE('',*,*,#2256,.F.);
#755=ORIENTED_EDGE('',*,*,#2240,.F.);
#756=ORIENTED_EDGE('',*,*,#2257,.F.);
#757=ORIENTED_EDGE('',*,*,#2258,.T.);
#758=ORIENTED_EDGE('',*,*,#2259,.F.);
#759=ORIENTED_EDGE('',*,*,#2243,.F.);
#760=ORIENTED_EDGE('',*,*,#2260,.F.);
#761=ORIENTED_EDGE('',*,*,#2261,.T.);
#762=ORIENTED_EDGE('',*,*,#2262,.F.);
#763=ORIENTED_EDGE('',*,*,#2246,.F.);
#764=ORIENTED_EDGE('',*,*,#2263,.F.);
#765=ORIENTED_EDGE('',*,*,#2264,.T.);
#766=ORIENTED_EDGE('',*,*,#2265,.F.);
#767=ORIENTED_EDGE('',*,*,#2249,.F.);
#768=ORIENTED_EDGE('',*,*,#2266,.F.);
#769=ORIENTED_EDGE('',*,*,#2267,.T.);
#770=ORIENTED_EDGE('',*,*,#2268,.F.);
#771=ORIENTED_EDGE('',*,*,#2252,.F.);
#772=ORIENTED_EDGE('',*,*,#2269,.F.);
#773=ORIENTED_EDGE('',*,*,#2270,.T.);
#774=ORIENTED_EDGE('',*,*,#2271,.F.);
#775=ORIENTED_EDGE('',*,*,#2255,.F.);
#776=ORIENTED_EDGE('',*,*,#2272,.F.);
#777=ORIENTED_EDGE('',*,*,#2273,.T.);
#778=ORIENTED_EDGE('',*,*,#2274,.F.);
#779=ORIENTED_EDGE('',*,*,#2275,.T.);
#780=ORIENTED_EDGE('',*,*,#2276,.F.);
#781=ORIENTED_EDGE('',*,*,#2258,.F.);
#782=ORIENTED_EDGE('',*,*,#2277,.F.);
#783=ORIENTED_EDGE('',*,*,#2261,.F.);
#784=ORIENTED_EDGE('',*,*,#2278,.F.);
#785=ORIENTED_EDGE('',*,*,#2279,.T.);
#786=ORIENTED_EDGE('',*,*,#2280,.F.);
#787=ORIENTED_EDGE('',*,*,#2264,.F.);
#788=ORIENTED_EDGE('',*,*,#2281,.F.);
#789=ORIENTED_EDGE('',*,*,#2282,.T.);
#790=ORIENTED_EDGE('',*,*,#2283,.F.);
#791=ORIENTED_EDGE('',*,*,#2267,.F.);
#792=ORIENTED_EDGE('',*,*,#2284,.F.);
#793=ORIENTED_EDGE('',*,*,#2285,.T.);
#794=ORIENTED_EDGE('',*,*,#2286,.F.);
#795=ORIENTED_EDGE('',*,*,#2270,.F.);
#796=ORIENTED_EDGE('',*,*,#2287,.F.);
#797=ORIENTED_EDGE('',*,*,#2288,.T.);
#798=ORIENTED_EDGE('',*,*,#2289,.F.);
#799=ORIENTED_EDGE('',*,*,#2273,.F.);
#800=ORIENTED_EDGE('',*,*,#2290,.F.);
#801=ORIENTED_EDGE('',*,*,#2291,.T.);
#802=ORIENTED_EDGE('',*,*,#2292,.F.);
#803=ORIENTED_EDGE('',*,*,#2293,.T.);
#804=ORIENTED_EDGE('',*,*,#2294,.F.);
#805=ORIENTED_EDGE('',*,*,#2295,.F.);
#806=ORIENTED_EDGE('',*,*,#2296,.F.);
#807=ORIENTED_EDGE('',*,*,#2297,.F.);
#808=ORIENTED_EDGE('',*,*,#2298,.F.);
#809=ORIENTED_EDGE('',*,*,#2299,.T.);
#810=ORIENTED_EDGE('',*,*,#2300,.F.);
#811=ORIENTED_EDGE('',*,*,#2301,.F.);
#812=ORIENTED_EDGE('',*,*,#2302,.F.);
#813=ORIENTED_EDGE('',*,*,#2303,.T.);
#814=ORIENTED_EDGE('',*,*,#2304,.F.);
#815=ORIENTED_EDGE('',*,*,#2305,.F.);
#816=ORIENTED_EDGE('',*,*,#2306,.F.);
#817=ORIENTED_EDGE('',*,*,#2307,.T.);
#818=ORIENTED_EDGE('',*,*,#2308,.F.);
#819=ORIENTED_EDGE('',*,*,#2309,.F.);
#820=ORIENTED_EDGE('',*,*,#2310,.F.);
#821=ORIENTED_EDGE('',*,*,#2311,.T.);
#822=ORIENTED_EDGE('',*,*,#2312,.F.);
#823=ORIENTED_EDGE('',*,*,#2313,.F.);
#824=ORIENTED_EDGE('',*,*,#2314,.F.);
#825=ORIENTED_EDGE('',*,*,#2315,.T.);
#826=ORIENTED_EDGE('',*,*,#2316,.F.);
#827=ORIENTED_EDGE('',*,*,#2293,.F.);
#828=ORIENTED_EDGE('',*,*,#2317,.F.);
#829=ORIENTED_EDGE('',*,*,#2318,.T.);
#830=ORIENTED_EDGE('',*,*,#2319,.F.);
#831=ORIENTED_EDGE('',*,*,#2299,.F.);
#832=ORIENTED_EDGE('',*,*,#2320,.F.);
#833=ORIENTED_EDGE('',*,*,#2321,.T.);
#834=ORIENTED_EDGE('',*,*,#2322,.F.);
#835=ORIENTED_EDGE('',*,*,#2303,.F.);
#836=ORIENTED_EDGE('',*,*,#2323,.F.);
#837=ORIENTED_EDGE('',*,*,#2324,.T.);
#838=ORIENTED_EDGE('',*,*,#2325,.F.);
#839=ORIENTED_EDGE('',*,*,#2307,.F.);
#840=ORIENTED_EDGE('',*,*,#2326,.F.);
#841=ORIENTED_EDGE('',*,*,#2327,.T.);
#842=ORIENTED_EDGE('',*,*,#2328,.F.);
#843=ORIENTED_EDGE('',*,*,#2311,.F.);
#844=ORIENTED_EDGE('',*,*,#2329,.F.);
#845=ORIENTED_EDGE('',*,*,#2330,.T.);
#846=ORIENTED_EDGE('',*,*,#2331,.F.);
#847=ORIENTED_EDGE('',*,*,#2315,.F.);
#848=ORIENTED_EDGE('',*,*,#2332,.F.);
#849=ORIENTED_EDGE('',*,*,#2333,.T.);
#850=ORIENTED_EDGE('',*,*,#2334,.F.);
#851=ORIENTED_EDGE('',*,*,#2318,.F.);
#852=ORIENTED_EDGE('',*,*,#2335,.T.);
#853=ORIENTED_EDGE('',*,*,#2336,.T.);
#854=ORIENTED_EDGE('',*,*,#2337,.F.);
#855=ORIENTED_EDGE('',*,*,#2321,.F.);
#856=ORIENTED_EDGE('',*,*,#2338,.T.);
#857=ORIENTED_EDGE('',*,*,#2339,.T.);
#858=ORIENTED_EDGE('',*,*,#2340,.F.);
#859=ORIENTED_EDGE('',*,*,#2324,.F.);
#860=ORIENTED_EDGE('',*,*,#2341,.T.);
#861=ORIENTED_EDGE('',*,*,#2342,.T.);
#862=ORIENTED_EDGE('',*,*,#2343,.F.);
#863=ORIENTED_EDGE('',*,*,#2327,.F.);
#864=ORIENTED_EDGE('',*,*,#2344,.T.);
#865=ORIENTED_EDGE('',*,*,#2345,.T.);
#866=ORIENTED_EDGE('',*,*,#2346,.F.);
#867=ORIENTED_EDGE('',*,*,#2330,.F.);
#868=ORIENTED_EDGE('',*,*,#2347,.T.);
#869=ORIENTED_EDGE('',*,*,#2348,.T.);
#870=ORIENTED_EDGE('',*,*,#2349,.F.);
#871=ORIENTED_EDGE('',*,*,#2333,.F.);
#872=ORIENTED_EDGE('',*,*,#2350,.T.);
#873=ORIENTED_EDGE('',*,*,#2351,.T.);
#874=ORIENTED_EDGE('',*,*,#2352,.F.);
#875=ORIENTED_EDGE('',*,*,#2336,.F.);
#876=ORIENTED_EDGE('',*,*,#2353,.F.);
#877=ORIENTED_EDGE('',*,*,#2175,.T.);
#878=ORIENTED_EDGE('',*,*,#2354,.F.);
#879=ORIENTED_EDGE('',*,*,#2339,.F.);
#880=ORIENTED_EDGE('',*,*,#2355,.F.);
#881=ORIENTED_EDGE('',*,*,#2177,.T.);
#882=ORIENTED_EDGE('',*,*,#2356,.F.);
#883=ORIENTED_EDGE('',*,*,#2342,.F.);
#884=ORIENTED_EDGE('',*,*,#2357,.F.);
#885=ORIENTED_EDGE('',*,*,#2181,.T.);
#886=ORIENTED_EDGE('',*,*,#2358,.F.);
#887=ORIENTED_EDGE('',*,*,#2345,.F.);
#888=ORIENTED_EDGE('',*,*,#2359,.F.);
#889=ORIENTED_EDGE('',*,*,#2185,.T.);
#890=ORIENTED_EDGE('',*,*,#2360,.F.);
#891=ORIENTED_EDGE('',*,*,#2348,.F.);
#892=ORIENTED_EDGE('',*,*,#2361,.F.);
#893=ORIENTED_EDGE('',*,*,#2189,.T.);
#894=ORIENTED_EDGE('',*,*,#2362,.F.);
#895=ORIENTED_EDGE('',*,*,#2351,.F.);
#896=ORIENTED_EDGE('',*,*,#2363,.F.);
#897=ORIENTED_EDGE('',*,*,#2193,.T.);
#898=ORIENTED_EDGE('',*,*,#2364,.F.);
#899=ORIENTED_EDGE('',*,*,#2365,.F.);
#900=ORIENTED_EDGE('',*,*,#2366,.T.);
#901=ORIENTED_EDGE('',*,*,#2367,.T.);
#902=ORIENTED_EDGE('',*,*,#2368,.F.);
#903=ORIENTED_EDGE('',*,*,#2369,.F.);
#904=ORIENTED_EDGE('',*,*,#2370,.F.);
#905=ORIENTED_EDGE('',*,*,#2179,.F.);
#906=ORIENTED_EDGE('',*,*,#2371,.F.);
#907=ORIENTED_EDGE('',*,*,#2372,.F.);
#908=ORIENTED_EDGE('',*,*,#2373,.F.);
#909=ORIENTED_EDGE('',*,*,#2183,.F.);
#910=ORIENTED_EDGE('',*,*,#2374,.F.);
#911=ORIENTED_EDGE('',*,*,#2375,.F.);
#912=ORIENTED_EDGE('',*,*,#2376,.F.);
#913=ORIENTED_EDGE('',*,*,#2187,.F.);
#914=ORIENTED_EDGE('',*,*,#2377,.F.);
#915=ORIENTED_EDGE('',*,*,#2378,.F.);
#916=ORIENTED_EDGE('',*,*,#2379,.F.);
#917=ORIENTED_EDGE('',*,*,#2191,.F.);
#918=ORIENTED_EDGE('',*,*,#2380,.F.);
#919=ORIENTED_EDGE('',*,*,#2381,.F.);
#920=ORIENTED_EDGE('',*,*,#2382,.F.);
#921=ORIENTED_EDGE('',*,*,#2195,.F.);
#922=ORIENTED_EDGE('',*,*,#2383,.F.);
#923=ORIENTED_EDGE('',*,*,#2384,.F.);
#924=ORIENTED_EDGE('',*,*,#2385,.F.);
#925=ORIENTED_EDGE('',*,*,#2367,.F.);
#926=ORIENTED_EDGE('',*,*,#2386,.T.);
#927=ORIENTED_EDGE('',*,*,#2387,.T.);
#928=ORIENTED_EDGE('',*,*,#2388,.F.);
#929=ORIENTED_EDGE('',*,*,#2173,.F.);
#930=ORIENTED_EDGE('',*,*,#2389,.F.);
#931=ORIENTED_EDGE('',*,*,#2199,.T.);
#932=ORIENTED_EDGE('',*,*,#2390,.F.);
#933=ORIENTED_EDGE('',*,*,#2387,.F.);
#934=ORIENTED_EDGE('',*,*,#2391,.T.);
#935=ORIENTED_EDGE('',*,*,#2392,.T.);
#936=ORIENTED_EDGE('',*,*,#2393,.F.);
#937=ORIENTED_EDGE('',*,*,#2394,.F.);
#938=ORIENTED_EDGE('',*,*,#2395,.F.);
#939=ORIENTED_EDGE('',*,*,#2217,.T.);
#940=ORIENTED_EDGE('',*,*,#2396,.F.);
#941=ORIENTED_EDGE('',*,*,#2397,.F.);
#942=ORIENTED_EDGE('',*,*,#2398,.F.);
#943=ORIENTED_EDGE('',*,*,#2213,.T.);
#944=ORIENTED_EDGE('',*,*,#2399,.F.);
#945=ORIENTED_EDGE('',*,*,#2400,.F.);
#946=ORIENTED_EDGE('',*,*,#2401,.F.);
#947=ORIENTED_EDGE('',*,*,#2209,.T.);
#948=ORIENTED_EDGE('',*,*,#2402,.F.);
#949=ORIENTED_EDGE('',*,*,#2403,.F.);
#950=ORIENTED_EDGE('',*,*,#2404,.F.);
#951=ORIENTED_EDGE('',*,*,#2205,.T.);
#952=ORIENTED_EDGE('',*,*,#2405,.F.);
#953=ORIENTED_EDGE('',*,*,#2406,.F.);
#954=ORIENTED_EDGE('',*,*,#2407,.F.);
#955=ORIENTED_EDGE('',*,*,#2201,.T.);
#956=ORIENTED_EDGE('',*,*,#2408,.F.);
#957=ORIENTED_EDGE('',*,*,#2409,.F.);
#958=ORIENTED_EDGE('',*,*,#2410,.F.);
#959=ORIENTED_EDGE('',*,*,#2392,.F.);
#960=ORIENTED_EDGE('',*,*,#2411,.T.);
#961=ORIENTED_EDGE('',*,*,#2412,.T.);
#962=ORIENTED_EDGE('',*,*,#2413,.F.);
#963=ORIENTED_EDGE('',*,*,#2412,.F.);
#964=ORIENTED_EDGE('',*,*,#2414,.F.);
#965=ORIENTED_EDGE('',*,*,#2415,.T.);
#966=ORIENTED_EDGE('',*,*,#2416,.F.);
#967=ORIENTED_EDGE('',*,*,#2415,.F.);
#968=ORIENTED_EDGE('',*,*,#2417,.T.);
#969=ORIENTED_EDGE('',*,*,#2418,.T.);
#970=ORIENTED_EDGE('',*,*,#2419,.F.);
#971=ORIENTED_EDGE('',*,*,#2418,.F.);
#972=ORIENTED_EDGE('',*,*,#2420,.F.);
#973=ORIENTED_EDGE('',*,*,#2421,.T.);
#974=ORIENTED_EDGE('',*,*,#2422,.F.);
#975=ORIENTED_EDGE('',*,*,#2421,.F.);
#976=ORIENTED_EDGE('',*,*,#2423,.T.);
#977=ORIENTED_EDGE('',*,*,#2424,.T.);
#978=ORIENTED_EDGE('',*,*,#2425,.T.);
#979=ORIENTED_EDGE('',*,*,#2426,.T.);
#980=ORIENTED_EDGE('',*,*,#2384,.T.);
#981=ORIENTED_EDGE('',*,*,#2427,.F.);
#982=ORIENTED_EDGE('',*,*,#2313,.T.);
#983=ORIENTED_EDGE('',*,*,#2428,.T.);
#984=ORIENTED_EDGE('',*,*,#2381,.T.);
#985=ORIENTED_EDGE('',*,*,#2429,.F.);
#986=ORIENTED_EDGE('',*,*,#2309,.T.);
#987=ORIENTED_EDGE('',*,*,#2430,.T.);
#988=ORIENTED_EDGE('',*,*,#2378,.T.);
#989=ORIENTED_EDGE('',*,*,#2431,.F.);
#990=ORIENTED_EDGE('',*,*,#2305,.T.);
#991=ORIENTED_EDGE('',*,*,#2432,.T.);
#992=ORIENTED_EDGE('',*,*,#2375,.T.);
#993=ORIENTED_EDGE('',*,*,#2433,.F.);
#994=ORIENTED_EDGE('',*,*,#2301,.T.);
#995=ORIENTED_EDGE('',*,*,#2434,.T.);
#996=ORIENTED_EDGE('',*,*,#2372,.T.);
#997=ORIENTED_EDGE('',*,*,#2435,.F.);
#998=ORIENTED_EDGE('',*,*,#2297,.T.);
#999=ORIENTED_EDGE('',*,*,#2436,.T.);
#1000=ORIENTED_EDGE('',*,*,#2369,.T.);
#1001=ORIENTED_EDGE('',*,*,#2437,.F.);
#1002=ORIENTED_EDGE('',*,*,#2295,.T.);
#1003=ORIENTED_EDGE('',*,*,#2438,.F.);
#1004=ORIENTED_EDGE('',*,*,#2275,.F.);
#1005=ORIENTED_EDGE('',*,*,#2439,.F.);
#1006=ORIENTED_EDGE('',*,*,#2409,.T.);
#1007=ORIENTED_EDGE('',*,*,#2440,.T.);
#1008=ORIENTED_EDGE('',*,*,#2279,.F.);
#1009=ORIENTED_EDGE('',*,*,#2441,.F.);
#1010=ORIENTED_EDGE('',*,*,#2406,.T.);
#1011=ORIENTED_EDGE('',*,*,#2442,.T.);
#1012=ORIENTED_EDGE('',*,*,#2282,.F.);
#1013=ORIENTED_EDGE('',*,*,#2443,.F.);
#1014=ORIENTED_EDGE('',*,*,#2403,.T.);
#1015=ORIENTED_EDGE('',*,*,#2444,.T.);
#1016=ORIENTED_EDGE('',*,*,#2285,.F.);
#1017=ORIENTED_EDGE('',*,*,#2445,.F.);
#1018=ORIENTED_EDGE('',*,*,#2400,.T.);
#1019=ORIENTED_EDGE('',*,*,#2446,.T.);
#1020=ORIENTED_EDGE('',*,*,#2288,.F.);
#1021=ORIENTED_EDGE('',*,*,#2447,.F.);
#1022=ORIENTED_EDGE('',*,*,#2397,.T.);
#1023=ORIENTED_EDGE('',*,*,#2448,.T.);
#1024=ORIENTED_EDGE('',*,*,#2291,.F.);
#1025=ORIENTED_EDGE('',*,*,#2449,.F.);
#1026=ORIENTED_EDGE('',*,*,#2394,.T.);
#1027=ORIENTED_EDGE('',*,*,#2450,.T.);
#1028=ORIENTED_EDGE('',*,*,#2424,.F.);
#1029=ORIENTED_EDGE('',*,*,#2451,.T.);
#1030=ORIENTED_EDGE('',*,*,#2452,.F.);
#1031=ORIENTED_EDGE('',*,*,#2425,.F.);
#1032=ORIENTED_EDGE('',*,*,#2453,.T.);
#1033=ORIENTED_EDGE('',*,*,#2454,.T.);
#1034=ORIENTED_EDGE('',*,*,#2455,.F.);
#1035=ORIENTED_EDGE('',*,*,#2454,.F.);
#1036=ORIENTED_EDGE('',*,*,#2456,.F.);
#1037=ORIENTED_EDGE('',*,*,#2457,.T.);
#1038=ORIENTED_EDGE('',*,*,#2458,.F.);
#1039=ORIENTED_EDGE('',*,*,#2457,.F.);
#1040=ORIENTED_EDGE('',*,*,#2459,.T.);
#1041=ORIENTED_EDGE('',*,*,#2460,.T.);
#1042=ORIENTED_EDGE('',*,*,#2461,.F.);
#1043=ORIENTED_EDGE('',*,*,#2460,.F.);
#1044=ORIENTED_EDGE('',*,*,#2462,.F.);
#1045=ORIENTED_EDGE('',*,*,#2365,.T.);
#1046=ORIENTED_EDGE('',*,*,#2451,.F.);
#1047=ORIENTED_EDGE('',*,*,#2423,.F.);
#1048=ORIENTED_EDGE('',*,*,#2463,.F.);
#1049=ORIENTED_EDGE('',*,*,#2411,.F.);
#1050=ORIENTED_EDGE('',*,*,#2391,.F.);
#1051=ORIENTED_EDGE('',*,*,#2386,.F.);
#1052=ORIENTED_EDGE('',*,*,#2366,.F.);
#1053=ORIENTED_EDGE('',*,*,#2464,.F.);
#1054=ORIENTED_EDGE('',*,*,#2453,.F.);
#1055=ORIENTED_EDGE('',*,*,#2390,.T.);
#1056=ORIENTED_EDGE('',*,*,#2198,.T.);
#1057=ORIENTED_EDGE('',*,*,#2465,.T.);
#1058=ORIENTED_EDGE('',*,*,#2276,.T.);
#1059=ORIENTED_EDGE('',*,*,#2438,.T.);
#1060=ORIENTED_EDGE('',*,*,#2294,.T.);
#1061=ORIENTED_EDGE('',*,*,#2466,.T.);
#1062=ORIENTED_EDGE('',*,*,#2174,.T.);
#1063=ORIENTED_EDGE('',*,*,#2388,.T.);
#1064=ORIENTED_EDGE('',*,*,#2316,.T.);
#1065=ORIENTED_EDGE('',*,*,#2334,.T.);
#1066=ORIENTED_EDGE('',*,*,#2352,.T.);
#1067=ORIENTED_EDGE('',*,*,#2466,.F.);
#1068=ORIENTED_EDGE('',*,*,#2220,.T.);
#1069=ORIENTED_EDGE('',*,*,#2238,.T.);
#1070=ORIENTED_EDGE('',*,*,#2256,.T.);
#1071=ORIENTED_EDGE('',*,*,#2465,.F.);
#1072=ORIENTED_EDGE('',*,*,#2456,.T.);
#1073=ORIENTED_EDGE('',*,*,#2464,.T.);
#1074=ORIENTED_EDGE('',*,*,#2462,.T.);
#1075=ORIENTED_EDGE('',*,*,#2459,.F.);
#1076=ORIENTED_EDGE('',*,*,#2414,.T.);
#1077=ORIENTED_EDGE('',*,*,#2463,.T.);
#1078=ORIENTED_EDGE('',*,*,#2420,.T.);
#1079=ORIENTED_EDGE('',*,*,#2417,.F.);
#1080=ORIENTED_EDGE('',*,*,#2332,.T.);
#1081=ORIENTED_EDGE('',*,*,#2467,.T.);
#1082=ORIENTED_EDGE('',*,*,#2363,.T.);
#1083=ORIENTED_EDGE('',*,*,#2350,.F.);
#1084=ORIENTED_EDGE('',*,*,#2455,.T.);
#1085=ORIENTED_EDGE('',*,*,#2458,.T.);
#1086=ORIENTED_EDGE('',*,*,#2461,.T.);
#1087=ORIENTED_EDGE('',*,*,#2468,.F.);
#1088=ORIENTED_EDGE('',*,*,#2364,.T.);
#1089=ORIENTED_EDGE('',*,*,#2385,.T.);
#1090=ORIENTED_EDGE('',*,*,#2426,.F.);
#1091=ORIENTED_EDGE('',*,*,#2452,.T.);
#1092=ORIENTED_EDGE('',*,*,#2468,.T.);
#1093=ORIENTED_EDGE('',*,*,#2194,.T.);
#1094=ORIENTED_EDGE('',*,*,#2467,.F.);
#1095=ORIENTED_EDGE('',*,*,#2314,.T.);
#1096=ORIENTED_EDGE('',*,*,#2427,.T.);
#1097=ORIENTED_EDGE('',*,*,#2383,.T.);
#1098=ORIENTED_EDGE('',*,*,#2329,.T.);
#1099=ORIENTED_EDGE('',*,*,#2469,.T.);
#1100=ORIENTED_EDGE('',*,*,#2361,.T.);
#1101=ORIENTED_EDGE('',*,*,#2347,.F.);
#1102=ORIENTED_EDGE('',*,*,#2331,.T.);
#1103=ORIENTED_EDGE('',*,*,#2349,.T.);
#1104=ORIENTED_EDGE('',*,*,#2362,.T.);
#1105=ORIENTED_EDGE('',*,*,#2470,.F.);
#1106=ORIENTED_EDGE('',*,*,#2192,.T.);
#1107=ORIENTED_EDGE('',*,*,#2382,.T.);
#1108=ORIENTED_EDGE('',*,*,#2428,.F.);
#1109=ORIENTED_EDGE('',*,*,#2312,.T.);
#1110=ORIENTED_EDGE('',*,*,#2470,.T.);
#1111=ORIENTED_EDGE('',*,*,#2190,.T.);
#1112=ORIENTED_EDGE('',*,*,#2469,.F.);
#1113=ORIENTED_EDGE('',*,*,#2310,.T.);
#1114=ORIENTED_EDGE('',*,*,#2429,.T.);
#1115=ORIENTED_EDGE('',*,*,#2380,.T.);
#1116=ORIENTED_EDGE('',*,*,#2326,.T.);
#1117=ORIENTED_EDGE('',*,*,#2471,.T.);
#1118=ORIENTED_EDGE('',*,*,#2359,.T.);
#1119=ORIENTED_EDGE('',*,*,#2344,.F.);
#1120=ORIENTED_EDGE('',*,*,#2328,.T.);
#1121=ORIENTED_EDGE('',*,*,#2346,.T.);
#1122=ORIENTED_EDGE('',*,*,#2360,.T.);
#1123=ORIENTED_EDGE('',*,*,#2472,.F.);
#1124=ORIENTED_EDGE('',*,*,#2188,.T.);
#1125=ORIENTED_EDGE('',*,*,#2379,.T.);
#1126=ORIENTED_EDGE('',*,*,#2430,.F.);
#1127=ORIENTED_EDGE('',*,*,#2308,.T.);
#1128=ORIENTED_EDGE('',*,*,#2472,.T.);
#1129=ORIENTED_EDGE('',*,*,#2186,.T.);
#1130=ORIENTED_EDGE('',*,*,#2471,.F.);
#1131=ORIENTED_EDGE('',*,*,#2306,.T.);
#1132=ORIENTED_EDGE('',*,*,#2431,.T.);
#1133=ORIENTED_EDGE('',*,*,#2377,.T.);
#1134=ORIENTED_EDGE('',*,*,#2323,.T.);
#1135=ORIENTED_EDGE('',*,*,#2473,.T.);
#1136=ORIENTED_EDGE('',*,*,#2357,.T.);
#1137=ORIENTED_EDGE('',*,*,#2341,.F.);
#1138=ORIENTED_EDGE('',*,*,#2325,.T.);
#1139=ORIENTED_EDGE('',*,*,#2343,.T.);
#1140=ORIENTED_EDGE('',*,*,#2358,.T.);
#1141=ORIENTED_EDGE('',*,*,#2474,.F.);
#1142=ORIENTED_EDGE('',*,*,#2184,.T.);
#1143=ORIENTED_EDGE('',*,*,#2376,.T.);
#1144=ORIENTED_EDGE('',*,*,#2432,.F.);
#1145=ORIENTED_EDGE('',*,*,#2304,.T.);
#1146=ORIENTED_EDGE('',*,*,#2474,.T.);
#1147=ORIENTED_EDGE('',*,*,#2182,.T.);
#1148=ORIENTED_EDGE('',*,*,#2473,.F.);
#1149=ORIENTED_EDGE('',*,*,#2302,.T.);
#1150=ORIENTED_EDGE('',*,*,#2433,.T.);
#1151=ORIENTED_EDGE('',*,*,#2374,.T.);
#1152=ORIENTED_EDGE('',*,*,#2320,.T.);
#1153=ORIENTED_EDGE('',*,*,#2475,.T.);
#1154=ORIENTED_EDGE('',*,*,#2355,.T.);
#1155=ORIENTED_EDGE('',*,*,#2338,.F.);
#1156=ORIENTED_EDGE('',*,*,#2322,.T.);
#1157=ORIENTED_EDGE('',*,*,#2340,.T.);
#1158=ORIENTED_EDGE('',*,*,#2356,.T.);
#1159=ORIENTED_EDGE('',*,*,#2476,.F.);
#1160=ORIENTED_EDGE('',*,*,#2180,.T.);
#1161=ORIENTED_EDGE('',*,*,#2373,.T.);
#1162=ORIENTED_EDGE('',*,*,#2434,.F.);
#1163=ORIENTED_EDGE('',*,*,#2300,.T.);
#1164=ORIENTED_EDGE('',*,*,#2476,.T.);
#1165=ORIENTED_EDGE('',*,*,#2178,.T.);
#1166=ORIENTED_EDGE('',*,*,#2475,.F.);
#1167=ORIENTED_EDGE('',*,*,#2298,.T.);
#1168=ORIENTED_EDGE('',*,*,#2435,.T.);
#1169=ORIENTED_EDGE('',*,*,#2371,.T.);
#1170=ORIENTED_EDGE('',*,*,#2317,.T.);
#1171=ORIENTED_EDGE('',*,*,#2477,.T.);
#1172=ORIENTED_EDGE('',*,*,#2353,.T.);
#1173=ORIENTED_EDGE('',*,*,#2335,.F.);
#1174=ORIENTED_EDGE('',*,*,#2319,.T.);
#1175=ORIENTED_EDGE('',*,*,#2337,.T.);
#1176=ORIENTED_EDGE('',*,*,#2354,.T.);
#1177=ORIENTED_EDGE('',*,*,#2478,.F.);
#1178=ORIENTED_EDGE('',*,*,#2176,.T.);
#1179=ORIENTED_EDGE('',*,*,#2370,.T.);
#1180=ORIENTED_EDGE('',*,*,#2436,.F.);
#1181=ORIENTED_EDGE('',*,*,#2296,.T.);
#1182=ORIENTED_EDGE('',*,*,#2478,.T.);
#1183=ORIENTED_EDGE('',*,*,#2172,.T.);
#1184=ORIENTED_EDGE('',*,*,#2477,.F.);
#1185=ORIENTED_EDGE('',*,*,#2292,.T.);
#1186=ORIENTED_EDGE('',*,*,#2437,.T.);
#1187=ORIENTED_EDGE('',*,*,#2368,.T.);
#1188=ORIENTED_EDGE('',*,*,#2393,.T.);
#1189=ORIENTED_EDGE('',*,*,#2410,.T.);
#1190=ORIENTED_EDGE('',*,*,#2479,.T.);
#1191=ORIENTED_EDGE('',*,*,#2422,.T.);
#1192=ORIENTED_EDGE('',*,*,#2450,.F.);
#1193=ORIENTED_EDGE('',*,*,#2395,.T.);
#1194=ORIENTED_EDGE('',*,*,#2449,.T.);
#1195=ORIENTED_EDGE('',*,*,#2290,.T.);
#1196=ORIENTED_EDGE('',*,*,#2480,.F.);
#1197=ORIENTED_EDGE('',*,*,#2218,.T.);
#1198=ORIENTED_EDGE('',*,*,#2413,.T.);
#1199=ORIENTED_EDGE('',*,*,#2416,.T.);
#1200=ORIENTED_EDGE('',*,*,#2419,.T.);
#1201=ORIENTED_EDGE('',*,*,#2479,.F.);
#1202=ORIENTED_EDGE('',*,*,#2236,.T.);
#1203=ORIENTED_EDGE('',*,*,#2480,.T.);
#1204=ORIENTED_EDGE('',*,*,#2272,.T.);
#1205=ORIENTED_EDGE('',*,*,#2254,.F.);
#1206=ORIENTED_EDGE('',*,*,#2396,.T.);
#1207=ORIENTED_EDGE('',*,*,#2216,.T.);
#1208=ORIENTED_EDGE('',*,*,#2481,.T.);
#1209=ORIENTED_EDGE('',*,*,#2289,.T.);
#1210=ORIENTED_EDGE('',*,*,#2448,.F.);
#1211=ORIENTED_EDGE('',*,*,#2398,.T.);
#1212=ORIENTED_EDGE('',*,*,#2447,.T.);
#1213=ORIENTED_EDGE('',*,*,#2287,.T.);
#1214=ORIENTED_EDGE('',*,*,#2482,.F.);
#1215=ORIENTED_EDGE('',*,*,#2214,.T.);
#1216=ORIENTED_EDGE('',*,*,#2235,.T.);
#1217=ORIENTED_EDGE('',*,*,#2253,.T.);
#1218=ORIENTED_EDGE('',*,*,#2271,.T.);
#1219=ORIENTED_EDGE('',*,*,#2481,.F.);
#1220=ORIENTED_EDGE('',*,*,#2233,.T.);
#1221=ORIENTED_EDGE('',*,*,#2482,.T.);
#1222=ORIENTED_EDGE('',*,*,#2269,.T.);
#1223=ORIENTED_EDGE('',*,*,#2251,.F.);
#1224=ORIENTED_EDGE('',*,*,#2399,.T.);
#1225=ORIENTED_EDGE('',*,*,#2212,.T.);
#1226=ORIENTED_EDGE('',*,*,#2483,.T.);
#1227=ORIENTED_EDGE('',*,*,#2286,.T.);
#1228=ORIENTED_EDGE('',*,*,#2446,.F.);
#1229=ORIENTED_EDGE('',*,*,#2401,.T.);
#1230=ORIENTED_EDGE('',*,*,#2445,.T.);
#1231=ORIENTED_EDGE('',*,*,#2284,.T.);
#1232=ORIENTED_EDGE('',*,*,#2484,.F.);
#1233=ORIENTED_EDGE('',*,*,#2210,.T.);
#1234=ORIENTED_EDGE('',*,*,#2232,.T.);
#1235=ORIENTED_EDGE('',*,*,#2250,.T.);
#1236=ORIENTED_EDGE('',*,*,#2268,.T.);
#1237=ORIENTED_EDGE('',*,*,#2483,.F.);
#1238=ORIENTED_EDGE('',*,*,#2230,.T.);
#1239=ORIENTED_EDGE('',*,*,#2484,.T.);
#1240=ORIENTED_EDGE('',*,*,#2266,.T.);
#1241=ORIENTED_EDGE('',*,*,#2248,.F.);
#1242=ORIENTED_EDGE('',*,*,#2402,.T.);
#1243=ORIENTED_EDGE('',*,*,#2208,.T.);
#1244=ORIENTED_EDGE('',*,*,#2485,.T.);
#1245=ORIENTED_EDGE('',*,*,#2283,.T.);
#1246=ORIENTED_EDGE('',*,*,#2444,.F.);
#1247=ORIENTED_EDGE('',*,*,#2404,.T.);
#1248=ORIENTED_EDGE('',*,*,#2443,.T.);
#1249=ORIENTED_EDGE('',*,*,#2281,.T.);
#1250=ORIENTED_EDGE('',*,*,#2486,.F.);
#1251=ORIENTED_EDGE('',*,*,#2206,.T.);
#1252=ORIENTED_EDGE('',*,*,#2229,.T.);
#1253=ORIENTED_EDGE('',*,*,#2247,.T.);
#1254=ORIENTED_EDGE('',*,*,#2265,.T.);
#1255=ORIENTED_EDGE('',*,*,#2485,.F.);
#1256=ORIENTED_EDGE('',*,*,#2227,.T.);
#1257=ORIENTED_EDGE('',*,*,#2486,.T.);
#1258=ORIENTED_EDGE('',*,*,#2263,.T.);
#1259=ORIENTED_EDGE('',*,*,#2245,.F.);
#1260=ORIENTED_EDGE('',*,*,#2405,.T.);
#1261=ORIENTED_EDGE('',*,*,#2204,.T.);
#1262=ORIENTED_EDGE('',*,*,#2487,.T.);
#1263=ORIENTED_EDGE('',*,*,#2280,.T.);
#1264=ORIENTED_EDGE('',*,*,#2442,.F.);
#1265=ORIENTED_EDGE('',*,*,#2407,.T.);
#1266=ORIENTED_EDGE('',*,*,#2441,.T.);
#1267=ORIENTED_EDGE('',*,*,#2278,.T.);
#1268=ORIENTED_EDGE('',*,*,#2488,.F.);
#1269=ORIENTED_EDGE('',*,*,#2202,.T.);
#1270=ORIENTED_EDGE('',*,*,#2226,.T.);
#1271=ORIENTED_EDGE('',*,*,#2244,.T.);
#1272=ORIENTED_EDGE('',*,*,#2262,.T.);
#1273=ORIENTED_EDGE('',*,*,#2487,.F.);
#1274=ORIENTED_EDGE('',*,*,#2224,.T.);
#1275=ORIENTED_EDGE('',*,*,#2488,.T.);
#1276=ORIENTED_EDGE('',*,*,#2260,.T.);
#1277=ORIENTED_EDGE('',*,*,#2242,.F.);
#1278=ORIENTED_EDGE('',*,*,#2389,.T.);
#1279=ORIENTED_EDGE('',*,*,#2439,.T.);
#1280=ORIENTED_EDGE('',*,*,#2274,.T.);
#1281=ORIENTED_EDGE('',*,*,#2489,.F.);
#1282=ORIENTED_EDGE('',*,*,#2196,.T.);
#1283=ORIENTED_EDGE('',*,*,#2408,.T.);
#1284=ORIENTED_EDGE('',*,*,#2200,.T.);
#1285=ORIENTED_EDGE('',*,*,#2490,.T.);
#1286=ORIENTED_EDGE('',*,*,#2277,.T.);
#1287=ORIENTED_EDGE('',*,*,#2440,.F.);
#1288=ORIENTED_EDGE('',*,*,#2221,.T.);
#1289=ORIENTED_EDGE('',*,*,#2489,.T.);
#1290=ORIENTED_EDGE('',*,*,#2257,.T.);
#1291=ORIENTED_EDGE('',*,*,#2239,.F.);
#1292=ORIENTED_EDGE('',*,*,#2223,.T.);
#1293=ORIENTED_EDGE('',*,*,#2241,.T.);
#1294=ORIENTED_EDGE('',*,*,#2259,.T.);
#1295=ORIENTED_EDGE('',*,*,#2490,.F.);
#1296=ORIENTED_EDGE('',*,*,#2491,.F.);
#1297=ORIENTED_EDGE('',*,*,#2492,.F.);
#1298=ORIENTED_EDGE('',*,*,#2493,.T.);
#1299=ORIENTED_EDGE('',*,*,#2494,.T.);
#1300=ORIENTED_EDGE('',*,*,#2495,.F.);
#1301=ORIENTED_EDGE('',*,*,#2496,.T.);
#1302=ORIENTED_EDGE('',*,*,#2497,.F.);
#1303=ORIENTED_EDGE('',*,*,#2498,.F.);
#1304=ORIENTED_EDGE('',*,*,#2499,.F.);
#1305=ORIENTED_EDGE('',*,*,#2500,.T.);
#1306=ORIENTED_EDGE('',*,*,#2501,.F.);
#1307=ORIENTED_EDGE('',*,*,#2502,.F.);
#1308=ORIENTED_EDGE('',*,*,#2503,.F.);
#1309=ORIENTED_EDGE('',*,*,#2504,.T.);
#1310=ORIENTED_EDGE('',*,*,#2505,.F.);
#1311=ORIENTED_EDGE('',*,*,#2506,.F.);
#1312=ORIENTED_EDGE('',*,*,#2507,.F.);
#1313=ORIENTED_EDGE('',*,*,#2508,.T.);
#1314=ORIENTED_EDGE('',*,*,#2509,.F.);
#1315=ORIENTED_EDGE('',*,*,#2510,.F.);
#1316=ORIENTED_EDGE('',*,*,#2511,.F.);
#1317=ORIENTED_EDGE('',*,*,#2512,.T.);
#1318=ORIENTED_EDGE('',*,*,#2513,.F.);
#1319=ORIENTED_EDGE('',*,*,#2514,.F.);
#1320=ORIENTED_EDGE('',*,*,#2515,.F.);
#1321=ORIENTED_EDGE('',*,*,#2494,.F.);
#1322=ORIENTED_EDGE('',*,*,#2516,.T.);
#1323=ORIENTED_EDGE('',*,*,#2517,.T.);
#1324=ORIENTED_EDGE('',*,*,#2518,.F.);
#1325=ORIENTED_EDGE('',*,*,#2519,.T.);
#1326=ORIENTED_EDGE('',*,*,#2520,.F.);
#1327=ORIENTED_EDGE('',*,*,#2496,.F.);
#1328=ORIENTED_EDGE('',*,*,#2521,.F.);
#1329=ORIENTED_EDGE('',*,*,#2522,.T.);
#1330=ORIENTED_EDGE('',*,*,#2523,.F.);
#1331=ORIENTED_EDGE('',*,*,#2500,.F.);
#1332=ORIENTED_EDGE('',*,*,#2524,.F.);
#1333=ORIENTED_EDGE('',*,*,#2525,.T.);
#1334=ORIENTED_EDGE('',*,*,#2526,.F.);
#1335=ORIENTED_EDGE('',*,*,#2504,.F.);
#1336=ORIENTED_EDGE('',*,*,#2527,.F.);
#1337=ORIENTED_EDGE('',*,*,#2528,.T.);
#1338=ORIENTED_EDGE('',*,*,#2529,.F.);
#1339=ORIENTED_EDGE('',*,*,#2508,.F.);
#1340=ORIENTED_EDGE('',*,*,#2530,.F.);
#1341=ORIENTED_EDGE('',*,*,#2531,.T.);
#1342=ORIENTED_EDGE('',*,*,#2532,.F.);
#1343=ORIENTED_EDGE('',*,*,#2512,.F.);
#1344=ORIENTED_EDGE('',*,*,#2533,.F.);
#1345=ORIENTED_EDGE('',*,*,#2517,.F.);
#1346=ORIENTED_EDGE('',*,*,#2534,.T.);
#1347=ORIENTED_EDGE('',*,*,#2535,.T.);
#1348=ORIENTED_EDGE('',*,*,#2536,.F.);
#1349=ORIENTED_EDGE('',*,*,#2537,.T.);
#1350=ORIENTED_EDGE('',*,*,#2538,.F.);
#1351=ORIENTED_EDGE('',*,*,#2519,.F.);
#1352=ORIENTED_EDGE('',*,*,#2539,.F.);
#1353=ORIENTED_EDGE('',*,*,#2540,.T.);
#1354=ORIENTED_EDGE('',*,*,#2541,.F.);
#1355=ORIENTED_EDGE('',*,*,#2522,.F.);
#1356=ORIENTED_EDGE('',*,*,#2542,.F.);
#1357=ORIENTED_EDGE('',*,*,#2543,.T.);
#1358=ORIENTED_EDGE('',*,*,#2544,.F.);
#1359=ORIENTED_EDGE('',*,*,#2525,.F.);
#1360=ORIENTED_EDGE('',*,*,#2545,.F.);
#1361=ORIENTED_EDGE('',*,*,#2546,.T.);
#1362=ORIENTED_EDGE('',*,*,#2547,.F.);
#1363=ORIENTED_EDGE('',*,*,#2528,.F.);
#1364=ORIENTED_EDGE('',*,*,#2548,.F.);
#1365=ORIENTED_EDGE('',*,*,#2549,.T.);
#1366=ORIENTED_EDGE('',*,*,#2550,.F.);
#1367=ORIENTED_EDGE('',*,*,#2531,.F.);
#1368=ORIENTED_EDGE('',*,*,#2551,.F.);
#1369=ORIENTED_EDGE('',*,*,#2535,.F.);
#1370=ORIENTED_EDGE('',*,*,#2552,.T.);
#1371=ORIENTED_EDGE('',*,*,#2553,.T.);
#1372=ORIENTED_EDGE('',*,*,#2554,.F.);
#1373=ORIENTED_EDGE('',*,*,#2555,.T.);
#1374=ORIENTED_EDGE('',*,*,#2556,.F.);
#1375=ORIENTED_EDGE('',*,*,#2537,.F.);
#1376=ORIENTED_EDGE('',*,*,#2557,.F.);
#1377=ORIENTED_EDGE('',*,*,#2558,.T.);
#1378=ORIENTED_EDGE('',*,*,#2559,.F.);
#1379=ORIENTED_EDGE('',*,*,#2540,.F.);
#1380=ORIENTED_EDGE('',*,*,#2560,.F.);
#1381=ORIENTED_EDGE('',*,*,#2561,.T.);
#1382=ORIENTED_EDGE('',*,*,#2562,.F.);
#1383=ORIENTED_EDGE('',*,*,#2543,.F.);
#1384=ORIENTED_EDGE('',*,*,#2563,.F.);
#1385=ORIENTED_EDGE('',*,*,#2564,.T.);
#1386=ORIENTED_EDGE('',*,*,#2565,.F.);
#1387=ORIENTED_EDGE('',*,*,#2546,.F.);
#1388=ORIENTED_EDGE('',*,*,#2566,.F.);
#1389=ORIENTED_EDGE('',*,*,#2567,.T.);
#1390=ORIENTED_EDGE('',*,*,#2568,.F.);
#1391=ORIENTED_EDGE('',*,*,#2549,.F.);
#1392=ORIENTED_EDGE('',*,*,#2569,.F.);
#1393=ORIENTED_EDGE('',*,*,#2553,.F.);
#1394=ORIENTED_EDGE('',*,*,#2570,.T.);
#1395=ORIENTED_EDGE('',*,*,#2571,.T.);
#1396=ORIENTED_EDGE('',*,*,#2572,.F.);
#1397=ORIENTED_EDGE('',*,*,#2573,.T.);
#1398=ORIENTED_EDGE('',*,*,#2574,.F.);
#1399=ORIENTED_EDGE('',*,*,#2555,.F.);
#1400=ORIENTED_EDGE('',*,*,#2575,.F.);
#1401=ORIENTED_EDGE('',*,*,#2576,.T.);
#1402=ORIENTED_EDGE('',*,*,#2577,.F.);
#1403=ORIENTED_EDGE('',*,*,#2558,.F.);
#1404=ORIENTED_EDGE('',*,*,#2578,.F.);
#1405=ORIENTED_EDGE('',*,*,#2579,.T.);
#1406=ORIENTED_EDGE('',*,*,#2580,.F.);
#1407=ORIENTED_EDGE('',*,*,#2561,.F.);
#1408=ORIENTED_EDGE('',*,*,#2581,.F.);
#1409=ORIENTED_EDGE('',*,*,#2582,.T.);
#1410=ORIENTED_EDGE('',*,*,#2583,.F.);
#1411=ORIENTED_EDGE('',*,*,#2564,.F.);
#1412=ORIENTED_EDGE('',*,*,#2584,.F.);
#1413=ORIENTED_EDGE('',*,*,#2585,.T.);
#1414=ORIENTED_EDGE('',*,*,#2586,.F.);
#1415=ORIENTED_EDGE('',*,*,#2567,.F.);
#1416=ORIENTED_EDGE('',*,*,#2587,.F.);
#1417=ORIENTED_EDGE('',*,*,#2588,.F.);
#1418=ORIENTED_EDGE('',*,*,#2589,.T.);
#1419=ORIENTED_EDGE('',*,*,#2590,.T.);
#1420=ORIENTED_EDGE('',*,*,#2591,.F.);
#1421=ORIENTED_EDGE('',*,*,#2592,.T.);
#1422=ORIENTED_EDGE('',*,*,#2593,.F.);
#1423=ORIENTED_EDGE('',*,*,#2594,.F.);
#1424=ORIENTED_EDGE('',*,*,#2595,.F.);
#1425=ORIENTED_EDGE('',*,*,#2596,.T.);
#1426=ORIENTED_EDGE('',*,*,#2597,.F.);
#1427=ORIENTED_EDGE('',*,*,#2598,.F.);
#1428=ORIENTED_EDGE('',*,*,#2599,.F.);
#1429=ORIENTED_EDGE('',*,*,#2600,.T.);
#1430=ORIENTED_EDGE('',*,*,#2601,.F.);
#1431=ORIENTED_EDGE('',*,*,#2602,.F.);
#1432=ORIENTED_EDGE('',*,*,#2603,.F.);
#1433=ORIENTED_EDGE('',*,*,#2604,.T.);
#1434=ORIENTED_EDGE('',*,*,#2605,.F.);
#1435=ORIENTED_EDGE('',*,*,#2606,.F.);
#1436=ORIENTED_EDGE('',*,*,#2607,.F.);
#1437=ORIENTED_EDGE('',*,*,#2608,.T.);
#1438=ORIENTED_EDGE('',*,*,#2609,.F.);
#1439=ORIENTED_EDGE('',*,*,#2610,.F.);
#1440=ORIENTED_EDGE('',*,*,#2611,.F.);
#1441=ORIENTED_EDGE('',*,*,#2590,.F.);
#1442=ORIENTED_EDGE('',*,*,#2612,.T.);
#1443=ORIENTED_EDGE('',*,*,#2613,.T.);
#1444=ORIENTED_EDGE('',*,*,#2614,.F.);
#1445=ORIENTED_EDGE('',*,*,#2615,.T.);
#1446=ORIENTED_EDGE('',*,*,#2616,.F.);
#1447=ORIENTED_EDGE('',*,*,#2592,.F.);
#1448=ORIENTED_EDGE('',*,*,#2617,.F.);
#1449=ORIENTED_EDGE('',*,*,#2618,.T.);
#1450=ORIENTED_EDGE('',*,*,#2619,.F.);
#1451=ORIENTED_EDGE('',*,*,#2596,.F.);
#1452=ORIENTED_EDGE('',*,*,#2620,.F.);
#1453=ORIENTED_EDGE('',*,*,#2621,.T.);
#1454=ORIENTED_EDGE('',*,*,#2622,.F.);
#1455=ORIENTED_EDGE('',*,*,#2600,.F.);
#1456=ORIENTED_EDGE('',*,*,#2623,.F.);
#1457=ORIENTED_EDGE('',*,*,#2624,.T.);
#1458=ORIENTED_EDGE('',*,*,#2625,.F.);
#1459=ORIENTED_EDGE('',*,*,#2604,.F.);
#1460=ORIENTED_EDGE('',*,*,#2626,.F.);
#1461=ORIENTED_EDGE('',*,*,#2627,.T.);
#1462=ORIENTED_EDGE('',*,*,#2628,.F.);
#1463=ORIENTED_EDGE('',*,*,#2608,.F.);
#1464=ORIENTED_EDGE('',*,*,#2629,.F.);
#1465=ORIENTED_EDGE('',*,*,#2613,.F.);
#1466=ORIENTED_EDGE('',*,*,#2630,.T.);
#1467=ORIENTED_EDGE('',*,*,#2631,.T.);
#1468=ORIENTED_EDGE('',*,*,#2632,.F.);
#1469=ORIENTED_EDGE('',*,*,#2633,.T.);
#1470=ORIENTED_EDGE('',*,*,#2634,.F.);
#1471=ORIENTED_EDGE('',*,*,#2615,.F.);
#1472=ORIENTED_EDGE('',*,*,#2635,.F.);
#1473=ORIENTED_EDGE('',*,*,#2636,.T.);
#1474=ORIENTED_EDGE('',*,*,#2637,.F.);
#1475=ORIENTED_EDGE('',*,*,#2618,.F.);
#1476=ORIENTED_EDGE('',*,*,#2638,.F.);
#1477=ORIENTED_EDGE('',*,*,#2639,.T.);
#1478=ORIENTED_EDGE('',*,*,#2640,.F.);
#1479=ORIENTED_EDGE('',*,*,#2621,.F.);
#1480=ORIENTED_EDGE('',*,*,#2641,.F.);
#1481=ORIENTED_EDGE('',*,*,#2642,.T.);
#1482=ORIENTED_EDGE('',*,*,#2643,.F.);
#1483=ORIENTED_EDGE('',*,*,#2624,.F.);
#1484=ORIENTED_EDGE('',*,*,#2644,.F.);
#1485=ORIENTED_EDGE('',*,*,#2645,.T.);
#1486=ORIENTED_EDGE('',*,*,#2646,.F.);
#1487=ORIENTED_EDGE('',*,*,#2627,.F.);
#1488=ORIENTED_EDGE('',*,*,#2647,.F.);
#1489=ORIENTED_EDGE('',*,*,#2631,.F.);
#1490=ORIENTED_EDGE('',*,*,#2648,.T.);
#1491=ORIENTED_EDGE('',*,*,#2649,.T.);
#1492=ORIENTED_EDGE('',*,*,#2650,.F.);
#1493=ORIENTED_EDGE('',*,*,#2651,.T.);
#1494=ORIENTED_EDGE('',*,*,#2652,.F.);
#1495=ORIENTED_EDGE('',*,*,#2633,.F.);
#1496=ORIENTED_EDGE('',*,*,#2653,.F.);
#1497=ORIENTED_EDGE('',*,*,#2654,.T.);
#1498=ORIENTED_EDGE('',*,*,#2655,.F.);
#1499=ORIENTED_EDGE('',*,*,#2636,.F.);
#1500=ORIENTED_EDGE('',*,*,#2656,.F.);
#1501=ORIENTED_EDGE('',*,*,#2657,.T.);
#1502=ORIENTED_EDGE('',*,*,#2658,.F.);
#1503=ORIENTED_EDGE('',*,*,#2639,.F.);
#1504=ORIENTED_EDGE('',*,*,#2659,.F.);
#1505=ORIENTED_EDGE('',*,*,#2660,.T.);
#1506=ORIENTED_EDGE('',*,*,#2661,.F.);
#1507=ORIENTED_EDGE('',*,*,#2642,.F.);
#1508=ORIENTED_EDGE('',*,*,#2662,.F.);
#1509=ORIENTED_EDGE('',*,*,#2663,.T.);
#1510=ORIENTED_EDGE('',*,*,#2664,.F.);
#1511=ORIENTED_EDGE('',*,*,#2645,.F.);
#1512=ORIENTED_EDGE('',*,*,#2665,.F.);
#1513=ORIENTED_EDGE('',*,*,#2649,.F.);
#1514=ORIENTED_EDGE('',*,*,#2666,.T.);
#1515=ORIENTED_EDGE('',*,*,#2667,.T.);
#1516=ORIENTED_EDGE('',*,*,#2668,.F.);
#1517=ORIENTED_EDGE('',*,*,#2669,.T.);
#1518=ORIENTED_EDGE('',*,*,#2670,.F.);
#1519=ORIENTED_EDGE('',*,*,#2651,.F.);
#1520=ORIENTED_EDGE('',*,*,#2671,.F.);
#1521=ORIENTED_EDGE('',*,*,#2672,.T.);
#1522=ORIENTED_EDGE('',*,*,#2673,.F.);
#1523=ORIENTED_EDGE('',*,*,#2654,.F.);
#1524=ORIENTED_EDGE('',*,*,#2674,.F.);
#1525=ORIENTED_EDGE('',*,*,#2675,.T.);
#1526=ORIENTED_EDGE('',*,*,#2676,.F.);
#1527=ORIENTED_EDGE('',*,*,#2657,.F.);
#1528=ORIENTED_EDGE('',*,*,#2677,.F.);
#1529=ORIENTED_EDGE('',*,*,#2678,.T.);
#1530=ORIENTED_EDGE('',*,*,#2679,.F.);
#1531=ORIENTED_EDGE('',*,*,#2660,.F.);
#1532=ORIENTED_EDGE('',*,*,#2680,.F.);
#1533=ORIENTED_EDGE('',*,*,#2681,.T.);
#1534=ORIENTED_EDGE('',*,*,#2682,.F.);
#1535=ORIENTED_EDGE('',*,*,#2663,.F.);
#1536=ORIENTED_EDGE('',*,*,#2683,.F.);
#1537=ORIENTED_EDGE('',*,*,#2684,.T.);
#1538=ORIENTED_EDGE('',*,*,#2685,.F.);
#1539=ORIENTED_EDGE('',*,*,#2686,.F.);
#1540=ORIENTED_EDGE('',*,*,#2687,.F.);
#1541=ORIENTED_EDGE('',*,*,#2688,.T.);
#1542=ORIENTED_EDGE('',*,*,#2689,.F.);
#1543=ORIENTED_EDGE('',*,*,#2684,.F.);
#1544=ORIENTED_EDGE('',*,*,#2690,.F.);
#1545=ORIENTED_EDGE('',*,*,#2691,.T.);
#1546=ORIENTED_EDGE('',*,*,#2692,.F.);
#1547=ORIENTED_EDGE('',*,*,#2688,.F.);
#1548=ORIENTED_EDGE('',*,*,#2693,.F.);
#1549=ORIENTED_EDGE('',*,*,#2694,.T.);
#1550=ORIENTED_EDGE('',*,*,#2695,.F.);
#1551=ORIENTED_EDGE('',*,*,#2691,.F.);
#1552=ORIENTED_EDGE('',*,*,#2696,.F.);
#1553=ORIENTED_EDGE('',*,*,#2697,.T.);
#1554=ORIENTED_EDGE('',*,*,#2698,.F.);
#1555=ORIENTED_EDGE('',*,*,#2694,.F.);
#1556=ORIENTED_EDGE('',*,*,#2697,.F.);
#1557=ORIENTED_EDGE('',*,*,#2699,.T.);
#1558=ORIENTED_EDGE('',*,*,#2700,.T.);
#1559=ORIENTED_EDGE('',*,*,#2701,.F.);
#1560=ORIENTED_EDGE('',*,*,#2585,.F.);
#1561=ORIENTED_EDGE('',*,*,#2702,.T.);
#1562=ORIENTED_EDGE('',*,*,#2703,.T.);
#1563=ORIENTED_EDGE('',*,*,#2704,.F.);
#1564=ORIENTED_EDGE('',*,*,#2582,.F.);
#1565=ORIENTED_EDGE('',*,*,#2705,.T.);
#1566=ORIENTED_EDGE('',*,*,#2706,.T.);
#1567=ORIENTED_EDGE('',*,*,#2707,.F.);
#1568=ORIENTED_EDGE('',*,*,#2579,.F.);
#1569=ORIENTED_EDGE('',*,*,#2708,.T.);
#1570=ORIENTED_EDGE('',*,*,#2709,.T.);
#1571=ORIENTED_EDGE('',*,*,#2710,.F.);
#1572=ORIENTED_EDGE('',*,*,#2576,.F.);
#1573=ORIENTED_EDGE('',*,*,#2711,.T.);
#1574=ORIENTED_EDGE('',*,*,#2712,.T.);
#1575=ORIENTED_EDGE('',*,*,#2713,.F.);
#1576=ORIENTED_EDGE('',*,*,#2573,.F.);
#1577=ORIENTED_EDGE('',*,*,#2714,.T.);
#1578=ORIENTED_EDGE('',*,*,#2715,.T.);
#1579=ORIENTED_EDGE('',*,*,#2716,.F.);
#1580=ORIENTED_EDGE('',*,*,#2571,.F.);
#1581=ORIENTED_EDGE('',*,*,#2717,.T.);
#1582=ORIENTED_EDGE('',*,*,#2588,.T.);
#1583=ORIENTED_EDGE('',*,*,#2718,.F.);
#1584=ORIENTED_EDGE('',*,*,#2719,.T.);
#1585=ORIENTED_EDGE('',*,*,#2720,.T.);
#1586=ORIENTED_EDGE('',*,*,#2594,.T.);
#1587=ORIENTED_EDGE('',*,*,#2721,.F.);
#1588=ORIENTED_EDGE('',*,*,#2722,.T.);
#1589=ORIENTED_EDGE('',*,*,#2723,.T.);
#1590=ORIENTED_EDGE('',*,*,#2598,.T.);
#1591=ORIENTED_EDGE('',*,*,#2724,.F.);
#1592=ORIENTED_EDGE('',*,*,#2725,.T.);
#1593=ORIENTED_EDGE('',*,*,#2726,.T.);
#1594=ORIENTED_EDGE('',*,*,#2602,.T.);
#1595=ORIENTED_EDGE('',*,*,#2727,.F.);
#1596=ORIENTED_EDGE('',*,*,#2728,.T.);
#1597=ORIENTED_EDGE('',*,*,#2729,.T.);
#1598=ORIENTED_EDGE('',*,*,#2606,.T.);
#1599=ORIENTED_EDGE('',*,*,#2730,.F.);
#1600=ORIENTED_EDGE('',*,*,#2731,.T.);
#1601=ORIENTED_EDGE('',*,*,#2732,.T.);
#1602=ORIENTED_EDGE('',*,*,#2610,.T.);
#1603=ORIENTED_EDGE('',*,*,#2733,.F.);
#1604=ORIENTED_EDGE('',*,*,#2734,.T.);
#1605=ORIENTED_EDGE('',*,*,#2735,.T.);
#1606=ORIENTED_EDGE('',*,*,#2736,.T.);
#1607=ORIENTED_EDGE('',*,*,#2737,.F.);
#1608=ORIENTED_EDGE('',*,*,#2738,.F.);
#1609=ORIENTED_EDGE('',*,*,#2739,.T.);
#1610=ORIENTED_EDGE('',*,*,#2740,.F.);
#1611=ORIENTED_EDGE('',*,*,#2736,.F.);
#1612=ORIENTED_EDGE('',*,*,#2741,.F.);
#1613=ORIENTED_EDGE('',*,*,#2742,.T.);
#1614=ORIENTED_EDGE('',*,*,#2743,.F.);
#1615=ORIENTED_EDGE('',*,*,#2739,.F.);
#1616=ORIENTED_EDGE('',*,*,#2744,.F.);
#1617=ORIENTED_EDGE('',*,*,#2745,.T.);
#1618=ORIENTED_EDGE('',*,*,#2746,.F.);
#1619=ORIENTED_EDGE('',*,*,#2742,.F.);
#1620=ORIENTED_EDGE('',*,*,#2747,.F.);
#1621=ORIENTED_EDGE('',*,*,#2748,.T.);
#1622=ORIENTED_EDGE('',*,*,#2749,.F.);
#1623=ORIENTED_EDGE('',*,*,#2745,.F.);
#1624=ORIENTED_EDGE('',*,*,#2750,.F.);
#1625=ORIENTED_EDGE('',*,*,#2751,.T.);
#1626=ORIENTED_EDGE('',*,*,#2752,.F.);
#1627=ORIENTED_EDGE('',*,*,#2748,.F.);
#1628=ORIENTED_EDGE('',*,*,#2753,.F.);
#1629=ORIENTED_EDGE('',*,*,#2667,.F.);
#1630=ORIENTED_EDGE('',*,*,#2754,.T.);
#1631=ORIENTED_EDGE('',*,*,#2755,.T.);
#1632=ORIENTED_EDGE('',*,*,#2756,.F.);
#1633=ORIENTED_EDGE('',*,*,#2751,.F.);
#1634=ORIENTED_EDGE('',*,*,#2757,.F.);
#1635=ORIENTED_EDGE('',*,*,#2734,.F.);
#1636=ORIENTED_EDGE('',*,*,#2758,.F.);
#1637=ORIENTED_EDGE('',*,*,#2681,.F.);
#1638=ORIENTED_EDGE('',*,*,#2759,.F.);
#1639=ORIENTED_EDGE('',*,*,#2731,.F.);
#1640=ORIENTED_EDGE('',*,*,#2760,.F.);
#1641=ORIENTED_EDGE('',*,*,#2678,.F.);
#1642=ORIENTED_EDGE('',*,*,#2761,.F.);
#1643=ORIENTED_EDGE('',*,*,#2728,.F.);
#1644=ORIENTED_EDGE('',*,*,#2762,.F.);
#1645=ORIENTED_EDGE('',*,*,#2675,.F.);
#1646=ORIENTED_EDGE('',*,*,#2763,.F.);
#1647=ORIENTED_EDGE('',*,*,#2725,.F.);
#1648=ORIENTED_EDGE('',*,*,#2764,.F.);
#1649=ORIENTED_EDGE('',*,*,#2672,.F.);
#1650=ORIENTED_EDGE('',*,*,#2765,.F.);
#1651=ORIENTED_EDGE('',*,*,#2722,.F.);
#1652=ORIENTED_EDGE('',*,*,#2766,.F.);
#1653=ORIENTED_EDGE('',*,*,#2669,.F.);
#1654=ORIENTED_EDGE('',*,*,#2767,.F.);
#1655=ORIENTED_EDGE('',*,*,#2719,.F.);
#1656=ORIENTED_EDGE('',*,*,#2768,.F.);
#1657=ORIENTED_EDGE('',*,*,#2715,.F.);
#1658=ORIENTED_EDGE('',*,*,#2769,.F.);
#1659=ORIENTED_EDGE('',*,*,#2498,.T.);
#1660=ORIENTED_EDGE('',*,*,#2770,.F.);
#1661=ORIENTED_EDGE('',*,*,#2712,.F.);
#1662=ORIENTED_EDGE('',*,*,#2771,.F.);
#1663=ORIENTED_EDGE('',*,*,#2502,.T.);
#1664=ORIENTED_EDGE('',*,*,#2772,.F.);
#1665=ORIENTED_EDGE('',*,*,#2709,.F.);
#1666=ORIENTED_EDGE('',*,*,#2773,.F.);
#1667=ORIENTED_EDGE('',*,*,#2506,.T.);
#1668=ORIENTED_EDGE('',*,*,#2774,.F.);
#1669=ORIENTED_EDGE('',*,*,#2706,.F.);
#1670=ORIENTED_EDGE('',*,*,#2775,.F.);
#1671=ORIENTED_EDGE('',*,*,#2510,.T.);
#1672=ORIENTED_EDGE('',*,*,#2776,.F.);
#1673=ORIENTED_EDGE('',*,*,#2703,.F.);
#1674=ORIENTED_EDGE('',*,*,#2777,.F.);
#1675=ORIENTED_EDGE('',*,*,#2514,.T.);
#1676=ORIENTED_EDGE('',*,*,#2778,.F.);
#1677=ORIENTED_EDGE('',*,*,#2700,.F.);
#1678=ORIENTED_EDGE('',*,*,#2779,.F.);
#1679=ORIENTED_EDGE('',*,*,#2686,.T.);
#1680=ORIENTED_EDGE('',*,*,#2780,.F.);
#1681=ORIENTED_EDGE('',*,*,#2755,.F.);
#1682=ORIENTED_EDGE('',*,*,#2781,.T.);
#1683=ORIENTED_EDGE('',*,*,#2492,.T.);
#1684=ORIENTED_EDGE('',*,*,#2781,.F.);
#1685=ORIENTED_EDGE('',*,*,#2754,.F.);
#1686=ORIENTED_EDGE('',*,*,#2666,.F.);
#1687=ORIENTED_EDGE('',*,*,#2648,.F.);
#1688=ORIENTED_EDGE('',*,*,#2630,.F.);
#1689=ORIENTED_EDGE('',*,*,#2612,.F.);
#1690=ORIENTED_EDGE('',*,*,#2589,.F.);
#1691=ORIENTED_EDGE('',*,*,#2717,.F.);
#1692=ORIENTED_EDGE('',*,*,#2570,.F.);
#1693=ORIENTED_EDGE('',*,*,#2552,.F.);
#1694=ORIENTED_EDGE('',*,*,#2534,.F.);
#1695=ORIENTED_EDGE('',*,*,#2516,.F.);
#1696=ORIENTED_EDGE('',*,*,#2493,.F.);
#1697=ORIENTED_EDGE('',*,*,#2737,.T.);
#1698=ORIENTED_EDGE('',*,*,#2740,.T.);
#1699=ORIENTED_EDGE('',*,*,#2743,.T.);
#1700=ORIENTED_EDGE('',*,*,#2746,.T.);
#1701=ORIENTED_EDGE('',*,*,#2749,.T.);
#1702=ORIENTED_EDGE('',*,*,#2752,.T.);
#1703=ORIENTED_EDGE('',*,*,#2756,.T.);
#1704=ORIENTED_EDGE('',*,*,#2780,.T.);
#1705=ORIENTED_EDGE('',*,*,#2685,.T.);
#1706=ORIENTED_EDGE('',*,*,#2689,.T.);
#1707=ORIENTED_EDGE('',*,*,#2692,.T.);
#1708=ORIENTED_EDGE('',*,*,#2695,.T.);
#1709=ORIENTED_EDGE('',*,*,#2698,.T.);
#1710=ORIENTED_EDGE('',*,*,#2696,.T.);
#1711=ORIENTED_EDGE('',*,*,#2693,.T.);
#1712=ORIENTED_EDGE('',*,*,#2690,.T.);
#1713=ORIENTED_EDGE('',*,*,#2687,.T.);
#1714=ORIENTED_EDGE('',*,*,#2683,.T.);
#1715=ORIENTED_EDGE('',*,*,#2779,.T.);
#1716=ORIENTED_EDGE('',*,*,#2699,.F.);
#1717=ORIENTED_EDGE('',*,*,#2586,.T.);
#1718=ORIENTED_EDGE('',*,*,#2701,.T.);
#1719=ORIENTED_EDGE('',*,*,#2778,.T.);
#1720=ORIENTED_EDGE('',*,*,#2513,.T.);
#1721=ORIENTED_EDGE('',*,*,#2532,.T.);
#1722=ORIENTED_EDGE('',*,*,#2550,.T.);
#1723=ORIENTED_EDGE('',*,*,#2568,.T.);
#1724=ORIENTED_EDGE('',*,*,#2584,.T.);
#1725=ORIENTED_EDGE('',*,*,#2566,.T.);
#1726=ORIENTED_EDGE('',*,*,#2548,.T.);
#1727=ORIENTED_EDGE('',*,*,#2530,.T.);
#1728=ORIENTED_EDGE('',*,*,#2511,.T.);
#1729=ORIENTED_EDGE('',*,*,#2777,.T.);
#1730=ORIENTED_EDGE('',*,*,#2702,.F.);
#1731=ORIENTED_EDGE('',*,*,#2583,.T.);
#1732=ORIENTED_EDGE('',*,*,#2704,.T.);
#1733=ORIENTED_EDGE('',*,*,#2776,.T.);
#1734=ORIENTED_EDGE('',*,*,#2509,.T.);
#1735=ORIENTED_EDGE('',*,*,#2529,.T.);
#1736=ORIENTED_EDGE('',*,*,#2547,.T.);
#1737=ORIENTED_EDGE('',*,*,#2565,.T.);
#1738=ORIENTED_EDGE('',*,*,#2581,.T.);
#1739=ORIENTED_EDGE('',*,*,#2563,.T.);
#1740=ORIENTED_EDGE('',*,*,#2545,.T.);
#1741=ORIENTED_EDGE('',*,*,#2527,.T.);
#1742=ORIENTED_EDGE('',*,*,#2507,.T.);
#1743=ORIENTED_EDGE('',*,*,#2775,.T.);
#1744=ORIENTED_EDGE('',*,*,#2705,.F.);
#1745=ORIENTED_EDGE('',*,*,#2580,.T.);
#1746=ORIENTED_EDGE('',*,*,#2707,.T.);
#1747=ORIENTED_EDGE('',*,*,#2774,.T.);
#1748=ORIENTED_EDGE('',*,*,#2505,.T.);
#1749=ORIENTED_EDGE('',*,*,#2526,.T.);
#1750=ORIENTED_EDGE('',*,*,#2544,.T.);
#1751=ORIENTED_EDGE('',*,*,#2562,.T.);
#1752=ORIENTED_EDGE('',*,*,#2578,.T.);
#1753=ORIENTED_EDGE('',*,*,#2560,.T.);
#1754=ORIENTED_EDGE('',*,*,#2542,.T.);
#1755=ORIENTED_EDGE('',*,*,#2524,.T.);
#1756=ORIENTED_EDGE('',*,*,#2503,.T.);
#1757=ORIENTED_EDGE('',*,*,#2773,.T.);
#1758=ORIENTED_EDGE('',*,*,#2708,.F.);
#1759=ORIENTED_EDGE('',*,*,#2577,.T.);
#1760=ORIENTED_EDGE('',*,*,#2710,.T.);
#1761=ORIENTED_EDGE('',*,*,#2772,.T.);
#1762=ORIENTED_EDGE('',*,*,#2501,.T.);
#1763=ORIENTED_EDGE('',*,*,#2523,.T.);
#1764=ORIENTED_EDGE('',*,*,#2541,.T.);
#1765=ORIENTED_EDGE('',*,*,#2559,.T.);
#1766=ORIENTED_EDGE('',*,*,#2575,.T.);
#1767=ORIENTED_EDGE('',*,*,#2557,.T.);
#1768=ORIENTED_EDGE('',*,*,#2539,.T.);
#1769=ORIENTED_EDGE('',*,*,#2521,.T.);
#1770=ORIENTED_EDGE('',*,*,#2499,.T.);
#1771=ORIENTED_EDGE('',*,*,#2771,.T.);
#1772=ORIENTED_EDGE('',*,*,#2711,.F.);
#1773=ORIENTED_EDGE('',*,*,#2574,.T.);
#1774=ORIENTED_EDGE('',*,*,#2713,.T.);
#1775=ORIENTED_EDGE('',*,*,#2770,.T.);
#1776=ORIENTED_EDGE('',*,*,#2497,.T.);
#1777=ORIENTED_EDGE('',*,*,#2520,.T.);
#1778=ORIENTED_EDGE('',*,*,#2538,.T.);
#1779=ORIENTED_EDGE('',*,*,#2556,.T.);
#1780=ORIENTED_EDGE('',*,*,#2572,.T.);
#1781=ORIENTED_EDGE('',*,*,#2554,.T.);
#1782=ORIENTED_EDGE('',*,*,#2536,.T.);
#1783=ORIENTED_EDGE('',*,*,#2518,.T.);
#1784=ORIENTED_EDGE('',*,*,#2495,.T.);
#1785=ORIENTED_EDGE('',*,*,#2769,.T.);
#1786=ORIENTED_EDGE('',*,*,#2714,.F.);
#1787=ORIENTED_EDGE('',*,*,#2569,.T.);
#1788=ORIENTED_EDGE('',*,*,#2716,.T.);
#1789=ORIENTED_EDGE('',*,*,#2768,.T.);
#1790=ORIENTED_EDGE('',*,*,#2491,.T.);
#1791=ORIENTED_EDGE('',*,*,#2515,.T.);
#1792=ORIENTED_EDGE('',*,*,#2533,.T.);
#1793=ORIENTED_EDGE('',*,*,#2551,.T.);
#1794=ORIENTED_EDGE('',*,*,#2738,.T.);
#1795=ORIENTED_EDGE('',*,*,#2735,.F.);
#1796=ORIENTED_EDGE('',*,*,#2757,.T.);
#1797=ORIENTED_EDGE('',*,*,#2750,.T.);
#1798=ORIENTED_EDGE('',*,*,#2747,.T.);
#1799=ORIENTED_EDGE('',*,*,#2744,.T.);
#1800=ORIENTED_EDGE('',*,*,#2741,.T.);
#1801=ORIENTED_EDGE('',*,*,#2609,.T.);
#1802=ORIENTED_EDGE('',*,*,#2628,.T.);
#1803=ORIENTED_EDGE('',*,*,#2646,.T.);
#1804=ORIENTED_EDGE('',*,*,#2664,.T.);
#1805=ORIENTED_EDGE('',*,*,#2682,.T.);
#1806=ORIENTED_EDGE('',*,*,#2758,.T.);
#1807=ORIENTED_EDGE('',*,*,#2733,.T.);
#1808=ORIENTED_EDGE('',*,*,#2607,.T.);
#1809=ORIENTED_EDGE('',*,*,#2732,.F.);
#1810=ORIENTED_EDGE('',*,*,#2759,.T.);
#1811=ORIENTED_EDGE('',*,*,#2680,.T.);
#1812=ORIENTED_EDGE('',*,*,#2662,.T.);
#1813=ORIENTED_EDGE('',*,*,#2644,.T.);
#1814=ORIENTED_EDGE('',*,*,#2626,.T.);
#1815=ORIENTED_EDGE('',*,*,#2605,.T.);
#1816=ORIENTED_EDGE('',*,*,#2625,.T.);
#1817=ORIENTED_EDGE('',*,*,#2643,.T.);
#1818=ORIENTED_EDGE('',*,*,#2661,.T.);
#1819=ORIENTED_EDGE('',*,*,#2679,.T.);
#1820=ORIENTED_EDGE('',*,*,#2760,.T.);
#1821=ORIENTED_EDGE('',*,*,#2730,.T.);
#1822=ORIENTED_EDGE('',*,*,#2603,.T.);
#1823=ORIENTED_EDGE('',*,*,#2729,.F.);
#1824=ORIENTED_EDGE('',*,*,#2761,.T.);
#1825=ORIENTED_EDGE('',*,*,#2677,.T.);
#1826=ORIENTED_EDGE('',*,*,#2659,.T.);
#1827=ORIENTED_EDGE('',*,*,#2641,.T.);
#1828=ORIENTED_EDGE('',*,*,#2623,.T.);
#1829=ORIENTED_EDGE('',*,*,#2601,.T.);
#1830=ORIENTED_EDGE('',*,*,#2622,.T.);
#1831=ORIENTED_EDGE('',*,*,#2640,.T.);
#1832=ORIENTED_EDGE('',*,*,#2658,.T.);
#1833=ORIENTED_EDGE('',*,*,#2676,.T.);
#1834=ORIENTED_EDGE('',*,*,#2762,.T.);
#1835=ORIENTED_EDGE('',*,*,#2727,.T.);
#1836=ORIENTED_EDGE('',*,*,#2599,.T.);
#1837=ORIENTED_EDGE('',*,*,#2726,.F.);
#1838=ORIENTED_EDGE('',*,*,#2763,.T.);
#1839=ORIENTED_EDGE('',*,*,#2674,.T.);
#1840=ORIENTED_EDGE('',*,*,#2656,.T.);
#1841=ORIENTED_EDGE('',*,*,#2638,.T.);
#1842=ORIENTED_EDGE('',*,*,#2620,.T.);
#1843=ORIENTED_EDGE('',*,*,#2597,.T.);
#1844=ORIENTED_EDGE('',*,*,#2619,.T.);
#1845=ORIENTED_EDGE('',*,*,#2637,.T.);
#1846=ORIENTED_EDGE('',*,*,#2655,.T.);
#1847=ORIENTED_EDGE('',*,*,#2673,.T.);
#1848=ORIENTED_EDGE('',*,*,#2764,.T.);
#1849=ORIENTED_EDGE('',*,*,#2724,.T.);
#1850=ORIENTED_EDGE('',*,*,#2595,.T.);
#1851=ORIENTED_EDGE('',*,*,#2723,.F.);
#1852=ORIENTED_EDGE('',*,*,#2765,.T.);
#1853=ORIENTED_EDGE('',*,*,#2671,.T.);
#1854=ORIENTED_EDGE('',*,*,#2653,.T.);
#1855=ORIENTED_EDGE('',*,*,#2635,.T.);
#1856=ORIENTED_EDGE('',*,*,#2617,.T.);
#1857=ORIENTED_EDGE('',*,*,#2593,.T.);
#1858=ORIENTED_EDGE('',*,*,#2616,.T.);
#1859=ORIENTED_EDGE('',*,*,#2634,.T.);
#1860=ORIENTED_EDGE('',*,*,#2652,.T.);
#1861=ORIENTED_EDGE('',*,*,#2670,.T.);
#1862=ORIENTED_EDGE('',*,*,#2766,.T.);
#1863=ORIENTED_EDGE('',*,*,#2721,.T.);
#1864=ORIENTED_EDGE('',*,*,#2587,.T.);
#1865=ORIENTED_EDGE('',*,*,#2611,.T.);
#1866=ORIENTED_EDGE('',*,*,#2629,.T.);
#1867=ORIENTED_EDGE('',*,*,#2647,.T.);
#1868=ORIENTED_EDGE('',*,*,#2665,.T.);
#1869=ORIENTED_EDGE('',*,*,#2753,.T.);
#1870=ORIENTED_EDGE('',*,*,#2718,.T.);
#1871=ORIENTED_EDGE('',*,*,#2591,.T.);
#1872=ORIENTED_EDGE('',*,*,#2720,.F.);
#1873=ORIENTED_EDGE('',*,*,#2767,.T.);
#1874=ORIENTED_EDGE('',*,*,#2668,.T.);
#1875=ORIENTED_EDGE('',*,*,#2650,.T.);
#1876=ORIENTED_EDGE('',*,*,#2632,.T.);
#1877=ORIENTED_EDGE('',*,*,#2614,.T.);
#1878=EDGE_CURVE('',#2782,#2783,#3362,.T.);
#1879=EDGE_CURVE('',#2783,#2784,#3363,.T.);
#1880=EDGE_CURVE('',#2784,#2785,#3364,.T.);
#1881=EDGE_CURVE('',#2785,#2786,#3365,.T.);
#1882=EDGE_CURVE('',#2787,#2786,#3366,.T.);
#1883=EDGE_CURVE('',#2788,#2787,#3367,.T.);
#1884=EDGE_CURVE('',#2788,#2789,#3368,.T.);
#1885=EDGE_CURVE('',#2789,#2790,#3369,.T.);
#1886=EDGE_CURVE('',#2790,#2791,#3370,.T.);
#1887=EDGE_CURVE('',#2791,#2782,#3371,.T.);
#1888=EDGE_CURVE('',#2792,#2793,#3372,.T.);
#1889=EDGE_CURVE('',#2793,#2794,#3373,.T.);
#1890=EDGE_CURVE('',#2794,#2795,#3374,.T.);
#1891=EDGE_CURVE('',#2795,#2796,#3375,.T.);
#1892=EDGE_CURVE('',#2792,#2796,#3376,.T.);
#1893=EDGE_CURVE('',#2797,#2798,#3377,.T.);
#1894=EDGE_CURVE('',#2798,#2799,#3378,.T.);
#1895=EDGE_CURVE('',#2799,#2800,#3379,.T.);
#1896=EDGE_CURVE('',#2800,#2801,#3380,.T.);
#1897=EDGE_CURVE('',#2801,#2797,#3381,.T.);
#1898=EDGE_CURVE('',#2793,#2784,#3382,.T.);
#1899=EDGE_CURVE('',#2785,#2792,#3383,.T.);
#1900=EDGE_CURVE('',#2789,#2800,#3384,.T.);
#1901=EDGE_CURVE('',#2801,#2788,#3385,.T.);
#1902=EDGE_CURVE('',#2802,#2803,#3386,.T.);
#1903=EDGE_CURVE('',#2803,#2804,#3387,.T.);
#1904=EDGE_CURVE('',#2804,#2805,#3388,.T.);
#1905=EDGE_CURVE('',#2805,#2802,#3389,.T.);
#1906=EDGE_CURVE('',#2806,#2807,#3390,.T.);
#1907=EDGE_CURVE('',#2796,#2806,#3391,.T.);
#1908=EDGE_CURVE('',#2808,#2796,#3392,.T.);
#1909=EDGE_CURVE('',#2808,#2807,#3393,.T.);
#1910=EDGE_CURVE('',#2809,#2810,#3394,.T.);
#1911=EDGE_CURVE('',#2809,#2811,#3395,.T.);
#1912=EDGE_CURVE('',#2811,#2812,#3396,.T.);
#1913=EDGE_CURVE('',#2810,#2812,#3397,.T.);
#1914=EDGE_CURVE('',#2813,#2814,#3398,.T.);
#1915=EDGE_CURVE('',#2813,#2815,#3399,.T.);
#1916=EDGE_CURVE('',#2815,#2816,#3400,.T.);
#1917=EDGE_CURVE('',#2814,#2816,#3401,.T.);
#1918=EDGE_CURVE('',#2817,#2818,#3402,.T.);
#1919=EDGE_CURVE('',#2818,#2819,#3403,.T.);
#1920=EDGE_CURVE('',#2820,#2819,#3404,.T.);
#1921=EDGE_CURVE('',#2820,#2817,#3405,.T.);
#1922=EDGE_CURVE('',#2821,#2822,#3406,.T.);
#1923=EDGE_CURVE('',#2822,#2823,#3407,.T.);
#1924=EDGE_CURVE('',#2824,#2823,#3408,.T.);
#1925=EDGE_CURVE('',#2824,#2821,#3409,.T.);
#1926=EDGE_CURVE('',#2825,#2826,#3410,.T.);
#1927=EDGE_CURVE('',#2826,#2827,#3411,.T.);
#1928=EDGE_CURVE('',#2828,#2827,#3412,.T.);
#1929=EDGE_CURVE('',#2828,#2825,#3413,.T.);
#1930=EDGE_CURVE('',#2827,#2829,#3414,.T.);
#1931=EDGE_CURVE('',#2830,#2829,#3415,.T.);
#1932=EDGE_CURVE('',#2830,#2828,#3416,.T.);
#1933=EDGE_CURVE('',#2829,#2831,#3417,.T.);
#1934=EDGE_CURVE('',#2832,#2831,#3418,.T.);
#1935=EDGE_CURVE('',#2832,#2830,#3419,.T.);
#1936=EDGE_CURVE('',#2833,#2834,#3420,.T.);
#1937=EDGE_CURVE('',#2834,#2835,#3421,.T.);
#1938=EDGE_CURVE('',#2836,#2835,#3422,.T.);
#1939=EDGE_CURVE('',#2836,#2833,#3423,.T.);
#1940=EDGE_CURVE('',#2835,#2837,#3424,.T.);
#1941=EDGE_CURVE('',#2838,#2837,#3425,.T.);
#1942=EDGE_CURVE('',#2838,#2836,#3426,.T.);
#1943=EDGE_CURVE('',#2837,#2839,#3427,.T.);
#1944=EDGE_CURVE('',#2840,#2839,#3428,.T.);
#1945=EDGE_CURVE('',#2840,#2838,#3429,.T.);
#1946=EDGE_CURVE('',#2841,#2842,#3430,.T.);
#1947=EDGE_CURVE('',#2842,#2843,#3431,.T.);
#1948=EDGE_CURVE('',#2844,#2843,#3432,.T.);
#1949=EDGE_CURVE('',#2844,#2841,#3433,.T.);
#1950=EDGE_CURVE('',#2843,#2845,#3434,.T.);
#1951=EDGE_CURVE('',#2846,#2845,#3435,.T.);
#1952=EDGE_CURVE('',#2846,#2844,#3436,.T.);
#1953=EDGE_CURVE('',#2845,#2847,#3437,.T.);
#1954=EDGE_CURVE('',#2848,#2847,#3438,.T.);
#1955=EDGE_CURVE('',#2848,#2846,#3439,.T.);
#1956=EDGE_CURVE('',#2849,#2850,#3440,.T.);
#1957=EDGE_CURVE('',#2850,#2851,#3441,.T.);
#1958=EDGE_CURVE('',#2852,#2851,#3442,.T.);
#1959=EDGE_CURVE('',#2852,#2849,#3443,.T.);
#1960=EDGE_CURVE('',#2851,#2853,#3444,.T.);
#1961=EDGE_CURVE('',#2854,#2853,#3445,.T.);
#1962=EDGE_CURVE('',#2854,#2852,#3446,.T.);
#1963=EDGE_CURVE('',#2853,#2855,#3447,.T.);
#1964=EDGE_CURVE('',#2856,#2855,#3448,.T.);
#1965=EDGE_CURVE('',#2856,#2854,#3449,.T.);
#1966=EDGE_CURVE('',#2857,#2858,#3450,.T.);
#1967=EDGE_CURVE('',#2858,#2859,#3451,.T.);
#1968=EDGE_CURVE('',#2860,#2859,#3452,.T.);
#1969=EDGE_CURVE('',#2860,#2857,#3453,.T.);
#1970=EDGE_CURVE('',#2859,#2861,#3454,.T.);
#1971=EDGE_CURVE('',#2862,#2861,#3455,.T.);
#1972=EDGE_CURVE('',#2862,#2860,#3456,.T.);
#1973=EDGE_CURVE('',#2861,#2863,#3457,.T.);
#1974=EDGE_CURVE('',#2864,#2863,#3458,.T.);
#1975=EDGE_CURVE('',#2864,#2862,#3459,.T.);
#1976=EDGE_CURVE('',#2865,#2866,#3460,.T.);
#1977=EDGE_CURVE('',#2866,#2867,#3461,.T.);
#1978=EDGE_CURVE('',#2868,#2867,#3462,.T.);
#1979=EDGE_CURVE('',#2868,#2865,#3463,.T.);
#1980=EDGE_CURVE('',#2867,#2869,#3464,.T.);
#1981=EDGE_CURVE('',#2870,#2869,#3465,.T.);
#1982=EDGE_CURVE('',#2870,#2868,#3466,.T.);
#1983=EDGE_CURVE('',#2869,#2871,#3467,.T.);
#1984=EDGE_CURVE('',#2872,#2871,#3468,.T.);
#1985=EDGE_CURVE('',#2872,#2870,#3469,.T.);
#1986=EDGE_CURVE('',#2873,#2874,#3470,.T.);
#1987=EDGE_CURVE('',#2874,#2875,#3471,.T.);
#1988=EDGE_CURVE('',#2876,#2875,#3472,.T.);
#1989=EDGE_CURVE('',#2876,#2873,#3473,.T.);
#1990=EDGE_CURVE('',#2877,#2878,#3474,.T.);
#1991=EDGE_CURVE('',#2878,#2879,#3475,.T.);
#1992=EDGE_CURVE('',#2880,#2879,#3476,.T.);
#1993=EDGE_CURVE('',#2880,#2877,#3477,.T.);
#1994=EDGE_CURVE('',#2831,#2826,#3478,.T.);
#1995=EDGE_CURVE('',#2825,#2832,#3479,.T.);
#1996=EDGE_CURVE('',#2839,#2834,#3480,.T.);
#1997=EDGE_CURVE('',#2833,#2840,#3481,.T.);
#1998=EDGE_CURVE('',#2847,#2842,#3482,.T.);
#1999=EDGE_CURVE('',#2841,#2848,#3483,.T.);
#2000=EDGE_CURVE('',#2855,#2850,#3484,.T.);
#2001=EDGE_CURVE('',#2849,#2856,#3485,.T.);
#2002=EDGE_CURVE('',#2863,#2858,#3486,.T.);
#2003=EDGE_CURVE('',#2857,#2864,#3487,.T.);
#2004=EDGE_CURVE('',#2871,#2866,#3488,.T.);
#2005=EDGE_CURVE('',#2865,#2872,#3489,.T.);
#2006=EDGE_CURVE('',#2881,#2882,#3490,.T.);
#2007=EDGE_CURVE('',#2883,#2882,#3491,.T.);
#2008=EDGE_CURVE('',#2883,#2884,#3492,.T.);
#2009=EDGE_CURVE('',#2884,#2881,#3493,.T.);
#2010=EDGE_CURVE('',#2885,#2886,#3494,.T.);
#2011=EDGE_CURVE('',#2886,#2887,#3495,.T.);
#2012=EDGE_CURVE('',#2887,#2888,#3496,.T.);
#2013=EDGE_CURVE('',#2885,#2888,#3497,.T.);
#2014=EDGE_CURVE('',#2889,#2890,#3498,.T.);
#2015=EDGE_CURVE('',#2810,#2889,#3499,.T.);
#2016=EDGE_CURVE('',#2812,#2805,#3500,.T.);
#2017=EDGE_CURVE('',#2891,#2804,#3501,.T.);
#2018=EDGE_CURVE('',#2892,#2891,#3502,.T.);
#2019=EDGE_CURVE('',#2807,#2892,#3503,.T.);
#2020=EDGE_CURVE('',#2814,#2808,#3504,.T.);
#2021=EDGE_CURVE('',#2890,#2816,#3505,.T.);
#2022=EDGE_CURVE('',#2797,#2893,#3506,.T.);
#2023=EDGE_CURVE('',#2797,#2894,#3507,.T.);
#2024=EDGE_CURVE('',#2895,#2894,#3508,.T.);
#2025=EDGE_CURVE('',#2893,#2895,#3509,.T.);
#2026=EDGE_CURVE('',#2883,#2896,#3510,.T.);
#2027=EDGE_CURVE('',#2896,#2897,#3511,.T.);
#2028=EDGE_CURVE('',#2897,#2898,#3512,.T.);
#2029=EDGE_CURVE('',#2899,#2898,#3513,.T.);
#2030=EDGE_CURVE('',#2893,#2899,#3514,.T.);
#2031=EDGE_CURVE('',#2895,#2900,#3515,.T.);
#2032=EDGE_CURVE('',#2900,#2901,#3516,.T.);
#2033=EDGE_CURVE('',#2901,#2885,#3517,.T.);
#2034=EDGE_CURVE('',#2888,#2884,#3518,.T.);
#2035=EDGE_CURVE('',#2902,#2903,#3519,.T.);
#2036=EDGE_CURVE('',#2904,#2902,#3520,.T.);
#2037=EDGE_CURVE('',#2904,#2905,#3521,.T.);
#2038=EDGE_CURVE('',#2905,#2903,#3522,.T.);
#2039=EDGE_CURVE('',#2906,#2902,#3523,.T.);
#2040=EDGE_CURVE('',#2907,#2906,#3524,.T.);
#2041=EDGE_CURVE('',#2907,#2904,#3525,.T.);
#2042=EDGE_CURVE('',#2908,#2906,#3526,.T.);
#2043=EDGE_CURVE('',#2909,#2908,#3527,.T.);
#2044=EDGE_CURVE('',#2909,#2907,#3528,.T.);
#2045=EDGE_CURVE('',#2910,#2911,#3529,.T.);
#2046=EDGE_CURVE('',#2912,#2910,#3530,.T.);
#2047=EDGE_CURVE('',#2912,#2913,#3531,.T.);
#2048=EDGE_CURVE('',#2913,#2911,#3532,.T.);
#2049=EDGE_CURVE('',#2914,#2910,#3533,.T.);
#2050=EDGE_CURVE('',#2915,#2914,#3534,.T.);
#2051=EDGE_CURVE('',#2915,#2912,#3535,.T.);
#2052=EDGE_CURVE('',#2916,#2914,#3536,.T.);
#2053=EDGE_CURVE('',#2917,#2916,#3537,.T.);
#2054=EDGE_CURVE('',#2917,#2915,#3538,.T.);
#2055=EDGE_CURVE('',#2918,#2919,#3539,.T.);
#2056=EDGE_CURVE('',#2920,#2918,#3540,.T.);
#2057=EDGE_CURVE('',#2921,#2920,#3541,.T.);
#2058=EDGE_CURVE('',#2921,#2820,#3542,.T.);
#2059=EDGE_CURVE('',#2819,#2919,#3543,.T.);
#2060=EDGE_CURVE('',#2922,#2920,#3544,.T.);
#2061=EDGE_CURVE('',#2923,#2922,#3545,.T.);
#2062=EDGE_CURVE('',#2923,#2921,#3546,.T.);
#2063=EDGE_CURVE('',#2924,#2925,#3547,.T.);
#2064=EDGE_CURVE('',#2926,#2924,#3548,.T.);
#2065=EDGE_CURVE('',#2927,#2926,#3549,.T.);
#2066=EDGE_CURVE('',#2927,#2824,#3550,.T.);
#2067=EDGE_CURVE('',#2823,#2925,#3551,.T.);
#2068=EDGE_CURVE('',#2928,#2926,#3552,.T.);
#2069=EDGE_CURVE('',#2929,#2928,#3553,.T.);
#2070=EDGE_CURVE('',#2929,#2927,#3554,.T.);
#2071=EDGE_CURVE('',#2930,#2931,#3555,.T.);
#2072=EDGE_CURVE('',#2932,#2930,#3556,.T.);
#2073=EDGE_CURVE('',#2932,#2933,#3557,.T.);
#2074=EDGE_CURVE('',#2933,#2931,#3558,.T.);
#2075=EDGE_CURVE('',#2934,#2935,#3559,.T.);
#2076=EDGE_CURVE('',#2934,#2874,#3560,.T.);
#2077=EDGE_CURVE('',#2873,#2932,#3561,.T.);
#2078=EDGE_CURVE('',#2935,#2930,#3562,.T.);
#2079=EDGE_CURVE('',#2936,#2937,#3563,.T.);
#2080=EDGE_CURVE('',#2938,#2936,#3564,.T.);
#2081=EDGE_CURVE('',#2938,#2939,#3565,.T.);
#2082=EDGE_CURVE('',#2939,#2937,#3566,.T.);
#2083=EDGE_CURVE('',#2940,#2941,#3567,.T.);
#2084=EDGE_CURVE('',#2940,#2878,#3568,.T.);
#2085=EDGE_CURVE('',#2877,#2938,#3569,.T.);
#2086=EDGE_CURVE('',#2941,#2936,#3570,.T.);
#2087=EDGE_CURVE('',#2942,#2943,#3571,.T.);
#2088=EDGE_CURVE('',#2944,#2942,#3572,.T.);
#2089=EDGE_CURVE('',#2944,#2945,#3573,.T.);
#2090=EDGE_CURVE('',#2945,#2943,#3574,.T.);
#2091=EDGE_CURVE('',#2946,#2942,#3575,.T.);
#2092=EDGE_CURVE('',#2947,#2946,#3576,.T.);
#2093=EDGE_CURVE('',#2947,#2944,#3577,.T.);
#2094=EDGE_CURVE('',#2948,#2946,#3578,.T.);
#2095=EDGE_CURVE('',#2949,#2948,#3579,.T.);
#2096=EDGE_CURVE('',#2949,#2947,#3580,.T.);
#2097=EDGE_CURVE('',#2950,#2951,#3581,.T.);
#2098=EDGE_CURVE('',#2952,#2950,#3582,.T.);
#2099=EDGE_CURVE('',#2952,#2953,#3583,.T.);
#2100=EDGE_CURVE('',#2953,#2951,#3584,.T.);
#2101=EDGE_CURVE('',#2954,#2950,#3585,.T.);
#2102=EDGE_CURVE('',#2955,#2954,#3586,.T.);
#2103=EDGE_CURVE('',#2955,#2952,#3587,.T.);
#2104=EDGE_CURVE('',#2956,#2954,#3588,.T.);
#2105=EDGE_CURVE('',#2957,#2956,#3589,.T.);
#2106=EDGE_CURVE('',#2957,#2955,#3590,.T.);
#2107=EDGE_CURVE('',#2903,#2908,#3591,.T.);
#2108=EDGE_CURVE('',#2905,#2909,#3592,.T.);
#2109=EDGE_CURVE('',#2911,#2916,#3593,.T.);
#2110=EDGE_CURVE('',#2913,#2917,#3594,.T.);
#2111=EDGE_CURVE('',#2958,#2959,#3595,.T.);
#2112=EDGE_CURVE('',#2958,#2818,#3596,.T.);
#2113=EDGE_CURVE('',#2817,#2923,#3597,.T.);
#2114=EDGE_CURVE('',#2959,#2922,#3598,.T.);
#2115=EDGE_CURVE('',#2960,#2961,#3599,.T.);
#2116=EDGE_CURVE('',#2960,#2822,#3600,.T.);
#2117=EDGE_CURVE('',#2821,#2929,#3601,.T.);
#2118=EDGE_CURVE('',#2961,#2928,#3602,.T.);
#2119=EDGE_CURVE('',#2962,#2963,#3603,.T.);
#2120=EDGE_CURVE('',#2931,#2962,#3604,.T.);
#2121=EDGE_CURVE('',#2933,#2876,#3605,.T.);
#2122=EDGE_CURVE('',#2875,#2963,#3606,.T.);
#2123=EDGE_CURVE('',#2964,#2965,#3607,.T.);
#2124=EDGE_CURVE('',#2937,#2964,#3608,.T.);
#2125=EDGE_CURVE('',#2939,#2880,#3609,.T.);
#2126=EDGE_CURVE('',#2879,#2965,#3610,.T.);
#2127=EDGE_CURVE('',#2943,#2948,#3611,.T.);
#2128=EDGE_CURVE('',#2945,#2949,#3612,.T.);
#2129=EDGE_CURVE('',#2951,#2956,#3613,.T.);
#2130=EDGE_CURVE('',#2953,#2957,#3614,.T.);
#2131=EDGE_CURVE('',#2898,#2966,#3615,.T.);
#2132=EDGE_CURVE('',#2967,#2966,#3616,.T.);
#2133=EDGE_CURVE('',#2899,#2967,#3617,.T.);
#2134=EDGE_CURVE('',#2782,#2795,#3618,.T.);
#2135=EDGE_CURVE('',#2791,#2798,#3619,.T.);
#2136=EDGE_CURVE('',#2813,#2967,#3620,.T.);
#2137=EDGE_CURVE('',#2962,#2935,#3621,.T.);
#2138=EDGE_CURVE('',#2964,#2941,#3622,.T.);
#2139=EDGE_CURVE('',#2924,#2961,#3623,.T.);
#2140=EDGE_CURVE('',#2918,#2959,#3624,.T.);
#2141=EDGE_CURVE('',#2887,#2787,#3625,.T.);
#2142=EDGE_CURVE('',#2786,#2802,#3626,.T.);
#2143=EDGE_CURVE('',#2811,#2968,#3627,.T.);
#2144=EDGE_CURVE('',#2968,#2969,#3628,.T.);
#2145=EDGE_CURVE('',#2969,#2881,#3629,.T.);
#2146=EDGE_CURVE('',#2901,#2891,#3630,.T.);
#2147=EDGE_CURVE('',#2900,#2892,#3631,.T.);
#2148=EDGE_CURVE('',#2803,#2886,#3632,.T.);
#2149=EDGE_CURVE('',#2894,#2806,#3633,.T.);
#2150=EDGE_CURVE('',#2896,#2889,#3634,.T.);
#2151=EDGE_CURVE('',#2882,#2809,#3635,.T.);
#2152=EDGE_CURVE('',#2897,#2890,#3636,.T.);
#2153=EDGE_CURVE('',#2815,#2966,#3637,.T.);
#2154=EDGE_CURVE('',#2965,#2940,#3638,.T.);
#2155=EDGE_CURVE('',#2963,#2934,#3639,.T.);
#2156=EDGE_CURVE('',#2925,#2960,#3640,.T.);
#2157=EDGE_CURVE('',#2919,#2958,#3641,.T.);
#2158=EDGE_CURVE('',#2894,#2886,#3642,.T.);
#2159=EDGE_CURVE('',#2806,#2803,#3643,.T.);
#2160=EDGE_CURVE('',#2815,#2809,#3644,.T.);
#2161=EDGE_CURVE('',#2970,#2813,#3645,.T.);
#2162=EDGE_CURVE('',#2970,#2971,#3646,.T.);
#2163=EDGE_CURVE('',#2971,#2968,#3647,.T.);
#2164=EDGE_CURVE('',#2972,#2969,#3648,.T.);
#2165=EDGE_CURVE('',#2972,#2973,#3649,.T.);
#2166=EDGE_CURVE('',#2973,#2967,#3650,.T.);
#2167=EDGE_CURVE('',#2966,#2882,#3651,.T.);
#2168=EDGE_CURVE('',#2971,#2972,#3652,.T.);
#2169=EDGE_CURVE('',#2973,#2970,#3653,.T.);
#2170=EDGE_CURVE('',#2783,#2794,#3654,.T.);
#2171=EDGE_CURVE('',#2790,#2799,#3655,.T.);
#2172=EDGE_CURVE('',#2974,#2975,#3656,.T.);
#2173=EDGE_CURVE('',#2974,#2976,#3657,.T.);
#2174=EDGE_CURVE('',#2977,#2976,#3658,.T.);
#2175=EDGE_CURVE('',#2975,#2977,#3659,.T.);
#2176=EDGE_CURVE('',#2978,#2979,#3660,.T.);
#2177=EDGE_CURVE('',#2980,#2978,#3661,.T.);
#2178=EDGE_CURVE('',#2981,#2980,#3662,.T.);
#2179=EDGE_CURVE('',#2981,#2979,#3663,.T.);
#2180=EDGE_CURVE('',#2982,#2983,#3664,.T.);
#2181=EDGE_CURVE('',#2984,#2982,#3665,.T.);
#2182=EDGE_CURVE('',#2985,#2984,#3666,.T.);
#2183=EDGE_CURVE('',#2985,#2983,#3667,.T.);
#2184=EDGE_CURVE('',#2986,#2987,#3668,.T.);
#2185=EDGE_CURVE('',#2988,#2986,#3669,.T.);
#2186=EDGE_CURVE('',#2989,#2988,#3670,.T.);
#2187=EDGE_CURVE('',#2989,#2987,#3671,.T.);
#2188=EDGE_CURVE('',#2990,#2991,#3672,.T.);
#2189=EDGE_CURVE('',#2992,#2990,#3673,.T.);
#2190=EDGE_CURVE('',#2993,#2992,#3674,.T.);
#2191=EDGE_CURVE('',#2993,#2991,#3675,.T.);
#2192=EDGE_CURVE('',#2994,#2995,#3676,.T.);
#2193=EDGE_CURVE('',#2996,#2994,#3677,.T.);
#2194=EDGE_CURVE('',#2997,#2996,#3678,.T.);
#2195=EDGE_CURVE('',#2997,#2995,#3679,.T.);
#2196=EDGE_CURVE('',#2998,#2999,#3680,.T.);
#2197=EDGE_CURVE('',#2998,#3000,#3681,.T.);
#2198=EDGE_CURVE('',#3001,#3000,#3682,.T.);
#2199=EDGE_CURVE('',#2999,#3001,#3683,.T.);
#2200=EDGE_CURVE('',#3002,#3003,#3684,.T.);
#2201=EDGE_CURVE('',#3004,#3002,#3685,.T.);
#2202=EDGE_CURVE('',#3005,#3004,#3686,.T.);
#2203=EDGE_CURVE('',#3005,#3003,#3687,.T.);
#2204=EDGE_CURVE('',#3006,#3007,#3688,.T.);
#2205=EDGE_CURVE('',#3008,#3006,#3689,.T.);
#2206=EDGE_CURVE('',#3009,#3008,#3690,.T.);
#2207=EDGE_CURVE('',#3009,#3007,#3691,.T.);
#2208=EDGE_CURVE('',#3010,#3011,#3692,.T.);
#2209=EDGE_CURVE('',#3012,#3010,#3693,.T.);
#2210=EDGE_CURVE('',#3013,#3012,#3694,.T.);
#2211=EDGE_CURVE('',#3013,#3011,#3695,.T.);
#2212=EDGE_CURVE('',#3014,#3015,#3696,.T.);
#2213=EDGE_CURVE('',#3016,#3014,#3697,.T.);
#2214=EDGE_CURVE('',#3017,#3016,#3698,.T.);
#2215=EDGE_CURVE('',#3017,#3015,#3699,.T.);
#2216=EDGE_CURVE('',#3018,#3019,#3700,.T.);
#2217=EDGE_CURVE('',#3020,#3018,#3701,.T.);
#2218=EDGE_CURVE('',#3021,#3020,#3702,.T.);
#2219=EDGE_CURVE('',#3021,#3019,#3703,.T.);
#2220=EDGE_CURVE('',#3000,#3022,#3704,.T.);
#2221=EDGE_CURVE('',#3023,#2998,#3705,.T.);
#2222=EDGE_CURVE('',#3023,#3022,#3706,.T.);
#2223=EDGE_CURVE('',#3003,#3024,#3707,.T.);
#2224=EDGE_CURVE('',#3025,#3005,#3708,.T.);
#2225=EDGE_CURVE('',#3025,#3024,#3709,.T.);
#2226=EDGE_CURVE('',#3007,#3026,#3710,.T.);
#2227=EDGE_CURVE('',#3027,#3009,#3711,.T.);
#2228=EDGE_CURVE('',#3027,#3026,#3712,.T.);
#2229=EDGE_CURVE('',#3011,#3028,#3713,.T.);
#2230=EDGE_CURVE('',#3029,#3013,#3714,.T.);
#2231=EDGE_CURVE('',#3029,#3028,#3715,.T.);
#2232=EDGE_CURVE('',#3015,#3030,#3716,.T.);
#2233=EDGE_CURVE('',#3031,#3017,#3717,.T.);
#2234=EDGE_CURVE('',#3031,#3030,#3718,.T.);
#2235=EDGE_CURVE('',#3019,#3032,#3719,.T.);
#2236=EDGE_CURVE('',#3033,#3021,#3720,.T.);
#2237=EDGE_CURVE('',#3033,#3032,#3721,.T.);
#2238=EDGE_CURVE('',#3022,#3034,#3722,.T.);
#2239=EDGE_CURVE('',#3023,#3035,#3723,.T.);
#2240=EDGE_CURVE('',#3035,#3034,#3724,.T.);
#2241=EDGE_CURVE('',#3024,#3036,#3725,.T.);
#2242=EDGE_CURVE('',#3025,#3037,#3726,.T.);
#2243=EDGE_CURVE('',#3037,#3036,#3727,.T.);
#2244=EDGE_CURVE('',#3026,#3038,#3728,.T.);
#2245=EDGE_CURVE('',#3027,#3039,#3729,.T.);
#2246=EDGE_CURVE('',#3039,#3038,#3730,.T.);
#2247=EDGE_CURVE('',#3028,#3040,#3731,.T.);
#2248=EDGE_CURVE('',#3029,#3041,#3732,.T.);
#2249=EDGE_CURVE('',#3041,#3040,#3733,.T.);
#2250=EDGE_CURVE('',#3030,#3042,#3734,.T.);
#2251=EDGE_CURVE('',#3031,#3043,#3735,.T.);
#2252=EDGE_CURVE('',#3043,#3042,#3736,.T.);
#2253=EDGE_CURVE('',#3032,#3044,#3737,.T.);
#2254=EDGE_CURVE('',#3033,#3045,#3738,.T.);
#2255=EDGE_CURVE('',#3045,#3044,#3739,.T.);
#2256=EDGE_CURVE('',#3034,#3046,#3740,.T.);
#2257=EDGE_CURVE('',#3047,#3035,#3741,.T.);
#2258=EDGE_CURVE('',#3047,#3046,#3742,.T.);
#2259=EDGE_CURVE('',#3036,#3048,#3743,.T.);
#2260=EDGE_CURVE('',#3049,#3037,#3744,.T.);
#2261=EDGE_CURVE('',#3049,#3048,#3745,.T.);
#2262=EDGE_CURVE('',#3038,#3050,#3746,.T.);
#2263=EDGE_CURVE('',#3051,#3039,#3747,.T.);
#2264=EDGE_CURVE('',#3051,#3050,#3748,.T.);
#2265=EDGE_CURVE('',#3040,#3052,#3749,.T.);
#2266=EDGE_CURVE('',#3053,#3041,#3750,.T.);
#2267=EDGE_CURVE('',#3053,#3052,#3751,.T.);
#2268=EDGE_CURVE('',#3042,#3054,#3752,.T.);
#2269=EDGE_CURVE('',#3055,#3043,#3753,.T.);
#2270=EDGE_CURVE('',#3055,#3054,#3754,.T.);
#2271=EDGE_CURVE('',#3044,#3056,#3755,.T.);
#2272=EDGE_CURVE('',#3057,#3045,#3756,.T.);
#2273=EDGE_CURVE('',#3057,#3056,#3757,.T.);
#2274=EDGE_CURVE('',#3058,#3047,#3758,.T.);
#2275=EDGE_CURVE('',#3058,#3059,#3759,.T.);
#2276=EDGE_CURVE('',#3046,#3059,#3760,.T.);
#2277=EDGE_CURVE('',#3048,#3060,#3761,.T.);
#2278=EDGE_CURVE('',#3061,#3049,#3762,.T.);
#2279=EDGE_CURVE('',#3061,#3060,#3763,.T.);
#2280=EDGE_CURVE('',#3050,#3062,#3764,.T.);
#2281=EDGE_CURVE('',#3063,#3051,#3765,.T.);
#2282=EDGE_CURVE('',#3063,#3062,#3766,.T.);
#2283=EDGE_CURVE('',#3052,#3064,#3767,.T.);
#2284=EDGE_CURVE('',#3065,#3053,#3768,.T.);
#2285=EDGE_CURVE('',#3065,#3064,#3769,.T.);
#2286=EDGE_CURVE('',#3054,#3066,#3770,.T.);
#2287=EDGE_CURVE('',#3067,#3055,#3771,.T.);
#2288=EDGE_CURVE('',#3067,#3066,#3772,.T.);
#2289=EDGE_CURVE('',#3056,#3068,#3773,.T.);
#2290=EDGE_CURVE('',#3069,#3057,#3774,.T.);
#2291=EDGE_CURVE('',#3069,#3068,#3775,.T.);
#2292=EDGE_CURVE('',#3070,#3071,#3776,.T.);
#2293=EDGE_CURVE('',#3070,#3072,#3777,.T.);
#2294=EDGE_CURVE('',#3073,#3072,#3778,.T.);
#2295=EDGE_CURVE('',#3071,#3073,#3779,.T.);
#2296=EDGE_CURVE('',#3074,#3075,#3780,.T.);
#2297=EDGE_CURVE('',#3076,#3074,#3781,.T.);
#2298=EDGE_CURVE('',#3077,#3076,#3782,.T.);
#2299=EDGE_CURVE('',#3077,#3075,#3783,.T.);
#2300=EDGE_CURVE('',#3078,#3079,#3784,.T.);
#2301=EDGE_CURVE('',#3080,#3078,#3785,.T.);
#2302=EDGE_CURVE('',#3081,#3080,#3786,.T.);
#2303=EDGE_CURVE('',#3081,#3079,#3787,.T.);
#2304=EDGE_CURVE('',#3082,#3083,#3788,.T.);
#2305=EDGE_CURVE('',#3084,#3082,#3789,.T.);
#2306=EDGE_CURVE('',#3085,#3084,#3790,.T.);
#2307=EDGE_CURVE('',#3085,#3083,#3791,.T.);
#2308=EDGE_CURVE('',#3086,#3087,#3792,.T.);
#2309=EDGE_CURVE('',#3088,#3086,#3793,.T.);
#2310=EDGE_CURVE('',#3089,#3088,#3794,.T.);
#2311=EDGE_CURVE('',#3089,#3087,#3795,.T.);
#2312=EDGE_CURVE('',#3090,#3091,#3796,.T.);
#2313=EDGE_CURVE('',#3092,#3090,#3797,.T.);
#2314=EDGE_CURVE('',#3093,#3092,#3798,.T.);
#2315=EDGE_CURVE('',#3093,#3091,#3799,.T.);
#2316=EDGE_CURVE('',#3072,#3094,#3800,.T.);
#2317=EDGE_CURVE('',#3095,#3070,#3801,.T.);
#2318=EDGE_CURVE('',#3095,#3094,#3802,.T.);
#2319=EDGE_CURVE('',#3075,#3096,#3803,.T.);
#2320=EDGE_CURVE('',#3097,#3077,#3804,.T.);
#2321=EDGE_CURVE('',#3097,#3096,#3805,.T.);
#2322=EDGE_CURVE('',#3079,#3098,#3806,.T.);
#2323=EDGE_CURVE('',#3099,#3081,#3807,.T.);
#2324=EDGE_CURVE('',#3099,#3098,#3808,.T.);
#2325=EDGE_CURVE('',#3083,#3100,#3809,.T.);
#2326=EDGE_CURVE('',#3101,#3085,#3810,.T.);
#2327=EDGE_CURVE('',#3101,#3100,#3811,.T.);
#2328=EDGE_CURVE('',#3087,#3102,#3812,.T.);
#2329=EDGE_CURVE('',#3103,#3089,#3813,.T.);
#2330=EDGE_CURVE('',#3103,#3102,#3814,.T.);
#2331=EDGE_CURVE('',#3091,#3104,#3815,.T.);
#2332=EDGE_CURVE('',#3105,#3093,#3816,.T.);
#2333=EDGE_CURVE('',#3105,#3104,#3817,.T.);
#2334=EDGE_CURVE('',#3094,#3106,#3818,.T.);
#2335=EDGE_CURVE('',#3095,#3107,#3819,.T.);
#2336=EDGE_CURVE('',#3107,#3106,#3820,.T.);
#2337=EDGE_CURVE('',#3096,#3108,#3821,.T.);
#2338=EDGE_CURVE('',#3097,#3109,#3822,.T.);
#2339=EDGE_CURVE('',#3109,#3108,#3823,.T.);
#2340=EDGE_CURVE('',#3098,#3110,#3824,.T.);
#2341=EDGE_CURVE('',#3099,#3111,#3825,.T.);
#2342=EDGE_CURVE('',#3111,#3110,#3826,.T.);
#2343=EDGE_CURVE('',#3100,#3112,#3827,.T.);
#2344=EDGE_CURVE('',#3101,#3113,#3828,.T.);
#2345=EDGE_CURVE('',#3113,#3112,#3829,.T.);
#2346=EDGE_CURVE('',#3102,#3114,#3830,.T.);
#2347=EDGE_CURVE('',#3103,#3115,#3831,.T.);
#2348=EDGE_CURVE('',#3115,#3114,#3832,.T.);
#2349=EDGE_CURVE('',#3104,#3116,#3833,.T.);
#2350=EDGE_CURVE('',#3105,#3117,#3834,.T.);
#2351=EDGE_CURVE('',#3117,#3116,#3835,.T.);
#2352=EDGE_CURVE('',#3106,#2977,#3836,.T.);
#2353=EDGE_CURVE('',#2975,#3107,#3837,.T.);
#2354=EDGE_CURVE('',#3108,#2978,#3838,.T.);
#2355=EDGE_CURVE('',#2980,#3109,#3839,.T.);
#2356=EDGE_CURVE('',#3110,#2982,#3840,.T.);
#2357=EDGE_CURVE('',#2984,#3111,#3841,.T.);
#2358=EDGE_CURVE('',#3112,#2986,#3842,.T.);
#2359=EDGE_CURVE('',#2988,#3113,#3843,.T.);
#2360=EDGE_CURVE('',#3114,#2990,#3844,.T.);
#2361=EDGE_CURVE('',#2992,#3115,#3845,.T.);
#2362=EDGE_CURVE('',#3116,#2994,#3846,.T.);
#2363=EDGE_CURVE('',#2996,#3117,#3847,.T.);
#2364=EDGE_CURVE('',#3118,#3119,#3848,.T.);
#2365=EDGE_CURVE('',#3120,#3118,#3849,.T.);
#2366=EDGE_CURVE('',#3120,#3121,#3850,.T.);
#2367=EDGE_CURVE('',#3121,#3119,#3851,.T.);
#2368=EDGE_CURVE('',#3122,#2974,#3852,.T.);
#2369=EDGE_CURVE('',#3123,#3122,#3853,.T.);
#2370=EDGE_CURVE('',#2979,#3123,#3854,.T.);
#2371=EDGE_CURVE('',#3124,#2981,#3855,.T.);
#2372=EDGE_CURVE('',#3125,#3124,#3856,.T.);
#2373=EDGE_CURVE('',#2983,#3125,#3857,.T.);
#2374=EDGE_CURVE('',#3126,#2985,#3858,.T.);
#2375=EDGE_CURVE('',#3127,#3126,#3859,.T.);
#2376=EDGE_CURVE('',#2987,#3127,#3860,.T.);
#2377=EDGE_CURVE('',#3128,#2989,#3861,.T.);
#2378=EDGE_CURVE('',#3129,#3128,#3862,.T.);
#2379=EDGE_CURVE('',#2991,#3129,#3863,.T.);
#2380=EDGE_CURVE('',#3130,#2993,#3864,.T.);
#2381=EDGE_CURVE('',#3131,#3130,#3865,.T.);
#2382=EDGE_CURVE('',#2995,#3131,#3866,.T.);
#2383=EDGE_CURVE('',#3132,#2997,#3867,.T.);
#2384=EDGE_CURVE('',#3133,#3132,#3868,.T.);
#2385=EDGE_CURVE('',#3119,#3133,#3869,.T.);
#2386=EDGE_CURVE('',#3121,#3134,#3870,.T.);
#2387=EDGE_CURVE('',#3134,#3135,#3871,.T.);
#2388=EDGE_CURVE('',#2976,#3135,#3872,.T.);
#2389=EDGE_CURVE('',#2999,#3136,#3873,.T.);
#2390=EDGE_CURVE('',#3135,#3001,#3874,.T.);
#2391=EDGE_CURVE('',#3134,#3137,#3875,.T.);
#2392=EDGE_CURVE('',#3137,#3138,#3876,.T.);
#2393=EDGE_CURVE('',#3139,#3138,#3877,.T.);
#2394=EDGE_CURVE('',#3140,#3139,#3878,.T.);
#2395=EDGE_CURVE('',#3020,#3140,#3879,.T.);
#2396=EDGE_CURVE('',#3141,#3018,#3880,.T.);
#2397=EDGE_CURVE('',#3142,#3141,#3881,.T.);
#2398=EDGE_CURVE('',#3016,#3142,#3882,.T.);
#2399=EDGE_CURVE('',#3143,#3014,#3883,.T.);
#2400=EDGE_CURVE('',#3144,#3143,#3884,.T.);
#2401=EDGE_CURVE('',#3012,#3144,#3885,.T.);
#2402=EDGE_CURVE('',#3145,#3010,#3886,.T.);
#2403=EDGE_CURVE('',#3146,#3145,#3887,.T.);
#2404=EDGE_CURVE('',#3008,#3146,#3888,.T.);
#2405=EDGE_CURVE('',#3147,#3006,#3889,.T.);
#2406=EDGE_CURVE('',#3148,#3147,#3890,.T.);
#2407=EDGE_CURVE('',#3004,#3148,#3891,.T.);
#2408=EDGE_CURVE('',#3149,#3002,#3892,.T.);
#2409=EDGE_CURVE('',#3136,#3149,#3893,.T.);
#2410=EDGE_CURVE('',#3138,#3150,#3894,.T.);
#2411=EDGE_CURVE('',#3137,#3151,#3895,.T.);
#2412=EDGE_CURVE('',#3151,#3150,#3896,.T.);
#2413=EDGE_CURVE('',#3150,#3152,#3897,.T.);
#2414=EDGE_CURVE('',#3153,#3151,#3898,.T.);
#2415=EDGE_CURVE('',#3153,#3152,#3899,.T.);
#2416=EDGE_CURVE('',#3152,#3154,#3900,.T.);
#2417=EDGE_CURVE('',#3153,#3155,#3901,.T.);
#2418=EDGE_CURVE('',#3155,#3154,#3902,.T.);
#2419=EDGE_CURVE('',#3154,#3156,#3903,.T.);
#2420=EDGE_CURVE('',#3157,#3155,#3904,.T.);
#2421=EDGE_CURVE('',#3157,#3156,#3905,.T.);
#2422=EDGE_CURVE('',#3156,#3158,#3906,.T.);
#2423=EDGE_CURVE('',#3157,#3159,#3907,.T.);
#2424=EDGE_CURVE('',#3159,#3158,#3908,.T.);
#2425=EDGE_CURVE('',#3160,#3161,#3909,.T.);
#2426=EDGE_CURVE('',#3161,#3133,#3910,.T.);
#2427=EDGE_CURVE('',#3092,#3132,#3911,.T.);
#2428=EDGE_CURVE('',#3090,#3131,#3912,.T.);
#2429=EDGE_CURVE('',#3088,#3130,#3913,.T.);
#2430=EDGE_CURVE('',#3086,#3129,#3914,.T.);
#2431=EDGE_CURVE('',#3084,#3128,#3915,.T.);
#2432=EDGE_CURVE('',#3082,#3127,#3916,.T.);
#2433=EDGE_CURVE('',#3080,#3126,#3917,.T.);
#2434=EDGE_CURVE('',#3078,#3125,#3918,.T.);
#2435=EDGE_CURVE('',#3076,#3124,#3919,.T.);
#2436=EDGE_CURVE('',#3074,#3123,#3920,.T.);
#2437=EDGE_CURVE('',#3071,#3122,#3921,.T.);
#2438=EDGE_CURVE('',#3059,#3073,#3922,.T.);
#2439=EDGE_CURVE('',#3136,#3058,#3923,.T.);
#2440=EDGE_CURVE('',#3149,#3060,#3924,.T.);
#2441=EDGE_CURVE('',#3148,#3061,#3925,.T.);
#2442=EDGE_CURVE('',#3147,#3062,#3926,.T.);
#2443=EDGE_CURVE('',#3146,#3063,#3927,.T.);
#2444=EDGE_CURVE('',#3145,#3064,#3928,.T.);
#2445=EDGE_CURVE('',#3144,#3065,#3929,.T.);
#2446=EDGE_CURVE('',#3143,#3066,#3930,.T.);
#2447=EDGE_CURVE('',#3142,#3067,#3931,.T.);
#2448=EDGE_CURVE('',#3141,#3068,#3932,.T.);
#2449=EDGE_CURVE('',#3140,#3069,#3933,.T.);
#2450=EDGE_CURVE('',#3139,#3158,#3934,.T.);
#2451=EDGE_CURVE('',#3159,#3160,#3935,.T.);
#2452=EDGE_CURVE('',#3161,#3162,#3936,.T.);
#2453=EDGE_CURVE('',#3160,#3163,#3937,.T.);
#2454=EDGE_CURVE('',#3163,#3162,#3938,.T.);
#2455=EDGE_CURVE('',#3162,#3164,#3939,.T.);
#2456=EDGE_CURVE('',#3165,#3163,#3940,.T.);
#2457=EDGE_CURVE('',#3165,#3164,#3941,.T.);
#2458=EDGE_CURVE('',#3164,#3166,#3942,.T.);
#2459=EDGE_CURVE('',#3165,#3167,#3943,.T.);
#2460=EDGE_CURVE('',#3167,#3166,#3944,.T.);
#2461=EDGE_CURVE('',#3166,#3118,#3945,.T.);
#2462=EDGE_CURVE('',#3120,#3167,#3946,.T.);
#2463=EDGE_CURVE('',#3151,#3157,#3947,.T.);
#2464=EDGE_CURVE('',#3163,#3120,#3948,.T.);
#2465=EDGE_CURVE('',#3000,#3046,#3949,.T.);
#2466=EDGE_CURVE('',#3072,#2977,#3950,.T.);
#2467=EDGE_CURVE('',#3093,#2996,#3951,.T.);
#2468=EDGE_CURVE('',#3162,#3118,#3952,.T.);
#2469=EDGE_CURVE('',#3089,#2992,#3953,.T.);
#2470=EDGE_CURVE('',#3091,#2994,#3954,.T.);
#2471=EDGE_CURVE('',#3085,#2988,#3955,.T.);
#2472=EDGE_CURVE('',#3087,#2990,#3956,.T.);
#2473=EDGE_CURVE('',#3081,#2984,#3957,.T.);
#2474=EDGE_CURVE('',#3083,#2986,#3958,.T.);
#2475=EDGE_CURVE('',#3077,#2980,#3959,.T.);
#2476=EDGE_CURVE('',#3079,#2982,#3960,.T.);
#2477=EDGE_CURVE('',#3070,#2975,#3961,.T.);
#2478=EDGE_CURVE('',#3075,#2978,#3962,.T.);
#2479=EDGE_CURVE('',#3150,#3156,#3963,.T.);
#2480=EDGE_CURVE('',#3021,#3057,#3964,.T.);
#2481=EDGE_CURVE('',#3019,#3056,#3965,.T.);
#2482=EDGE_CURVE('',#3017,#3055,#3966,.T.);
#2483=EDGE_CURVE('',#3015,#3054,#3967,.T.);
#2484=EDGE_CURVE('',#3013,#3053,#3968,.T.);
#2485=EDGE_CURVE('',#3011,#3052,#3969,.T.);
#2486=EDGE_CURVE('',#3009,#3051,#3970,.T.);
#2487=EDGE_CURVE('',#3007,#3050,#3971,.T.);
#2488=EDGE_CURVE('',#3005,#3049,#3972,.T.);
#2489=EDGE_CURVE('',#2998,#3047,#3973,.T.);
#2490=EDGE_CURVE('',#3003,#3048,#3974,.T.);
#2491=EDGE_CURVE('',#3168,#3169,#3975,.T.);
#2492=EDGE_CURVE('',#3170,#3168,#3976,.T.);
#2493=EDGE_CURVE('',#3170,#3171,#3977,.T.);
#2494=EDGE_CURVE('',#3171,#3169,#3978,.T.);
#2495=EDGE_CURVE('',#3172,#3173,#3979,.T.);
#2496=EDGE_CURVE('',#3172,#3174,#3980,.T.);
#2497=EDGE_CURVE('',#3175,#3174,#3981,.T.);
#2498=EDGE_CURVE('',#3173,#3175,#3982,.T.);
#2499=EDGE_CURVE('',#3176,#3177,#3983,.T.);
#2500=EDGE_CURVE('',#3176,#3178,#3984,.T.);
#2501=EDGE_CURVE('',#3179,#3178,#3985,.T.);
#2502=EDGE_CURVE('',#3177,#3179,#3986,.T.);
#2503=EDGE_CURVE('',#3180,#3181,#3987,.T.);
#2504=EDGE_CURVE('',#3180,#3182,#3988,.T.);
#2505=EDGE_CURVE('',#3183,#3182,#3989,.T.);
#2506=EDGE_CURVE('',#3181,#3183,#3990,.T.);
#2507=EDGE_CURVE('',#3184,#3185,#3991,.T.);
#2508=EDGE_CURVE('',#3184,#3186,#3992,.T.);
#2509=EDGE_CURVE('',#3187,#3186,#3993,.T.);
#2510=EDGE_CURVE('',#3185,#3187,#3994,.T.);
#2511=EDGE_CURVE('',#3188,#3189,#3995,.T.);
#2512=EDGE_CURVE('',#3188,#3190,#3996,.T.);
#2513=EDGE_CURVE('',#3191,#3190,#3997,.T.);
#2514=EDGE_CURVE('',#3189,#3191,#3998,.T.);
#2515=EDGE_CURVE('',#3169,#3192,#3999,.T.);
#2516=EDGE_CURVE('',#3171,#3193,#4000,.T.);
#2517=EDGE_CURVE('',#3193,#3192,#4001,.T.);
#2518=EDGE_CURVE('',#3194,#3172,#4002,.T.);
#2519=EDGE_CURVE('',#3194,#3195,#4003,.T.);
#2520=EDGE_CURVE('',#3174,#3195,#4004,.T.);
#2521=EDGE_CURVE('',#3196,#3176,#4005,.T.);
#2522=EDGE_CURVE('',#3196,#3197,#4006,.T.);
#2523=EDGE_CURVE('',#3178,#3197,#4007,.T.);
#2524=EDGE_CURVE('',#3198,#3180,#4008,.T.);
#2525=EDGE_CURVE('',#3198,#3199,#4009,.T.);
#2526=EDGE_CURVE('',#3182,#3199,#4010,.T.);
#2527=EDGE_CURVE('',#3200,#3184,#4011,.T.);
#2528=EDGE_CURVE('',#3200,#3201,#4012,.T.);
#2529=EDGE_CURVE('',#3186,#3201,#4013,.T.);
#2530=EDGE_CURVE('',#3202,#3188,#4014,.T.);
#2531=EDGE_CURVE('',#3202,#3203,#4015,.T.);
#2532=EDGE_CURVE('',#3190,#3203,#4016,.T.);
#2533=EDGE_CURVE('',#3192,#3204,#4017,.T.);
#2534=EDGE_CURVE('',#3193,#3205,#4018,.T.);
#2535=EDGE_CURVE('',#3205,#3204,#4019,.T.);
#2536=EDGE_CURVE('',#3206,#3194,#4020,.T.);
#2537=EDGE_CURVE('',#3206,#3207,#4021,.T.);
#2538=EDGE_CURVE('',#3195,#3207,#4022,.T.);
#2539=EDGE_CURVE('',#3208,#3196,#4023,.T.);
#2540=EDGE_CURVE('',#3208,#3209,#4024,.T.);
#2541=EDGE_CURVE('',#3197,#3209,#4025,.T.);
#2542=EDGE_CURVE('',#3210,#3198,#4026,.T.);
#2543=EDGE_CURVE('',#3210,#3211,#4027,.T.);
#2544=EDGE_CURVE('',#3199,#3211,#4028,.T.);
#2545=EDGE_CURVE('',#3212,#3200,#4029,.T.);
#2546=EDGE_CURVE('',#3212,#3213,#4030,.T.);
#2547=EDGE_CURVE('',#3201,#3213,#4031,.T.);
#2548=EDGE_CURVE('',#3214,#3202,#4032,.T.);
#2549=EDGE_CURVE('',#3214,#3215,#4033,.T.);
#2550=EDGE_CURVE('',#3203,#3215,#4034,.T.);
#2551=EDGE_CURVE('',#3204,#3216,#10,.F.);
#2552=EDGE_CURVE('',#3205,#3217,#11,.T.);
#2553=EDGE_CURVE('',#3217,#3216,#4035,.T.);
#2554=EDGE_CURVE('',#3218,#3206,#12,.F.);
#2555=EDGE_CURVE('',#3218,#3219,#4036,.T.);
#2556=EDGE_CURVE('',#3207,#3219,#13,.F.);
#2557=EDGE_CURVE('',#3220,#3208,#14,.F.);
#2558=EDGE_CURVE('',#3220,#3221,#4037,.T.);
#2559=EDGE_CURVE('',#3209,#3221,#15,.F.);
#2560=EDGE_CURVE('',#3222,#3210,#16,.F.);
#2561=EDGE_CURVE('',#3222,#3223,#4038,.T.);
#2562=EDGE_CURVE('',#3211,#3223,#17,.F.);
#2563=EDGE_CURVE('',#3224,#3212,#18,.F.);
#2564=EDGE_CURVE('',#3224,#3225,#4039,.T.);
#2565=EDGE_CURVE('',#3213,#3225,#19,.F.);
#2566=EDGE_CURVE('',#3226,#3214,#20,.F.);
#2567=EDGE_CURVE('',#3226,#3227,#4040,.T.);
#2568=EDGE_CURVE('',#3215,#3227,#21,.F.);
#2569=EDGE_CURVE('',#3216,#3228,#4041,.T.);
#2570=EDGE_CURVE('',#3217,#3229,#4042,.T.);
#2571=EDGE_CURVE('',#3229,#3228,#4043,.T.);
#2572=EDGE_CURVE('',#3230,#3218,#4044,.T.);
#2573=EDGE_CURVE('',#3230,#3231,#4045,.T.);
#2574=EDGE_CURVE('',#3219,#3231,#4046,.T.);
#2575=EDGE_CURVE('',#3232,#3220,#4047,.T.);
#2576=EDGE_CURVE('',#3232,#3233,#4048,.T.);
#2577=EDGE_CURVE('',#3221,#3233,#4049,.T.);
#2578=EDGE_CURVE('',#3234,#3222,#4050,.T.);
#2579=EDGE_CURVE('',#3234,#3235,#4051,.T.);
#2580=EDGE_CURVE('',#3223,#3235,#4052,.T.);
#2581=EDGE_CURVE('',#3236,#3224,#4053,.T.);
#2582=EDGE_CURVE('',#3236,#3237,#4054,.T.);
#2583=EDGE_CURVE('',#3225,#3237,#4055,.T.);
#2584=EDGE_CURVE('',#3238,#3226,#4056,.T.);
#2585=EDGE_CURVE('',#3238,#3239,#4057,.T.);
#2586=EDGE_CURVE('',#3227,#3239,#4058,.T.);
#2587=EDGE_CURVE('',#3240,#3241,#4059,.T.);
#2588=EDGE_CURVE('',#3242,#3240,#4060,.T.);
#2589=EDGE_CURVE('',#3242,#3243,#4061,.T.);
#2590=EDGE_CURVE('',#3243,#3241,#4062,.T.);
#2591=EDGE_CURVE('',#3244,#3245,#4063,.T.);
#2592=EDGE_CURVE('',#3244,#3246,#4064,.T.);
#2593=EDGE_CURVE('',#3247,#3246,#4065,.T.);
#2594=EDGE_CURVE('',#3245,#3247,#4066,.T.);
#2595=EDGE_CURVE('',#3248,#3249,#4067,.T.);
#2596=EDGE_CURVE('',#3248,#3250,#4068,.T.);
#2597=EDGE_CURVE('',#3251,#3250,#4069,.T.);
#2598=EDGE_CURVE('',#3249,#3251,#4070,.T.);
#2599=EDGE_CURVE('',#3252,#3253,#4071,.T.);
#2600=EDGE_CURVE('',#3252,#3254,#4072,.T.);
#2601=EDGE_CURVE('',#3255,#3254,#4073,.T.);
#2602=EDGE_CURVE('',#3253,#3255,#4074,.T.);
#2603=EDGE_CURVE('',#3256,#3257,#4075,.T.);
#2604=EDGE_CURVE('',#3256,#3258,#4076,.T.);
#2605=EDGE_CURVE('',#3259,#3258,#4077,.T.);
#2606=EDGE_CURVE('',#3257,#3259,#4078,.T.);
#2607=EDGE_CURVE('',#3260,#3261,#4079,.T.);
#2608=EDGE_CURVE('',#3260,#3262,#4080,.T.);
#2609=EDGE_CURVE('',#3263,#3262,#4081,.T.);
#2610=EDGE_CURVE('',#3261,#3263,#4082,.T.);
#2611=EDGE_CURVE('',#3241,#3264,#22,.F.);
#2612=EDGE_CURVE('',#3243,#3265,#23,.T.);
#2613=EDGE_CURVE('',#3265,#3264,#4083,.T.);
#2614=EDGE_CURVE('',#3266,#3244,#24,.F.);
#2615=EDGE_CURVE('',#3266,#3267,#4084,.T.);
#2616=EDGE_CURVE('',#3246,#3267,#25,.F.);
#2617=EDGE_CURVE('',#3268,#3248,#26,.F.);
#2618=EDGE_CURVE('',#3268,#3269,#4085,.T.);
#2619=EDGE_CURVE('',#3250,#3269,#27,.F.);
#2620=EDGE_CURVE('',#3270,#3252,#28,.F.);
#2621=EDGE_CURVE('',#3270,#3271,#4086,.T.);
#2622=EDGE_CURVE('',#3254,#3271,#29,.F.);
#2623=EDGE_CURVE('',#3272,#3256,#30,.F.);
#2624=EDGE_CURVE('',#3272,#3273,#4087,.T.);
#2625=EDGE_CURVE('',#3258,#3273,#31,.F.);
#2626=EDGE_CURVE('',#3274,#3260,#32,.F.);
#2627=EDGE_CURVE('',#3274,#3275,#4088,.T.);
#2628=EDGE_CURVE('',#3262,#3275,#33,.F.);
#2629=EDGE_CURVE('',#3264,#3276,#4089,.T.);
#2630=EDGE_CURVE('',#3265,#3277,#4090,.T.);
#2631=EDGE_CURVE('',#3277,#3276,#4091,.T.);
#2632=EDGE_CURVE('',#3278,#3266,#4092,.T.);
#2633=EDGE_CURVE('',#3278,#3279,#4093,.T.);
#2634=EDGE_CURVE('',#3267,#3279,#4094,.T.);
#2635=EDGE_CURVE('',#3280,#3268,#4095,.T.);
#2636=EDGE_CURVE('',#3280,#3281,#4096,.T.);
#2637=EDGE_CURVE('',#3269,#3281,#4097,.T.);
#2638=EDGE_CURVE('',#3282,#3270,#4098,.T.);
#2639=EDGE_CURVE('',#3282,#3283,#4099,.T.);
#2640=EDGE_CURVE('',#3271,#3283,#4100,.T.);
#2641=EDGE_CURVE('',#3284,#3272,#4101,.T.);
#2642=EDGE_CURVE('',#3284,#3285,#4102,.T.);
#2643=EDGE_CURVE('',#3273,#3285,#4103,.T.);
#2644=EDGE_CURVE('',#3286,#3274,#4104,.T.);
#2645=EDGE_CURVE('',#3286,#3287,#4105,.T.);
#2646=EDGE_CURVE('',#3275,#3287,#4106,.T.);
#2647=EDGE_CURVE('',#3276,#3288,#4107,.T.);
#2648=EDGE_CURVE('',#3277,#3289,#4108,.T.);
#2649=EDGE_CURVE('',#3289,#3288,#4109,.T.);
#2650=EDGE_CURVE('',#3290,#3278,#4110,.T.);
#2651=EDGE_CURVE('',#3290,#3291,#4111,.T.);
#2652=EDGE_CURVE('',#3279,#3291,#4112,.T.);
#2653=EDGE_CURVE('',#3292,#3280,#4113,.T.);
#2654=EDGE_CURVE('',#3292,#3293,#4114,.T.);
#2655=EDGE_CURVE('',#3281,#3293,#4115,.T.);
#2656=EDGE_CURVE('',#3294,#3282,#4116,.T.);
#2657=EDGE_CURVE('',#3294,#3295,#4117,.T.);
#2658=EDGE_CURVE('',#3283,#3295,#4118,.T.);
#2659=EDGE_CURVE('',#3296,#3284,#4119,.T.);
#2660=EDGE_CURVE('',#3296,#3297,#4120,.T.);
#2661=EDGE_CURVE('',#3285,#3297,#4121,.T.);
#2662=EDGE_CURVE('',#3298,#3286,#4122,.T.);
#2663=EDGE_CURVE('',#3298,#3299,#4123,.T.);
#2664=EDGE_CURVE('',#3287,#3299,#4124,.T.);
#2665=EDGE_CURVE('',#3288,#3300,#4125,.T.);
#2666=EDGE_CURVE('',#3289,#3301,#4126,.T.);
#2667=EDGE_CURVE('',#3301,#3300,#4127,.T.);
#2668=EDGE_CURVE('',#3302,#3290,#4128,.T.);
#2669=EDGE_CURVE('',#3302,#3303,#4129,.T.);
#2670=EDGE_CURVE('',#3291,#3303,#4130,.T.);
#2671=EDGE_CURVE('',#3304,#3292,#4131,.T.);
#2672=EDGE_CURVE('',#3304,#3305,#4132,.T.);
#2673=EDGE_CURVE('',#3293,#3305,#4133,.T.);
#2674=EDGE_CURVE('',#3306,#3294,#4134,.T.);
#2675=EDGE_CURVE('',#3306,#3307,#4135,.T.);
#2676=EDGE_CURVE('',#3295,#3307,#4136,.T.);
#2677=EDGE_CURVE('',#3308,#3296,#4137,.T.);
#2678=EDGE_CURVE('',#3308,#3309,#4138,.T.);
#2679=EDGE_CURVE('',#3297,#3309,#4139,.T.);
#2680=EDGE_CURVE('',#3310,#3298,#4140,.T.);
#2681=EDGE_CURVE('',#3310,#3311,#4141,.T.);
#2682=EDGE_CURVE('',#3299,#3311,#4142,.T.);
#2683=EDGE_CURVE('',#3312,#3313,#4143,.T.);
#2684=EDGE_CURVE('',#3312,#3314,#4144,.T.);
#2685=EDGE_CURVE('',#3315,#3314,#4145,.T.);
#2686=EDGE_CURVE('',#3313,#3315,#4146,.T.);
#2687=EDGE_CURVE('',#3316,#3312,#4147,.T.);
#2688=EDGE_CURVE('',#3316,#3317,#4148,.T.);
#2689=EDGE_CURVE('',#3314,#3317,#4149,.T.);
#2690=EDGE_CURVE('',#3318,#3316,#4150,.T.);
#2691=EDGE_CURVE('',#3318,#3319,#4151,.T.);
#2692=EDGE_CURVE('',#3317,#3319,#4152,.T.);
#2693=EDGE_CURVE('',#3320,#3318,#34,.F.);
#2694=EDGE_CURVE('',#3320,#3321,#4153,.T.);
#2695=EDGE_CURVE('',#3319,#3321,#35,.T.);
#2696=EDGE_CURVE('',#3322,#3320,#4154,.T.);
#2697=EDGE_CURVE('',#3322,#3323,#4155,.T.);
#2698=EDGE_CURVE('',#3321,#3323,#4156,.T.);
#2699=EDGE_CURVE('',#3322,#3324,#4157,.T.);
#2700=EDGE_CURVE('',#3324,#3325,#4158,.T.);
#2701=EDGE_CURVE('',#3239,#3325,#4159,.T.);
#2702=EDGE_CURVE('',#3238,#3326,#4160,.T.);
#2703=EDGE_CURVE('',#3326,#3327,#4161,.T.);
#2704=EDGE_CURVE('',#3237,#3327,#4162,.T.);
#2705=EDGE_CURVE('',#3236,#3328,#4163,.T.);
#2706=EDGE_CURVE('',#3328,#3329,#4164,.T.);
#2707=EDGE_CURVE('',#3235,#3329,#4165,.T.);
#2708=EDGE_CURVE('',#3234,#3330,#4166,.T.);
#2709=EDGE_CURVE('',#3330,#3331,#4167,.T.);
#2710=EDGE_CURVE('',#3233,#3331,#4168,.T.);
#2711=EDGE_CURVE('',#3232,#3332,#4169,.T.);
#2712=EDGE_CURVE('',#3332,#3333,#4170,.T.);
#2713=EDGE_CURVE('',#3231,#3333,#4171,.T.);
#2714=EDGE_CURVE('',#3230,#3334,#4172,.T.);
#2715=EDGE_CURVE('',#3334,#3335,#4173,.T.);
#2716=EDGE_CURVE('',#3228,#3335,#4174,.T.);
#2717=EDGE_CURVE('',#3229,#3242,#4175,.T.);
#2718=EDGE_CURVE('',#3336,#3240,#4176,.T.);
#2719=EDGE_CURVE('',#3336,#3337,#4177,.T.);
#2720=EDGE_CURVE('',#3337,#3245,#4178,.T.);
#2721=EDGE_CURVE('',#3338,#3247,#4179,.T.);
#2722=EDGE_CURVE('',#3338,#3339,#4180,.T.);
#2723=EDGE_CURVE('',#3339,#3249,#4181,.T.);
#2724=EDGE_CURVE('',#3340,#3251,#4182,.T.);
#2725=EDGE_CURVE('',#3340,#3341,#4183,.T.);
#2726=EDGE_CURVE('',#3341,#3253,#4184,.T.);
#2727=EDGE_CURVE('',#3342,#3255,#4185,.T.);
#2728=EDGE_CURVE('',#3342,#3343,#4186,.T.);
#2729=EDGE_CURVE('',#3343,#3257,#4187,.T.);
#2730=EDGE_CURVE('',#3344,#3259,#4188,.T.);
#2731=EDGE_CURVE('',#3344,#3345,#4189,.T.);
#2732=EDGE_CURVE('',#3345,#3261,#4190,.T.);
#2733=EDGE_CURVE('',#3346,#3263,#4191,.T.);
#2734=EDGE_CURVE('',#3346,#3347,#4192,.T.);
#2735=EDGE_CURVE('',#3347,#3348,#4193,.T.);
#2736=EDGE_CURVE('',#3348,#3349,#4194,.T.);
#2737=EDGE_CURVE('',#3323,#3349,#4195,.T.);
#2738=EDGE_CURVE('',#3350,#3348,#4196,.T.);
#2739=EDGE_CURVE('',#3350,#3351,#4197,.T.);
#2740=EDGE_CURVE('',#3349,#3351,#4198,.T.);
#2741=EDGE_CURVE('',#3352,#3350,#36,.F.);
#2742=EDGE_CURVE('',#3352,#3353,#4199,.T.);
#2743=EDGE_CURVE('',#3351,#3353,#37,.T.);
#2744=EDGE_CURVE('',#3354,#3352,#4200,.T.);
#2745=EDGE_CURVE('',#3354,#3355,#4201,.T.);
#2746=EDGE_CURVE('',#3353,#3355,#4202,.T.);
#2747=EDGE_CURVE('',#3356,#3354,#4203,.T.);
#2748=EDGE_CURVE('',#3356,#3357,#4204,.T.);
#2749=EDGE_CURVE('',#3355,#3357,#4205,.T.);
#2750=EDGE_CURVE('',#3358,#3356,#4206,.T.);
#2751=EDGE_CURVE('',#3358,#3359,#4207,.T.);
#2752=EDGE_CURVE('',#3357,#3359,#4208,.T.);
#2753=EDGE_CURVE('',#3300,#3336,#4209,.T.);
#2754=EDGE_CURVE('',#3301,#3360,#4210,.T.);
#2755=EDGE_CURVE('',#3360,#3361,#4211,.T.);
#2756=EDGE_CURVE('',#3359,#3361,#4212,.T.);
#2757=EDGE_CURVE('',#3347,#3358,#4213,.T.);
#2758=EDGE_CURVE('',#3311,#3346,#4214,.T.);
#2759=EDGE_CURVE('',#3345,#3310,#4215,.T.);
#2760=EDGE_CURVE('',#3309,#3344,#4216,.T.);
#2761=EDGE_CURVE('',#3343,#3308,#4217,.T.);
#2762=EDGE_CURVE('',#3307,#3342,#4218,.T.);
#2763=EDGE_CURVE('',#3341,#3306,#4219,.T.);
#2764=EDGE_CURVE('',#3305,#3340,#4220,.T.);
#2765=EDGE_CURVE('',#3339,#3304,#4221,.T.);
#2766=EDGE_CURVE('',#3303,#3338,#4222,.T.);
#2767=EDGE_CURVE('',#3337,#3302,#4223,.T.);
#2768=EDGE_CURVE('',#3335,#3168,#4224,.T.);
#2769=EDGE_CURVE('',#3173,#3334,#4225,.T.);
#2770=EDGE_CURVE('',#3333,#3175,#4226,.T.);
#2771=EDGE_CURVE('',#3177,#3332,#4227,.T.);
#2772=EDGE_CURVE('',#3331,#3179,#4228,.T.);
#2773=EDGE_CURVE('',#3181,#3330,#4229,.T.);
#2774=EDGE_CURVE('',#3329,#3183,#4230,.T.);
#2775=EDGE_CURVE('',#3185,#3328,#4231,.T.);
#2776=EDGE_CURVE('',#3327,#3187,#4232,.T.);
#2777=EDGE_CURVE('',#3189,#3326,#4233,.T.);
#2778=EDGE_CURVE('',#3325,#3191,#4234,.T.);
#2779=EDGE_CURVE('',#3313,#3324,#4235,.T.);
#2780=EDGE_CURVE('',#3361,#3315,#4236,.T.);
#2781=EDGE_CURVE('',#3360,#3170,#4237,.T.);
#2782=VERTEX_POINT('',#8481);
#2783=VERTEX_POINT('',#8482);
#2784=VERTEX_POINT('',#8484);
#2785=VERTEX_POINT('',#8486);
#2786=VERTEX_POINT('',#8488);
#2787=VERTEX_POINT('',#8490);
#2788=VERTEX_POINT('',#8492);
#2789=VERTEX_POINT('',#8494);
#2790=VERTEX_POINT('',#8496);
#2791=VERTEX_POINT('',#8498);
#2792=VERTEX_POINT('',#8502);
#2793=VERTEX_POINT('',#8503);
#2794=VERTEX_POINT('',#8505);
#2795=VERTEX_POINT('',#8507);
#2796=VERTEX_POINT('',#8509);
#2797=VERTEX_POINT('',#8513);
#2798=VERTEX_POINT('',#8514);
#2799=VERTEX_POINT('',#8516);
#2800=VERTEX_POINT('',#8518);
#2801=VERTEX_POINT('',#8520);
#2802=VERTEX_POINT('',#8530);
#2803=VERTEX_POINT('',#8531);
#2804=VERTEX_POINT('',#8533);
#2805=VERTEX_POINT('',#8535);
#2806=VERTEX_POINT('',#8539);
#2807=VERTEX_POINT('',#8540);
#2808=VERTEX_POINT('',#8543);
#2809=VERTEX_POINT('',#8547);
#2810=VERTEX_POINT('',#8548);
#2811=VERTEX_POINT('',#8550);
#2812=VERTEX_POINT('',#8552);
#2813=VERTEX_POINT('',#8556);
#2814=VERTEX_POINT('',#8557);
#2815=VERTEX_POINT('',#8559);
#2816=VERTEX_POINT('',#8561);
#2817=VERTEX_POINT('',#8565);
#2818=VERTEX_POINT('',#8566);
#2819=VERTEX_POINT('',#8568);
#2820=VERTEX_POINT('',#8570);
#2821=VERTEX_POINT('',#8574);
#2822=VERTEX_POINT('',#8575);
#2823=VERTEX_POINT('',#8577);
#2824=VERTEX_POINT('',#8579);
#2825=VERTEX_POINT('',#8583);
#2826=VERTEX_POINT('',#8584);
#2827=VERTEX_POINT('',#8586);
#2828=VERTEX_POINT('',#8588);
#2829=VERTEX_POINT('',#8592);
#2830=VERTEX_POINT('',#8594);
#2831=VERTEX_POINT('',#8598);
#2832=VERTEX_POINT('',#8600);
#2833=VERTEX_POINT('',#8604);
#2834=VERTEX_POINT('',#8605);
#2835=VERTEX_POINT('',#8607);
#2836=VERTEX_POINT('',#8609);
#2837=VERTEX_POINT('',#8613);
#2838=VERTEX_POINT('',#8615);
#2839=VERTEX_POINT('',#8619);
#2840=VERTEX_POINT('',#8621);
#2841=VERTEX_POINT('',#8625);
#2842=VERTEX_POINT('',#8626);
#2843=VERTEX_POINT('',#8628);
#2844=VERTEX_POINT('',#8630);
#2845=VERTEX_POINT('',#8634);
#2846=VERTEX_POINT('',#8636);
#2847=VERTEX_POINT('',#8640);
#2848=VERTEX_POINT('',#8642);
#2849=VERTEX_POINT('',#8646);
#2850=VERTEX_POINT('',#8647);
#2851=VERTEX_POINT('',#8649);
#2852=VERTEX_POINT('',#8651);
#2853=VERTEX_POINT('',#8655);
#2854=VERTEX_POINT('',#8657);
#2855=VERTEX_POINT('',#8661);
#2856=VERTEX_POINT('',#8663);
#2857=VERTEX_POINT('',#8667);
#2858=VERTEX_POINT('',#8668);
#2859=VERTEX_POINT('',#8670);
#2860=VERTEX_POINT('',#8672);
#2861=VERTEX_POINT('',#8676);
#2862=VERTEX_POINT('',#8678);
#2863=VERTEX_POINT('',#8682);
#2864=VERTEX_POINT('',#8684);
#2865=VERTEX_POINT('',#8688);
#2866=VERTEX_POINT('',#8689);
#2867=VERTEX_POINT('',#8691);
#2868=VERTEX_POINT('',#8693);
#2869=VERTEX_POINT('',#8697);
#2870=VERTEX_POINT('',#8699);
#2871=VERTEX_POINT('',#8703);
#2872=VERTEX_POINT('',#8705);
#2873=VERTEX_POINT('',#8709);
#2874=VERTEX_POINT('',#8710);
#2875=VERTEX_POINT('',#8712);
#2876=VERTEX_POINT('',#8714);
#2877=VERTEX_POINT('',#8718);
#2878=VERTEX_POINT('',#8719);
#2879=VERTEX_POINT('',#8721);
#2880=VERTEX_POINT('',#8723);
#2881=VERTEX_POINT('',#8745);
#2882=VERTEX_POINT('',#8746);
#2883=VERTEX_POINT('',#8748);
#2884=VERTEX_POINT('',#8750);
#2885=VERTEX_POINT('',#8754);
#2886=VERTEX_POINT('',#8755);
#2887=VERTEX_POINT('',#8757);
#2888=VERTEX_POINT('',#8759);
#2889=VERTEX_POINT('',#8763);
#2890=VERTEX_POINT('',#8764);
#2891=VERTEX_POINT('',#8768);
#2892=VERTEX_POINT('',#8770);
#2893=VERTEX_POINT('',#8776);
#2894=VERTEX_POINT('',#8778);
#2895=VERTEX_POINT('',#8780);
#2896=VERTEX_POINT('',#8784);
#2897=VERTEX_POINT('',#8786);
#2898=VERTEX_POINT('',#8788);
#2899=VERTEX_POINT('',#8790);
#2900=VERTEX_POINT('',#8793);
#2901=VERTEX_POINT('',#8795);
#2902=VERTEX_POINT('',#8800);
#2903=VERTEX_POINT('',#8801);
#2904=VERTEX_POINT('',#8803);
#2905=VERTEX_POINT('',#8805);
#2906=VERTEX_POINT('',#8809);
#2907=VERTEX_POINT('',#8811);
#2908=VERTEX_POINT('',#8815);
#2909=VERTEX_POINT('',#8817);
#2910=VERTEX_POINT('',#8821);
#2911=VERTEX_POINT('',#8822);
#2912=VERTEX_POINT('',#8824);
#2913=VERTEX_POINT('',#8826);
#2914=VERTEX_POINT('',#8830);
#2915=VERTEX_POINT('',#8832);
#2916=VERTEX_POINT('',#8836);
#2917=VERTEX_POINT('',#8838);
#2918=VERTEX_POINT('',#8842);
#2919=VERTEX_POINT('',#8843);
#2920=VERTEX_POINT('',#8845);
#2921=VERTEX_POINT('',#8847);
#2922=VERTEX_POINT('',#8852);
#2923=VERTEX_POINT('',#8854);
#2924=VERTEX_POINT('',#8858);
#2925=VERTEX_POINT('',#8859);
#2926=VERTEX_POINT('',#8861);
#2927=VERTEX_POINT('',#8863);
#2928=VERTEX_POINT('',#8868);
#2929=VERTEX_POINT('',#8870);
#2930=VERTEX_POINT('',#8874);
#2931=VERTEX_POINT('',#8875);
#2932=VERTEX_POINT('',#8877);
#2933=VERTEX_POINT('',#8879);
#2934=VERTEX_POINT('',#8883);
#2935=VERTEX_POINT('',#8884);
#2936=VERTEX_POINT('',#8890);
#2937=VERTEX_POINT('',#8891);
#2938=VERTEX_POINT('',#8893);
#2939=VERTEX_POINT('',#8895);
#2940=VERTEX_POINT('',#8899);
#2941=VERTEX_POINT('',#8900);
#2942=VERTEX_POINT('',#8906);
#2943=VERTEX_POINT('',#8907);
#2944=VERTEX_POINT('',#8909);
#2945=VERTEX_POINT('',#8911);
#2946=VERTEX_POINT('',#8915);
#2947=VERTEX_POINT('',#8917);
#2948=VERTEX_POINT('',#8921);
#2949=VERTEX_POINT('',#8923);
#2950=VERTEX_POINT('',#8927);
#2951=VERTEX_POINT('',#8928);
#2952=VERTEX_POINT('',#8930);
#2953=VERTEX_POINT('',#8932);
#2954=VERTEX_POINT('',#8936);
#2955=VERTEX_POINT('',#8938);
#2956=VERTEX_POINT('',#8942);
#2957=VERTEX_POINT('',#8944);
#2958=VERTEX_POINT('',#8954);
#2959=VERTEX_POINT('',#8955);
#2960=VERTEX_POINT('',#8961);
#2961=VERTEX_POINT('',#8962);
#2962=VERTEX_POINT('',#8968);
#2963=VERTEX_POINT('',#8969);
#2964=VERTEX_POINT('',#8975);
#2965=VERTEX_POINT('',#8976);
#2966=VERTEX_POINT('',#8988);
#2967=VERTEX_POINT('',#8990);
#2968=VERTEX_POINT('',#9004);
#2969=VERTEX_POINT('',#9006);
#2970=VERTEX_POINT('',#9047);
#2971=VERTEX_POINT('',#9049);
#2972=VERTEX_POINT('',#9053);
#2973=VERTEX_POINT('',#9055);
#2974=VERTEX_POINT('',#9074);
#2975=VERTEX_POINT('',#9075);
#2976=VERTEX_POINT('',#9077);
#2977=VERTEX_POINT('',#9079);
#2978=VERTEX_POINT('',#9083);
#2979=VERTEX_POINT('',#9084);
#2980=VERTEX_POINT('',#9086);
#2981=VERTEX_POINT('',#9088);
#2982=VERTEX_POINT('',#9092);
#2983=VERTEX_POINT('',#9093);
#2984=VERTEX_POINT('',#9095);
#2985=VERTEX_POINT('',#9097);
#2986=VERTEX_POINT('',#9101);
#2987=VERTEX_POINT('',#9102);
#2988=VERTEX_POINT('',#9104);
#2989=VERTEX_POINT('',#9106);
#2990=VERTEX_POINT('',#9110);
#2991=VERTEX_POINT('',#9111);
#2992=VERTEX_POINT('',#9113);
#2993=VERTEX_POINT('',#9115);
#2994=VERTEX_POINT('',#9119);
#2995=VERTEX_POINT('',#9120);
#2996=VERTEX_POINT('',#9122);
#2997=VERTEX_POINT('',#9124);
#2998=VERTEX_POINT('',#9128);
#2999=VERTEX_POINT('',#9129);
#3000=VERTEX_POINT('',#9131);
#3001=VERTEX_POINT('',#9133);
#3002=VERTEX_POINT('',#9137);
#3003=VERTEX_POINT('',#9138);
#3004=VERTEX_POINT('',#9140);
#3005=VERTEX_POINT('',#9142);
#3006=VERTEX_POINT('',#9146);
#3007=VERTEX_POINT('',#9147);
#3008=VERTEX_POINT('',#9149);
#3009=VERTEX_POINT('',#9151);
#3010=VERTEX_POINT('',#9155);
#3011=VERTEX_POINT('',#9156);
#3012=VERTEX_POINT('',#9158);
#3013=VERTEX_POINT('',#9160);
#3014=VERTEX_POINT('',#9164);
#3015=VERTEX_POINT('',#9165);
#3016=VERTEX_POINT('',#9167);
#3017=VERTEX_POINT('',#9169);
#3018=VERTEX_POINT('',#9173);
#3019=VERTEX_POINT('',#9174);
#3020=VERTEX_POINT('',#9176);
#3021=VERTEX_POINT('',#9178);
#3022=VERTEX_POINT('',#9182);
#3023=VERTEX_POINT('',#9184);
#3024=VERTEX_POINT('',#9188);
#3025=VERTEX_POINT('',#9190);
#3026=VERTEX_POINT('',#9194);
#3027=VERTEX_POINT('',#9196);
#3028=VERTEX_POINT('',#9200);
#3029=VERTEX_POINT('',#9202);
#3030=VERTEX_POINT('',#9206);
#3031=VERTEX_POINT('',#9208);
#3032=VERTEX_POINT('',#9212);
#3033=VERTEX_POINT('',#9214);
#3034=VERTEX_POINT('',#9218);
#3035=VERTEX_POINT('',#9220);
#3036=VERTEX_POINT('',#9224);
#3037=VERTEX_POINT('',#9226);
#3038=VERTEX_POINT('',#9230);
#3039=VERTEX_POINT('',#9232);
#3040=VERTEX_POINT('',#9236);
#3041=VERTEX_POINT('',#9238);
#3042=VERTEX_POINT('',#9242);
#3043=VERTEX_POINT('',#9244);
#3044=VERTEX_POINT('',#9248);
#3045=VERTEX_POINT('',#9250);
#3046=VERTEX_POINT('',#9254);
#3047=VERTEX_POINT('',#9256);
#3048=VERTEX_POINT('',#9260);
#3049=VERTEX_POINT('',#9262);
#3050=VERTEX_POINT('',#9266);
#3051=VERTEX_POINT('',#9268);
#3052=VERTEX_POINT('',#9272);
#3053=VERTEX_POINT('',#9274);
#3054=VERTEX_POINT('',#9278);
#3055=VERTEX_POINT('',#9280);
#3056=VERTEX_POINT('',#9284);
#3057=VERTEX_POINT('',#9286);
#3058=VERTEX_POINT('',#9290);
#3059=VERTEX_POINT('',#9292);
#3060=VERTEX_POINT('',#9296);
#3061=VERTEX_POINT('',#9298);
#3062=VERTEX_POINT('',#9302);
#3063=VERTEX_POINT('',#9304);
#3064=VERTEX_POINT('',#9308);
#3065=VERTEX_POINT('',#9310);
#3066=VERTEX_POINT('',#9314);
#3067=VERTEX_POINT('',#9316);
#3068=VERTEX_POINT('',#9320);
#3069=VERTEX_POINT('',#9322);
#3070=VERTEX_POINT('',#9326);
#3071=VERTEX_POINT('',#9327);
#3072=VERTEX_POINT('',#9329);
#3073=VERTEX_POINT('',#9331);
#3074=VERTEX_POINT('',#9335);
#3075=VERTEX_POINT('',#9336);
#3076=VERTEX_POINT('',#9338);
#3077=VERTEX_POINT('',#9340);
#3078=VERTEX_POINT('',#9344);
#3079=VERTEX_POINT('',#9345);
#3080=VERTEX_POINT('',#9347);
#3081=VERTEX_POINT('',#9349);
#3082=VERTEX_POINT('',#9353);
#3083=VERTEX_POINT('',#9354);
#3084=VERTEX_POINT('',#9356);
#3085=VERTEX_POINT('',#9358);
#3086=VERTEX_POINT('',#9362);
#3087=VERTEX_POINT('',#9363);
#3088=VERTEX_POINT('',#9365);
#3089=VERTEX_POINT('',#9367);
#3090=VERTEX_POINT('',#9371);
#3091=VERTEX_POINT('',#9372);
#3092=VERTEX_POINT('',#9374);
#3093=VERTEX_POINT('',#9376);
#3094=VERTEX_POINT('',#9380);
#3095=VERTEX_POINT('',#9382);
#3096=VERTEX_POINT('',#9386);
#3097=VERTEX_POINT('',#9388);
#3098=VERTEX_POINT('',#9392);
#3099=VERTEX_POINT('',#9394);
#3100=VERTEX_POINT('',#9398);
#3101=VERTEX_POINT('',#9400);
#3102=VERTEX_POINT('',#9404);
#3103=VERTEX_POINT('',#9406);
#3104=VERTEX_POINT('',#9410);
#3105=VERTEX_POINT('',#9412);
#3106=VERTEX_POINT('',#9416);
#3107=VERTEX_POINT('',#9418);
#3108=VERTEX_POINT('',#9422);
#3109=VERTEX_POINT('',#9424);
#3110=VERTEX_POINT('',#9428);
#3111=VERTEX_POINT('',#9430);
#3112=VERTEX_POINT('',#9434);
#3113=VERTEX_POINT('',#9436);
#3114=VERTEX_POINT('',#9440);
#3115=VERTEX_POINT('',#9442);
#3116=VERTEX_POINT('',#9446);
#3117=VERTEX_POINT('',#9448);
#3118=VERTEX_POINT('',#9470);
#3119=VERTEX_POINT('',#9471);
#3120=VERTEX_POINT('',#9473);
#3121=VERTEX_POINT('',#9475);
#3122=VERTEX_POINT('',#9479);
#3123=VERTEX_POINT('',#9481);
#3124=VERTEX_POINT('',#9484);
#3125=VERTEX_POINT('',#9486);
#3126=VERTEX_POINT('',#9489);
#3127=VERTEX_POINT('',#9491);
#3128=VERTEX_POINT('',#9494);
#3129=VERTEX_POINT('',#9496);
#3130=VERTEX_POINT('',#9499);
#3131=VERTEX_POINT('',#9501);
#3132=VERTEX_POINT('',#9504);
#3133=VERTEX_POINT('',#9506);
#3134=VERTEX_POINT('',#9509);
#3135=VERTEX_POINT('',#9511);
#3136=VERTEX_POINT('',#9515);
#3137=VERTEX_POINT('',#9518);
#3138=VERTEX_POINT('',#9520);
#3139=VERTEX_POINT('',#9522);
#3140=VERTEX_POINT('',#9524);
#3141=VERTEX_POINT('',#9527);
#3142=VERTEX_POINT('',#9529);
#3143=VERTEX_POINT('',#9532);
#3144=VERTEX_POINT('',#9534);
#3145=VERTEX_POINT('',#9537);
#3146=VERTEX_POINT('',#9539);
#3147=VERTEX_POINT('',#9542);
#3148=VERTEX_POINT('',#9544);
#3149=VERTEX_POINT('',#9547);
#3150=VERTEX_POINT('',#9551);
#3151=VERTEX_POINT('',#9553);
#3152=VERTEX_POINT('',#9557);
#3153=VERTEX_POINT('',#9559);
#3154=VERTEX_POINT('',#9563);
#3155=VERTEX_POINT('',#9565);
#3156=VERTEX_POINT('',#9569);
#3157=VERTEX_POINT('',#9571);
#3158=VERTEX_POINT('',#9575);
#3159=VERTEX_POINT('',#9577);
#3160=VERTEX_POINT('',#9581);
#3161=VERTEX_POINT('',#9582);
#3162=VERTEX_POINT('',#9611);
#3163=VERTEX_POINT('',#9613);
#3164=VERTEX_POINT('',#9617);
#3165=VERTEX_POINT('',#9619);
#3166=VERTEX_POINT('',#9623);
#3167=VERTEX_POINT('',#9625);
#3168=VERTEX_POINT('',#9715);
#3169=VERTEX_POINT('',#9716);
#3170=VERTEX_POINT('',#9718);
#3171=VERTEX_POINT('',#9720);
#3172=VERTEX_POINT('',#9724);
#3173=VERTEX_POINT('',#9725);
#3174=VERTEX_POINT('',#9727);
#3175=VERTEX_POINT('',#9729);
#3176=VERTEX_POINT('',#9733);
#3177=VERTEX_POINT('',#9734);
#3178=VERTEX_POINT('',#9736);
#3179=VERTEX_POINT('',#9738);
#3180=VERTEX_POINT('',#9742);
#3181=VERTEX_POINT('',#9743);
#3182=VERTEX_POINT('',#9745);
#3183=VERTEX_POINT('',#9747);
#3184=VERTEX_POINT('',#9751);
#3185=VERTEX_POINT('',#9752);
#3186=VERTEX_POINT('',#9754);
#3187=VERTEX_POINT('',#9756);
#3188=VERTEX_POINT('',#9760);
#3189=VERTEX_POINT('',#9761);
#3190=VERTEX_POINT('',#9763);
#3191=VERTEX_POINT('',#9765);
#3192=VERTEX_POINT('',#9769);
#3193=VERTEX_POINT('',#9771);
#3194=VERTEX_POINT('',#9775);
#3195=VERTEX_POINT('',#9777);
#3196=VERTEX_POINT('',#9781);
#3197=VERTEX_POINT('',#9783);
#3198=VERTEX_POINT('',#9787);
#3199=VERTEX_POINT('',#9789);
#3200=VERTEX_POINT('',#9793);
#3201=VERTEX_POINT('',#9795);
#3202=VERTEX_POINT('',#9799);
#3203=VERTEX_POINT('',#9801);
#3204=VERTEX_POINT('',#9805);
#3205=VERTEX_POINT('',#9807);
#3206=VERTEX_POINT('',#9811);
#3207=VERTEX_POINT('',#9813);
#3208=VERTEX_POINT('',#9817);
#3209=VERTEX_POINT('',#9819);
#3210=VERTEX_POINT('',#9823);
#3211=VERTEX_POINT('',#9825);
#3212=VERTEX_POINT('',#9829);
#3213=VERTEX_POINT('',#9831);
#3214=VERTEX_POINT('',#9835);
#3215=VERTEX_POINT('',#9837);
#3216=VERTEX_POINT('',#9841);
#3217=VERTEX_POINT('',#9843);
#3218=VERTEX_POINT('',#9847);
#3219=VERTEX_POINT('',#9849);
#3220=VERTEX_POINT('',#9853);
#3221=VERTEX_POINT('',#9855);
#3222=VERTEX_POINT('',#9859);
#3223=VERTEX_POINT('',#9861);
#3224=VERTEX_POINT('',#9865);
#3225=VERTEX_POINT('',#9867);
#3226=VERTEX_POINT('',#9871);
#3227=VERTEX_POINT('',#9873);
#3228=VERTEX_POINT('',#9877);
#3229=VERTEX_POINT('',#9879);
#3230=VERTEX_POINT('',#9883);
#3231=VERTEX_POINT('',#9885);
#3232=VERTEX_POINT('',#9889);
#3233=VERTEX_POINT('',#9891);
#3234=VERTEX_POINT('',#9895);
#3235=VERTEX_POINT('',#9897);
#3236=VERTEX_POINT('',#9901);
#3237=VERTEX_POINT('',#9903);
#3238=VERTEX_POINT('',#9907);
#3239=VERTEX_POINT('',#9909);
#3240=VERTEX_POINT('',#9913);
#3241=VERTEX_POINT('',#9914);
#3242=VERTEX_POINT('',#9916);
#3243=VERTEX_POINT('',#9918);
#3244=VERTEX_POINT('',#9922);
#3245=VERTEX_POINT('',#9923);
#3246=VERTEX_POINT('',#9925);
#3247=VERTEX_POINT('',#9927);
#3248=VERTEX_POINT('',#9931);
#3249=VERTEX_POINT('',#9932);
#3250=VERTEX_POINT('',#9934);
#3251=VERTEX_POINT('',#9936);
#3252=VERTEX_POINT('',#9940);
#3253=VERTEX_POINT('',#9941);
#3254=VERTEX_POINT('',#9943);
#3255=VERTEX_POINT('',#9945);
#3256=VERTEX_POINT('',#9949);
#3257=VERTEX_POINT('',#9950);
#3258=VERTEX_POINT('',#9952);
#3259=VERTEX_POINT('',#9954);
#3260=VERTEX_POINT('',#9958);
#3261=VERTEX_POINT('',#9959);
#3262=VERTEX_POINT('',#9961);
#3263=VERTEX_POINT('',#9963);
#3264=VERTEX_POINT('',#9967);
#3265=VERTEX_POINT('',#9969);
#3266=VERTEX_POINT('',#9973);
#3267=VERTEX_POINT('',#9975);
#3268=VERTEX_POINT('',#9979);
#3269=VERTEX_POINT('',#9981);
#3270=VERTEX_POINT('',#9985);
#3271=VERTEX_POINT('',#9987);
#3272=VERTEX_POINT('',#9991);
#3273=VERTEX_POINT('',#9993);
#3274=VERTEX_POINT('',#9997);
#3275=VERTEX_POINT('',#9999);
#3276=VERTEX_POINT('',#10003);
#3277=VERTEX_POINT('',#10005);
#3278=VERTEX_POINT('',#10009);
#3279=VERTEX_POINT('',#10011);
#3280=VERTEX_POINT('',#10015);
#3281=VERTEX_POINT('',#10017);
#3282=VERTEX_POINT('',#10021);
#3283=VERTEX_POINT('',#10023);
#3284=VERTEX_POINT('',#10027);
#3285=VERTEX_POINT('',#10029);
#3286=VERTEX_POINT('',#10033);
#3287=VERTEX_POINT('',#10035);
#3288=VERTEX_POINT('',#10039);
#3289=VERTEX_POINT('',#10041);
#3290=VERTEX_POINT('',#10045);
#3291=VERTEX_POINT('',#10047);
#3292=VERTEX_POINT('',#10051);
#3293=VERTEX_POINT('',#10053);
#3294=VERTEX_POINT('',#10057);
#3295=VERTEX_POINT('',#10059);
#3296=VERTEX_POINT('',#10063);
#3297=VERTEX_POINT('',#10065);
#3298=VERTEX_POINT('',#10069);
#3299=VERTEX_POINT('',#10071);
#3300=VERTEX_POINT('',#10075);
#3301=VERTEX_POINT('',#10077);
#3302=VERTEX_POINT('',#10081);
#3303=VERTEX_POINT('',#10083);
#3304=VERTEX_POINT('',#10087);
#3305=VERTEX_POINT('',#10089);
#3306=VERTEX_POINT('',#10093);
#3307=VERTEX_POINT('',#10095);
#3308=VERTEX_POINT('',#10099);
#3309=VERTEX_POINT('',#10101);
#3310=VERTEX_POINT('',#10105);
#3311=VERTEX_POINT('',#10107);
#3312=VERTEX_POINT('',#10111);
#3313=VERTEX_POINT('',#10112);
#3314=VERTEX_POINT('',#10114);
#3315=VERTEX_POINT('',#10116);
#3316=VERTEX_POINT('',#10120);
#3317=VERTEX_POINT('',#10122);
#3318=VERTEX_POINT('',#10126);
#3319=VERTEX_POINT('',#10128);
#3320=VERTEX_POINT('',#10132);
#3321=VERTEX_POINT('',#10134);
#3322=VERTEX_POINT('',#10138);
#3323=VERTEX_POINT('',#10140);
#3324=VERTEX_POINT('',#10144);
#3325=VERTEX_POINT('',#10146);
#3326=VERTEX_POINT('',#10149);
#3327=VERTEX_POINT('',#10151);
#3328=VERTEX_POINT('',#10154);
#3329=VERTEX_POINT('',#10156);
#3330=VERTEX_POINT('',#10159);
#3331=VERTEX_POINT('',#10161);
#3332=VERTEX_POINT('',#10164);
#3333=VERTEX_POINT('',#10166);
#3334=VERTEX_POINT('',#10169);
#3335=VERTEX_POINT('',#10171);
#3336=VERTEX_POINT('',#10175);
#3337=VERTEX_POINT('',#10177);
#3338=VERTEX_POINT('',#10180);
#3339=VERTEX_POINT('',#10182);
#3340=VERTEX_POINT('',#10185);
#3341=VERTEX_POINT('',#10187);
#3342=VERTEX_POINT('',#10190);
#3343=VERTEX_POINT('',#10192);
#3344=VERTEX_POINT('',#10195);
#3345=VERTEX_POINT('',#10197);
#3346=VERTEX_POINT('',#10200);
#3347=VERTEX_POINT('',#10202);
#3348=VERTEX_POINT('',#10204);
#3349=VERTEX_POINT('',#10206);
#3350=VERTEX_POINT('',#10210);
#3351=VERTEX_POINT('',#10212);
#3352=VERTEX_POINT('',#10216);
#3353=VERTEX_POINT('',#10218);
#3354=VERTEX_POINT('',#10222);
#3355=VERTEX_POINT('',#10224);
#3356=VERTEX_POINT('',#10228);
#3357=VERTEX_POINT('',#10230);
#3358=VERTEX_POINT('',#10234);
#3359=VERTEX_POINT('',#10236);
#3360=VERTEX_POINT('',#10241);
#3361=VERTEX_POINT('',#10243);
#3362=LINE('',#8480,#4238);
#3363=LINE('',#8483,#4239);
#3364=LINE('',#8485,#4240);
#3365=LINE('',#8487,#4241);
#3366=LINE('',#8489,#4242);
#3367=LINE('',#8491,#4243);
#3368=LINE('',#8493,#4244);
#3369=LINE('',#8495,#4245);
#3370=LINE('',#8497,#4246);
#3371=LINE('',#8499,#4247);
#3372=LINE('',#8501,#4248);
#3373=LINE('',#8504,#4249);
#3374=LINE('',#8506,#4250);
#3375=LINE('',#8508,#4251);
#3376=LINE('',#8510,#4252);
#3377=LINE('',#8512,#4253);
#3378=LINE('',#8515,#4254);
#3379=LINE('',#8517,#4255);
#3380=LINE('',#8519,#4256);
#3381=LINE('',#8521,#4257);
#3382=LINE('',#8523,#4258);
#3383=LINE('',#8524,#4259);
#3384=LINE('',#8526,#4260);
#3385=LINE('',#8527,#4261);
#3386=LINE('',#8529,#4262);
#3387=LINE('',#8532,#4263);
#3388=LINE('',#8534,#4264);
#3389=LINE('',#8536,#4265);
#3390=LINE('',#8538,#4266);
#3391=LINE('',#8541,#4267);
#3392=LINE('',#8542,#4268);
#3393=LINE('',#8544,#4269);
#3394=LINE('',#8546,#4270);
#3395=LINE('',#8549,#4271);
#3396=LINE('',#8551,#4272);
#3397=LINE('',#8553,#4273);
#3398=LINE('',#8555,#4274);
#3399=LINE('',#8558,#4275);
#3400=LINE('',#8560,#4276);
#3401=LINE('',#8562,#4277);
#3402=LINE('',#8564,#4278);
#3403=LINE('',#8567,#4279);
#3404=LINE('',#8569,#4280);
#3405=LINE('',#8571,#4281);
#3406=LINE('',#8573,#4282);
#3407=LINE('',#8576,#4283);
#3408=LINE('',#8578,#4284);
#3409=LINE('',#8580,#4285);
#3410=LINE('',#8582,#4286);
#3411=LINE('',#8585,#4287);
#3412=LINE('',#8587,#4288);
#3413=LINE('',#8589,#4289);
#3414=LINE('',#8591,#4290);
#3415=LINE('',#8593,#4291);
#3416=LINE('',#8595,#4292);
#3417=LINE('',#8597,#4293);
#3418=LINE('',#8599,#4294);
#3419=LINE('',#8601,#4295);
#3420=LINE('',#8603,#4296);
#3421=LINE('',#8606,#4297);
#3422=LINE('',#8608,#4298);
#3423=LINE('',#8610,#4299);
#3424=LINE('',#8612,#4300);
#3425=LINE('',#8614,#4301);
#3426=LINE('',#8616,#4302);
#3427=LINE('',#8618,#4303);
#3428=LINE('',#8620,#4304);
#3429=LINE('',#8622,#4305);
#3430=LINE('',#8624,#4306);
#3431=LINE('',#8627,#4307);
#3432=LINE('',#8629,#4308);
#3433=LINE('',#8631,#4309);
#3434=LINE('',#8633,#4310);
#3435=LINE('',#8635,#4311);
#3436=LINE('',#8637,#4312);
#3437=LINE('',#8639,#4313);
#3438=LINE('',#8641,#4314);
#3439=LINE('',#8643,#4315);
#3440=LINE('',#8645,#4316);
#3441=LINE('',#8648,#4317);
#3442=LINE('',#8650,#4318);
#3443=LINE('',#8652,#4319);
#3444=LINE('',#8654,#4320);
#3445=LINE('',#8656,#4321);
#3446=LINE('',#8658,#4322);
#3447=LINE('',#8660,#4323);
#3448=LINE('',#8662,#4324);
#3449=LINE('',#8664,#4325);
#3450=LINE('',#8666,#4326);
#3451=LINE('',#8669,#4327);
#3452=LINE('',#8671,#4328);
#3453=LINE('',#8673,#4329);
#3454=LINE('',#8675,#4330);
#3455=LINE('',#8677,#4331);
#3456=LINE('',#8679,#4332);
#3457=LINE('',#8681,#4333);
#3458=LINE('',#8683,#4334);
#3459=LINE('',#8685,#4335);
#3460=LINE('',#8687,#4336);
#3461=LINE('',#8690,#4337);
#3462=LINE('',#8692,#4338);
#3463=LINE('',#8694,#4339);
#3464=LINE('',#8696,#4340);
#3465=LINE('',#8698,#4341);
#3466=LINE('',#8700,#4342);
#3467=LINE('',#8702,#4343);
#3468=LINE('',#8704,#4344);
#3469=LINE('',#8706,#4345);
#3470=LINE('',#8708,#4346);
#3471=LINE('',#8711,#4347);
#3472=LINE('',#8713,#4348);
#3473=LINE('',#8715,#4349);
#3474=LINE('',#8717,#4350);
#3475=LINE('',#8720,#4351);
#3476=LINE('',#8722,#4352);
#3477=LINE('',#8724,#4353);
#3478=LINE('',#8726,#4354);
#3479=LINE('',#8727,#4355);
#3480=LINE('',#8729,#4356);
#3481=LINE('',#8730,#4357);
#3482=LINE('',#8732,#4358);
#3483=LINE('',#8733,#4359);
#3484=LINE('',#8735,#4360);
#3485=LINE('',#8736,#4361);
#3486=LINE('',#8738,#4362);
#3487=LINE('',#8739,#4363);
#3488=LINE('',#8741,#4364);
#3489=LINE('',#8742,#4365);
#3490=LINE('',#8744,#4366);
#3491=LINE('',#8747,#4367);
#3492=LINE('',#8749,#4368);
#3493=LINE('',#8751,#4369);
#3494=LINE('',#8753,#4370);
#3495=LINE('',#8756,#4371);
#3496=LINE('',#8758,#4372);
#3497=LINE('',#8760,#4373);
#3498=LINE('',#8762,#4374);
#3499=LINE('',#8765,#4375);
#3500=LINE('',#8766,#4376);
#3501=LINE('',#8767,#4377);
#3502=LINE('',#8769,#4378);
#3503=LINE('',#8771,#4379);
#3504=LINE('',#8772,#4380);
#3505=LINE('',#8773,#4381);
#3506=LINE('',#8775,#4382);
#3507=LINE('',#8777,#4383);
#3508=LINE('',#8779,#4384);
#3509=LINE('',#8781,#4385);
#3510=LINE('',#8783,#4386);
#3511=LINE('',#8785,#4387);
#3512=LINE('',#8787,#4388);
#3513=LINE('',#8789,#4389);
#3514=LINE('',#8791,#4390);
#3515=LINE('',#8792,#4391);
#3516=LINE('',#8794,#4392);
#3517=LINE('',#8796,#4393);
#3518=LINE('',#8797,#4394);
#3519=LINE('',#8799,#4395);
#3520=LINE('',#8802,#4396);
#3521=LINE('',#8804,#4397);
#3522=LINE('',#8806,#4398);
#3523=LINE('',#8808,#4399);
#3524=LINE('',#8810,#4400);
#3525=LINE('',#8812,#4401);
#3526=LINE('',#8814,#4402);
#3527=LINE('',#8816,#4403);
#3528=LINE('',#8818,#4404);
#3529=LINE('',#8820,#4405);
#3530=LINE('',#8823,#4406);
#3531=LINE('',#8825,#4407);
#3532=LINE('',#8827,#4408);
#3533=LINE('',#8829,#4409);
#3534=LINE('',#8831,#4410);
#3535=LINE('',#8833,#4411);
#3536=LINE('',#8835,#4412);
#3537=LINE('',#8837,#4413);
#3538=LINE('',#8839,#4414);
#3539=LINE('',#8841,#4415);
#3540=LINE('',#8844,#4416);
#3541=LINE('',#8846,#4417);
#3542=LINE('',#8848,#4418);
#3543=LINE('',#8849,#4419);
#3544=LINE('',#8851,#4420);
#3545=LINE('',#8853,#4421);
#3546=LINE('',#8855,#4422);
#3547=LINE('',#8857,#4423);
#3548=LINE('',#8860,#4424);
#3549=LINE('',#8862,#4425);
#3550=LINE('',#8864,#4426);
#3551=LINE('',#8865,#4427);
#3552=LINE('',#8867,#4428);
#3553=LINE('',#8869,#4429);
#3554=LINE('',#8871,#4430);
#3555=LINE('',#8873,#4431);
#3556=LINE('',#8876,#4432);
#3557=LINE('',#8878,#4433);
#3558=LINE('',#8880,#4434);
#3559=LINE('',#8882,#4435);
#3560=LINE('',#8885,#4436);
#3561=LINE('',#8886,#4437);
#3562=LINE('',#8887,#4438);
#3563=LINE('',#8889,#4439);
#3564=LINE('',#8892,#4440);
#3565=LINE('',#8894,#4441);
#3566=LINE('',#8896,#4442);
#3567=LINE('',#8898,#4443);
#3568=LINE('',#8901,#4444);
#3569=LINE('',#8902,#4445);
#3570=LINE('',#8903,#4446);
#3571=LINE('',#8905,#4447);
#3572=LINE('',#8908,#4448);
#3573=LINE('',#8910,#4449);
#3574=LINE('',#8912,#4450);
#3575=LINE('',#8914,#4451);
#3576=LINE('',#8916,#4452);
#3577=LINE('',#8918,#4453);
#3578=LINE('',#8920,#4454);
#3579=LINE('',#8922,#4455);
#3580=LINE('',#8924,#4456);
#3581=LINE('',#8926,#4457);
#3582=LINE('',#8929,#4458);
#3583=LINE('',#8931,#4459);
#3584=LINE('',#8933,#4460);
#3585=LINE('',#8935,#4461);
#3586=LINE('',#8937,#4462);
#3587=LINE('',#8939,#4463);
#3588=LINE('',#8941,#4464);
#3589=LINE('',#8943,#4465);
#3590=LINE('',#8945,#4466);
#3591=LINE('',#8947,#4467);
#3592=LINE('',#8948,#4468);
#3593=LINE('',#8950,#4469);
#3594=LINE('',#8951,#4470);
#3595=LINE('',#8953,#4471);
#3596=LINE('',#8956,#4472);
#3597=LINE('',#8957,#4473);
#3598=LINE('',#8958,#4474);
#3599=LINE('',#8960,#4475);
#3600=LINE('',#8963,#4476);
#3601=LINE('',#8964,#4477);
#3602=LINE('',#8965,#4478);
#3603=LINE('',#8967,#4479);
#3604=LINE('',#8970,#4480);
#3605=LINE('',#8971,#4481);
#3606=LINE('',#8972,#4482);
#3607=LINE('',#8974,#4483);
#3608=LINE('',#8977,#4484);
#3609=LINE('',#8978,#4485);
#3610=LINE('',#8979,#4486);
#3611=LINE('',#8981,#4487);
#3612=LINE('',#8982,#4488);
#3613=LINE('',#8984,#4489);
#3614=LINE('',#8985,#4490);
#3615=LINE('',#8987,#4491);
#3616=LINE('',#8989,#4492);
#3617=LINE('',#8991,#4493);
#3618=LINE('',#8993,#4494);
#3619=LINE('',#8994,#4495);
#3620=LINE('',#8995,#4496);
#3621=LINE('',#8997,#4497);
#3622=LINE('',#8998,#4498);
#3623=LINE('',#8999,#4499);
#3624=LINE('',#9000,#4500);
#3625=LINE('',#9001,#4501);
#3626=LINE('',#9002,#4502);
#3627=LINE('',#9003,#4503);
#3628=LINE('',#9005,#4504);
#3629=LINE('',#9007,#4505);
#3630=LINE('',#9009,#4506);
#3631=LINE('',#9010,#4507);
#3632=LINE('',#9012,#4508);
#3633=LINE('',#9014,#4509);
#3634=LINE('',#9016,#4510);
#3635=LINE('',#9017,#4511);
#3636=LINE('',#9019,#4512);
#3637=LINE('',#9021,#4513);
#3638=LINE('',#9023,#4514);
#3639=LINE('',#9026,#4515);
#3640=LINE('',#9035,#4516);
#3641=LINE('',#9038,#4517);
#3642=LINE('',#9041,#4518);
#3643=LINE('',#9043,#4519);
#3644=LINE('',#9045,#4520);
#3645=LINE('',#9046,#4521);
#3646=LINE('',#9048,#4522);
#3647=LINE('',#9050,#4523);
#3648=LINE('',#9052,#4524);
#3649=LINE('',#9054,#4525);
#3650=LINE('',#9056,#4526);
#3651=LINE('',#9057,#4527);
#3652=LINE('',#9059,#4528);
#3653=LINE('',#9062,#4529);
#3654=LINE('',#9066,#4530);
#3655=LINE('',#9069,#4531);
#3656=LINE('',#9073,#4532);
#3657=LINE('',#9076,#4533);
#3658=LINE('',#9078,#4534);
#3659=LINE('',#9080,#4535);
#3660=LINE('',#9082,#4536);
#3661=LINE('',#9085,#4537);
#3662=LINE('',#9087,#4538);
#3663=LINE('',#9089,#4539);
#3664=LINE('',#9091,#4540);
#3665=LINE('',#9094,#4541);
#3666=LINE('',#9096,#4542);
#3667=LINE('',#9098,#4543);
#3668=LINE('',#9100,#4544);
#3669=LINE('',#9103,#4545);
#3670=LINE('',#9105,#4546);
#3671=LINE('',#9107,#4547);
#3672=LINE('',#9109,#4548);
#3673=LINE('',#9112,#4549);
#3674=LINE('',#9114,#4550);
#3675=LINE('',#9116,#4551);
#3676=LINE('',#9118,#4552);
#3677=LINE('',#9121,#4553);
#3678=LINE('',#9123,#4554);
#3679=LINE('',#9125,#4555);
#3680=LINE('',#9127,#4556);
#3681=LINE('',#9130,#4557);
#3682=LINE('',#9132,#4558);
#3683=LINE('',#9134,#4559);
#3684=LINE('',#9136,#4560);
#3685=LINE('',#9139,#4561);
#3686=LINE('',#9141,#4562);
#3687=LINE('',#9143,#4563);
#3688=LINE('',#9145,#4564);
#3689=LINE('',#9148,#4565);
#3690=LINE('',#9150,#4566);
#3691=LINE('',#9152,#4567);
#3692=LINE('',#9154,#4568);
#3693=LINE('',#9157,#4569);
#3694=LINE('',#9159,#4570);
#3695=LINE('',#9161,#4571);
#3696=LINE('',#9163,#4572);
#3697=LINE('',#9166,#4573);
#3698=LINE('',#9168,#4574);
#3699=LINE('',#9170,#4575);
#3700=LINE('',#9172,#4576);
#3701=LINE('',#9175,#4577);
#3702=LINE('',#9177,#4578);
#3703=LINE('',#9179,#4579);
#3704=LINE('',#9181,#4580);
#3705=LINE('',#9183,#4581);
#3706=LINE('',#9185,#4582);
#3707=LINE('',#9187,#4583);
#3708=LINE('',#9189,#4584);
#3709=LINE('',#9191,#4585);
#3710=LINE('',#9193,#4586);
#3711=LINE('',#9195,#4587);
#3712=LINE('',#9197,#4588);
#3713=LINE('',#9199,#4589);
#3714=LINE('',#9201,#4590);
#3715=LINE('',#9203,#4591);
#3716=LINE('',#9205,#4592);
#3717=LINE('',#9207,#4593);
#3718=LINE('',#9209,#4594);
#3719=LINE('',#9211,#4595);
#3720=LINE('',#9213,#4596);
#3721=LINE('',#9215,#4597);
#3722=LINE('',#9217,#4598);
#3723=LINE('',#9219,#4599);
#3724=LINE('',#9221,#4600);
#3725=LINE('',#9223,#4601);
#3726=LINE('',#9225,#4602);
#3727=LINE('',#9227,#4603);
#3728=LINE('',#9229,#4604);
#3729=LINE('',#9231,#4605);
#3730=LINE('',#9233,#4606);
#3731=LINE('',#9235,#4607);
#3732=LINE('',#9237,#4608);
#3733=LINE('',#9239,#4609);
#3734=LINE('',#9241,#4610);
#3735=LINE('',#9243,#4611);
#3736=LINE('',#9245,#4612);
#3737=LINE('',#9247,#4613);
#3738=LINE('',#9249,#4614);
#3739=LINE('',#9251,#4615);
#3740=LINE('',#9253,#4616);
#3741=LINE('',#9255,#4617);
#3742=LINE('',#9257,#4618);
#3743=LINE('',#9259,#4619);
#3744=LINE('',#9261,#4620);
#3745=LINE('',#9263,#4621);
#3746=LINE('',#9265,#4622);
#3747=LINE('',#9267,#4623);
#3748=LINE('',#9269,#4624);
#3749=LINE('',#9271,#4625);
#3750=LINE('',#9273,#4626);
#3751=LINE('',#9275,#4627);
#3752=LINE('',#9277,#4628);
#3753=LINE('',#9279,#4629);
#3754=LINE('',#9281,#4630);
#3755=LINE('',#9283,#4631);
#3756=LINE('',#9285,#4632);
#3757=LINE('',#9287,#4633);
#3758=LINE('',#9289,#4634);
#3759=LINE('',#9291,#4635);
#3760=LINE('',#9293,#4636);
#3761=LINE('',#9295,#4637);
#3762=LINE('',#9297,#4638);
#3763=LINE('',#9299,#4639);
#3764=LINE('',#9301,#4640);
#3765=LINE('',#9303,#4641);
#3766=LINE('',#9305,#4642);
#3767=LINE('',#9307,#4643);
#3768=LINE('',#9309,#4644);
#3769=LINE('',#9311,#4645);
#3770=LINE('',#9313,#4646);
#3771=LINE('',#9315,#4647);
#3772=LINE('',#9317,#4648);
#3773=LINE('',#9319,#4649);
#3774=LINE('',#9321,#4650);
#3775=LINE('',#9323,#4651);
#3776=LINE('',#9325,#4652);
#3777=LINE('',#9328,#4653);
#3778=LINE('',#9330,#4654);
#3779=LINE('',#9332,#4655);
#3780=LINE('',#9334,#4656);
#3781=LINE('',#9337,#4657);
#3782=LINE('',#9339,#4658);
#3783=LINE('',#9341,#4659);
#3784=LINE('',#9343,#4660);
#3785=LINE('',#9346,#4661);
#3786=LINE('',#9348,#4662);
#3787=LINE('',#9350,#4663);
#3788=LINE('',#9352,#4664);
#3789=LINE('',#9355,#4665);
#3790=LINE('',#9357,#4666);
#3791=LINE('',#9359,#4667);
#3792=LINE('',#9361,#4668);
#3793=LINE('',#9364,#4669);
#3794=LINE('',#9366,#4670);
#3795=LINE('',#9368,#4671);
#3796=LINE('',#9370,#4672);
#3797=LINE('',#9373,#4673);
#3798=LINE('',#9375,#4674);
#3799=LINE('',#9377,#4675);
#3800=LINE('',#9379,#4676);
#3801=LINE('',#9381,#4677);
#3802=LINE('',#9383,#4678);
#3803=LINE('',#9385,#4679);
#3804=LINE('',#9387,#4680);
#3805=LINE('',#9389,#4681);
#3806=LINE('',#9391,#4682);
#3807=LINE('',#9393,#4683);
#3808=LINE('',#9395,#4684);
#3809=LINE('',#9397,#4685);
#3810=LINE('',#9399,#4686);
#3811=LINE('',#9401,#4687);
#3812=LINE('',#9403,#4688);
#3813=LINE('',#9405,#4689);
#3814=LINE('',#9407,#4690);
#3815=LINE('',#9409,#4691);
#3816=LINE('',#9411,#4692);
#3817=LINE('',#9413,#4693);
#3818=LINE('',#9415,#4694);
#3819=LINE('',#9417,#4695);
#3820=LINE('',#9419,#4696);
#3821=LINE('',#9421,#4697);
#3822=LINE('',#9423,#4698);
#3823=LINE('',#9425,#4699);
#3824=LINE('',#9427,#4700);
#3825=LINE('',#9429,#4701);
#3826=LINE('',#9431,#4702);
#3827=LINE('',#9433,#4703);
#3828=LINE('',#9435,#4704);
#3829=LINE('',#9437,#4705);
#3830=LINE('',#9439,#4706);
#3831=LINE('',#9441,#4707);
#3832=LINE('',#9443,#4708);
#3833=LINE('',#9445,#4709);
#3834=LINE('',#9447,#4710);
#3835=LINE('',#9449,#4711);
#3836=LINE('',#9451,#4712);
#3837=LINE('',#9452,#4713);
#3838=LINE('',#9454,#4714);
#3839=LINE('',#9455,#4715);
#3840=LINE('',#9457,#4716);
#3841=LINE('',#9458,#4717);
#3842=LINE('',#9460,#4718);
#3843=LINE('',#9461,#4719);
#3844=LINE('',#9463,#4720);
#3845=LINE('',#9464,#4721);
#3846=LINE('',#9466,#4722);
#3847=LINE('',#9467,#4723);
#3848=LINE('',#9469,#4724);
#3849=LINE('',#9472,#4725);
#3850=LINE('',#9474,#4726);
#3851=LINE('',#9476,#4727);
#3852=LINE('',#9478,#4728);
#3853=LINE('',#9480,#4729);
#3854=LINE('',#9482,#4730);
#3855=LINE('',#9483,#4731);
#3856=LINE('',#9485,#4732);
#3857=LINE('',#9487,#4733);
#3858=LINE('',#9488,#4734);
#3859=LINE('',#9490,#4735);
#3860=LINE('',#9492,#4736);
#3861=LINE('',#9493,#4737);
#3862=LINE('',#9495,#4738);
#3863=LINE('',#9497,#4739);
#3864=LINE('',#9498,#4740);
#3865=LINE('',#9500,#4741);
#3866=LINE('',#9502,#4742);
#3867=LINE('',#9503,#4743);
#3868=LINE('',#9505,#4744);
#3869=LINE('',#9507,#4745);
#3870=LINE('',#9508,#4746);
#3871=LINE('',#9510,#4747);
#3872=LINE('',#9512,#4748);
#3873=LINE('',#9514,#4749);
#3874=LINE('',#9516,#4750);
#3875=LINE('',#9517,#4751);
#3876=LINE('',#9519,#4752);
#3877=LINE('',#9521,#4753);
#3878=LINE('',#9523,#4754);
#3879=LINE('',#9525,#4755);
#3880=LINE('',#9526,#4756);
#3881=LINE('',#9528,#4757);
#3882=LINE('',#9530,#4758);
#3883=LINE('',#9531,#4759);
#3884=LINE('',#9533,#4760);
#3885=LINE('',#9535,#4761);
#3886=LINE('',#9536,#4762);
#3887=LINE('',#9538,#4763);
#3888=LINE('',#9540,#4764);
#3889=LINE('',#9541,#4765);
#3890=LINE('',#9543,#4766);
#3891=LINE('',#9545,#4767);
#3892=LINE('',#9546,#4768);
#3893=LINE('',#9548,#4769);
#3894=LINE('',#9550,#4770);
#3895=LINE('',#9552,#4771);
#3896=LINE('',#9554,#4772);
#3897=LINE('',#9556,#4773);
#3898=LINE('',#9558,#4774);
#3899=LINE('',#9560,#4775);
#3900=LINE('',#9562,#4776);
#3901=LINE('',#9564,#4777);
#3902=LINE('',#9566,#4778);
#3903=LINE('',#9568,#4779);
#3904=LINE('',#9570,#4780);
#3905=LINE('',#9572,#4781);
#3906=LINE('',#9574,#4782);
#3907=LINE('',#9576,#4783);
#3908=LINE('',#9578,#4784);
#3909=LINE('',#9580,#4785);
#3910=LINE('',#9583,#4786);
#3911=LINE('',#9584,#4787);
#3912=LINE('',#9585,#4788);
#3913=LINE('',#9586,#4789);
#3914=LINE('',#9587,#4790);
#3915=LINE('',#9588,#4791);
#3916=LINE('',#9589,#4792);
#3917=LINE('',#9590,#4793);
#3918=LINE('',#9591,#4794);
#3919=LINE('',#9592,#4795);
#3920=LINE('',#9593,#4796);
#3921=LINE('',#9594,#4797);
#3922=LINE('',#9595,#4798);
#3923=LINE('',#9596,#4799);
#3924=LINE('',#9597,#4800);
#3925=LINE('',#9598,#4801);
#3926=LINE('',#9599,#4802);
#3927=LINE('',#9600,#4803);
#3928=LINE('',#9601,#4804);
#3929=LINE('',#9602,#4805);
#3930=LINE('',#9603,#4806);
#3931=LINE('',#9604,#4807);
#3932=LINE('',#9605,#4808);
#3933=LINE('',#9606,#4809);
#3934=LINE('',#9607,#4810);
#3935=LINE('',#9608,#4811);
#3936=LINE('',#9610,#4812);
#3937=LINE('',#9612,#4813);
#3938=LINE('',#9614,#4814);
#3939=LINE('',#9616,#4815);
#3940=LINE('',#9618,#4816);
#3941=LINE('',#9620,#4817);
#3942=LINE('',#9622,#4818);
#3943=LINE('',#9624,#4819);
#3944=LINE('',#9626,#4820);
#3945=LINE('',#9628,#4821);
#3946=LINE('',#9629,#4822);
#3947=LINE('',#9631,#4823);
#3948=LINE('',#9632,#4824);
#3949=LINE('',#9634,#4825);
#3950=LINE('',#9635,#4826);
#3951=LINE('',#9641,#4827);
#3952=LINE('',#9643,#4828);
#3953=LINE('',#9647,#4829);
#3954=LINE('',#9649,#4830);
#3955=LINE('',#9653,#4831);
#3956=LINE('',#9655,#4832);
#3957=LINE('',#9659,#4833);
#3958=LINE('',#9661,#4834);
#3959=LINE('',#9665,#4835);
#3960=LINE('',#9667,#4836);
#3961=LINE('',#9671,#4837);
#3962=LINE('',#9673,#4838);
#3963=LINE('',#9677,#4839);
#3964=LINE('',#9679,#4840);
#3965=LINE('',#9683,#4841);
#3966=LINE('',#9685,#4842);
#3967=LINE('',#9689,#4843);
#3968=LINE('',#9691,#4844);
#3969=LINE('',#9695,#4845);
#3970=LINE('',#9697,#4846);
#3971=LINE('',#9701,#4847);
#3972=LINE('',#9703,#4848);
#3973=LINE('',#9707,#4849);
#3974=LINE('',#9709,#4850);
#3975=LINE('',#9714,#4851);
#3976=LINE('',#9717,#4852);
#3977=LINE('',#9719,#4853);
#3978=LINE('',#9721,#4854);
#3979=LINE('',#9723,#4855);
#3980=LINE('',#9726,#4856);
#3981=LINE('',#9728,#4857);
#3982=LINE('',#9730,#4858);
#3983=LINE('',#9732,#4859);
#3984=LINE('',#9735,#4860);
#3985=LINE('',#9737,#4861);
#3986=LINE('',#9739,#4862);
#3987=LINE('',#9741,#4863);
#3988=LINE('',#9744,#4864);
#3989=LINE('',#9746,#4865);
#3990=LINE('',#9748,#4866);
#3991=LINE('',#9750,#4867);
#3992=LINE('',#9753,#4868);
#3993=LINE('',#9755,#4869);
#3994=LINE('',#9757,#4870);
#3995=LINE('',#9759,#4871);
#3996=LINE('',#9762,#4872);
#3997=LINE('',#9764,#4873);
#3998=LINE('',#9766,#4874);
#3999=LINE('',#9768,#4875);
#4000=LINE('',#9770,#4876);
#4001=LINE('',#9772,#4877);
#4002=LINE('',#9774,#4878);
#4003=LINE('',#9776,#4879);
#4004=LINE('',#9778,#4880);
#4005=LINE('',#9780,#4881);
#4006=LINE('',#9782,#4882);
#4007=LINE('',#9784,#4883);
#4008=LINE('',#9786,#4884);
#4009=LINE('',#9788,#4885);
#4010=LINE('',#9790,#4886);
#4011=LINE('',#9792,#4887);
#4012=LINE('',#9794,#4888);
#4013=LINE('',#9796,#4889);
#4014=LINE('',#9798,#4890);
#4015=LINE('',#9800,#4891);
#4016=LINE('',#9802,#4892);
#4017=LINE('',#9804,#4893);
#4018=LINE('',#9806,#4894);
#4019=LINE('',#9808,#4895);
#4020=LINE('',#9810,#4896);
#4021=LINE('',#9812,#4897);
#4022=LINE('',#9814,#4898);
#4023=LINE('',#9816,#4899);
#4024=LINE('',#9818,#4900);
#4025=LINE('',#9820,#4901);
#4026=LINE('',#9822,#4902);
#4027=LINE('',#9824,#4903);
#4028=LINE('',#9826,#4904);
#4029=LINE('',#9828,#4905);
#4030=LINE('',#9830,#4906);
#4031=LINE('',#9832,#4907);
#4032=LINE('',#9834,#4908);
#4033=LINE('',#9836,#4909);
#4034=LINE('',#9838,#4910);
#4035=LINE('',#9844,#4911);
#4036=LINE('',#9848,#4912);
#4037=LINE('',#9854,#4913);
#4038=LINE('',#9860,#4914);
#4039=LINE('',#9866,#4915);
#4040=LINE('',#9872,#4916);
#4041=LINE('',#9876,#4917);
#4042=LINE('',#9878,#4918);
#4043=LINE('',#9880,#4919);
#4044=LINE('',#9882,#4920);
#4045=LINE('',#9884,#4921);
#4046=LINE('',#9886,#4922);
#4047=LINE('',#9888,#4923);
#4048=LINE('',#9890,#4924);
#4049=LINE('',#9892,#4925);
#4050=LINE('',#9894,#4926);
#4051=LINE('',#9896,#4927);
#4052=LINE('',#9898,#4928);
#4053=LINE('',#9900,#4929);
#4054=LINE('',#9902,#4930);
#4055=LINE('',#9904,#4931);
#4056=LINE('',#9906,#4932);
#4057=LINE('',#9908,#4933);
#4058=LINE('',#9910,#4934);
#4059=LINE('',#9912,#4935);
#4060=LINE('',#9915,#4936);
#4061=LINE('',#9917,#4937);
#4062=LINE('',#9919,#4938);
#4063=LINE('',#9921,#4939);
#4064=LINE('',#9924,#4940);
#4065=LINE('',#9926,#4941);
#4066=LINE('',#9928,#4942);
#4067=LINE('',#9930,#4943);
#4068=LINE('',#9933,#4944);
#4069=LINE('',#9935,#4945);
#4070=LINE('',#9937,#4946);
#4071=LINE('',#9939,#4947);
#4072=LINE('',#9942,#4948);
#4073=LINE('',#9944,#4949);
#4074=LINE('',#9946,#4950);
#4075=LINE('',#9948,#4951);
#4076=LINE('',#9951,#4952);
#4077=LINE('',#9953,#4953);
#4078=LINE('',#9955,#4954);
#4079=LINE('',#9957,#4955);
#4080=LINE('',#9960,#4956);
#4081=LINE('',#9962,#4957);
#4082=LINE('',#9964,#4958);
#4083=LINE('',#9970,#4959);
#4084=LINE('',#9974,#4960);
#4085=LINE('',#9980,#4961);
#4086=LINE('',#9986,#4962);
#4087=LINE('',#9992,#4963);
#4088=LINE('',#9998,#4964);
#4089=LINE('',#10002,#4965);
#4090=LINE('',#10004,#4966);
#4091=LINE('',#10006,#4967);
#4092=LINE('',#10008,#4968);
#4093=LINE('',#10010,#4969);
#4094=LINE('',#10012,#4970);
#4095=LINE('',#10014,#4971);
#4096=LINE('',#10016,#4972);
#4097=LINE('',#10018,#4973);
#4098=LINE('',#10020,#4974);
#4099=LINE('',#10022,#4975);
#4100=LINE('',#10024,#4976);
#4101=LINE('',#10026,#4977);
#4102=LINE('',#10028,#4978);
#4103=LINE('',#10030,#4979);
#4104=LINE('',#10032,#4980);
#4105=LINE('',#10034,#4981);
#4106=LINE('',#10036,#4982);
#4107=LINE('',#10038,#4983);
#4108=LINE('',#10040,#4984);
#4109=LINE('',#10042,#4985);
#4110=LINE('',#10044,#4986);
#4111=LINE('',#10046,#4987);
#4112=LINE('',#10048,#4988);
#4113=LINE('',#10050,#4989);
#4114=LINE('',#10052,#4990);
#4115=LINE('',#10054,#4991);
#4116=LINE('',#10056,#4992);
#4117=LINE('',#10058,#4993);
#4118=LINE('',#10060,#4994);
#4119=LINE('',#10062,#4995);
#4120=LINE('',#10064,#4996);
#4121=LINE('',#10066,#4997);
#4122=LINE('',#10068,#4998);
#4123=LINE('',#10070,#4999);
#4124=LINE('',#10072,#5000);
#4125=LINE('',#10074,#5001);
#4126=LINE('',#10076,#5002);
#4127=LINE('',#10078,#5003);
#4128=LINE('',#10080,#5004);
#4129=LINE('',#10082,#5005);
#4130=LINE('',#10084,#5006);
#4131=LINE('',#10086,#5007);
#4132=LINE('',#10088,#5008);
#4133=LINE('',#10090,#5009);
#4134=LINE('',#10092,#5010);
#4135=LINE('',#10094,#5011);
#4136=LINE('',#10096,#5012);
#4137=LINE('',#10098,#5013);
#4138=LINE('',#10100,#5014);
#4139=LINE('',#10102,#5015);
#4140=LINE('',#10104,#5016);
#4141=LINE('',#10106,#5017);
#4142=LINE('',#10108,#5018);
#4143=LINE('',#10110,#5019);
#4144=LINE('',#10113,#5020);
#4145=LINE('',#10115,#5021);
#4146=LINE('',#10117,#5022);
#4147=LINE('',#10119,#5023);
#4148=LINE('',#10121,#5024);
#4149=LINE('',#10123,#5025);
#4150=LINE('',#10125,#5026);
#4151=LINE('',#10127,#5027);
#4152=LINE('',#10129,#5028);
#4153=LINE('',#10133,#5029);
#4154=LINE('',#10137,#5030);
#4155=LINE('',#10139,#5031);
#4156=LINE('',#10141,#5032);
#4157=LINE('',#10143,#5033);
#4158=LINE('',#10145,#5034);
#4159=LINE('',#10147,#5035);
#4160=LINE('',#10148,#5036);
#4161=LINE('',#10150,#5037);
#4162=LINE('',#10152,#5038);
#4163=LINE('',#10153,#5039);
#4164=LINE('',#10155,#5040);
#4165=LINE('',#10157,#5041);
#4166=LINE('',#10158,#5042);
#4167=LINE('',#10160,#5043);
#4168=LINE('',#10162,#5044);
#4169=LINE('',#10163,#5045);
#4170=LINE('',#10165,#5046);
#4171=LINE('',#10167,#5047);
#4172=LINE('',#10168,#5048);
#4173=LINE('',#10170,#5049);
#4174=LINE('',#10172,#5050);
#4175=LINE('',#10173,#5051);
#4176=LINE('',#10174,#5052);
#4177=LINE('',#10176,#5053);
#4178=LINE('',#10178,#5054);
#4179=LINE('',#10179,#5055);
#4180=LINE('',#10181,#5056);
#4181=LINE('',#10183,#5057);
#4182=LINE('',#10184,#5058);
#4183=LINE('',#10186,#5059);
#4184=LINE('',#10188,#5060);
#4185=LINE('',#10189,#5061);
#4186=LINE('',#10191,#5062);
#4187=LINE('',#10193,#5063);
#4188=LINE('',#10194,#5064);
#4189=LINE('',#10196,#5065);
#4190=LINE('',#10198,#5066);
#4191=LINE('',#10199,#5067);
#4192=LINE('',#10201,#5068);
#4193=LINE('',#10203,#5069);
#4194=LINE('',#10205,#5070);
#4195=LINE('',#10207,#5071);
#4196=LINE('',#10209,#5072);
#4197=LINE('',#10211,#5073);
#4198=LINE('',#10213,#5074);
#4199=LINE('',#10217,#5075);
#4200=LINE('',#10221,#5076);
#4201=LINE('',#10223,#5077);
#4202=LINE('',#10225,#5078);
#4203=LINE('',#10227,#5079);
#4204=LINE('',#10229,#5080);
#4205=LINE('',#10231,#5081);
#4206=LINE('',#10233,#5082);
#4207=LINE('',#10235,#5083);
#4208=LINE('',#10237,#5084);
#4209=LINE('',#10239,#5085);
#4210=LINE('',#10240,#5086);
#4211=LINE('',#10242,#5087);
#4212=LINE('',#10244,#5088);
#4213=LINE('',#10245,#5089);
#4214=LINE('',#10246,#5090);
#4215=LINE('',#10247,#5091);
#4216=LINE('',#10248,#5092);
#4217=LINE('',#10249,#5093);
#4218=LINE('',#10250,#5094);
#4219=LINE('',#10251,#5095);
#4220=LINE('',#10252,#5096);
#4221=LINE('',#10253,#5097);
#4222=LINE('',#10254,#5098);
#4223=LINE('',#10255,#5099);
#4224=LINE('',#10257,#5100);
#4225=LINE('',#10258,#5101);
#4226=LINE('',#10259,#5102);
#4227=LINE('',#10260,#5103);
#4228=LINE('',#10261,#5104);
#4229=LINE('',#10262,#5105);
#4230=LINE('',#10263,#5106);
#4231=LINE('',#10264,#5107);
#4232=LINE('',#10265,#5108);
#4233=LINE('',#10266,#5109);
#4234=LINE('',#10267,#5110);
#4235=LINE('',#10268,#5111);
#4236=LINE('',#10269,#5112);
#4237=LINE('',#10270,#5113);
#4238=VECTOR('',#6878,39.3700787401575);
#4239=VECTOR('',#6879,39.3700787401575);
#4240=VECTOR('',#6880,39.3700787401575);
#4241=VECTOR('',#6881,39.3700787401575);
#4242=VECTOR('',#6882,39.3700787401575);
#4243=VECTOR('',#6883,39.3700787401575);
#4244=VECTOR('',#6884,39.3700787401575);
#4245=VECTOR('',#6885,39.3700787401575);
#4246=VECTOR('',#6886,39.3700787401575);
#4247=VECTOR('',#6887,39.3700787401575);
#4248=VECTOR('',#6890,39.3700787401575);
#4249=VECTOR('',#6891,39.3700787401575);
#4250=VECTOR('',#6892,39.3700787401575);
#4251=VECTOR('',#6893,39.3700787401575);
#4252=VECTOR('',#6894,39.3700787401575);
#4253=VECTOR('',#6897,39.3700787401575);
#4254=VECTOR('',#6898,39.3700787401575);
#4255=VECTOR('',#6899,39.3700787401575);
#4256=VECTOR('',#6900,39.3700787401575);
#4257=VECTOR('',#6901,39.3700787401575);
#4258=VECTOR('',#6904,39.3700787401575);
#4259=VECTOR('',#6905,39.3700787401575);
#4260=VECTOR('',#6908,39.3700787401575);
#4261=VECTOR('',#6909,39.3700787401575);
#4262=VECTOR('',#6912,39.3700787401575);
#4263=VECTOR('',#6913,39.3700787401575);
#4264=VECTOR('',#6914,39.3700787401575);
#4265=VECTOR('',#6915,39.3700787401575);
#4266=VECTOR('',#6918,39.3700787401575);
#4267=VECTOR('',#6919,39.3700787401575);
#4268=VECTOR('',#6920,39.3700787401575);
#4269=VECTOR('',#6921,39.3700787401575);
#4270=VECTOR('',#6924,39.3700787401575);
#4271=VECTOR('',#6925,39.3700787401575);
#4272=VECTOR('',#6926,39.3700787401575);
#4273=VECTOR('',#6927,39.3700787401575);
#4274=VECTOR('',#6930,39.3700787401575);
#4275=VECTOR('',#6931,39.3700787401575);
#4276=VECTOR('',#6932,39.3700787401575);
#4277=VECTOR('',#6933,39.3700787401575);
#4278=VECTOR('',#6936,39.3700787401575);
#4279=VECTOR('',#6937,39.3700787401575);
#4280=VECTOR('',#6938,39.3700787401575);
#4281=VECTOR('',#6939,39.3700787401575);
#4282=VECTOR('',#6942,39.3700787401575);
#4283=VECTOR('',#6943,39.3700787401575);
#4284=VECTOR('',#6944,39.3700787401575);
#4285=VECTOR('',#6945,39.3700787401575);
#4286=VECTOR('',#6948,39.3700787401575);
#4287=VECTOR('',#6949,39.3700787401575);
#4288=VECTOR('',#6950,39.3700787401575);
#4289=VECTOR('',#6951,39.3700787401575);
#4290=VECTOR('',#6954,39.3700787401575);
#4291=VECTOR('',#6955,39.3700787401575);
#4292=VECTOR('',#6956,39.3700787401575);
#4293=VECTOR('',#6959,39.3700787401575);
#4294=VECTOR('',#6960,39.3700787401575);
#4295=VECTOR('',#6961,39.3700787401575);
#4296=VECTOR('',#6964,39.3700787401575);
#4297=VECTOR('',#6965,39.3700787401575);
#4298=VECTOR('',#6966,39.3700787401575);
#4299=VECTOR('',#6967,39.3700787401575);
#4300=VECTOR('',#6970,39.3700787401575);
#4301=VECTOR('',#6971,39.3700787401575);
#4302=VECTOR('',#6972,39.3700787401575);
#4303=VECTOR('',#6975,39.3700787401575);
#4304=VECTOR('',#6976,39.3700787401575);
#4305=VECTOR('',#6977,39.3700787401575);
#4306=VECTOR('',#6980,39.3700787401575);
#4307=VECTOR('',#6981,39.3700787401575);
#4308=VECTOR('',#6982,39.3700787401575);
#4309=VECTOR('',#6983,39.3700787401575);
#4310=VECTOR('',#6986,39.3700787401575);
#4311=VECTOR('',#6987,39.3700787401575);
#4312=VECTOR('',#6988,39.3700787401575);
#4313=VECTOR('',#6991,39.3700787401575);
#4314=VECTOR('',#6992,39.3700787401575);
#4315=VECTOR('',#6993,39.3700787401575);
#4316=VECTOR('',#6996,39.3700787401575);
#4317=VECTOR('',#6997,39.3700787401575);
#4318=VECTOR('',#6998,39.3700787401575);
#4319=VECTOR('',#6999,39.3700787401575);
#4320=VECTOR('',#7002,39.3700787401575);
#4321=VECTOR('',#7003,39.3700787401575);
#4322=VECTOR('',#7004,39.3700787401575);
#4323=VECTOR('',#7007,39.3700787401575);
#4324=VECTOR('',#7008,39.3700787401575);
#4325=VECTOR('',#7009,39.3700787401575);
#4326=VECTOR('',#7012,39.3700787401575);
#4327=VECTOR('',#7013,39.3700787401575);
#4328=VECTOR('',#7014,39.3700787401575);
#4329=VECTOR('',#7015,39.3700787401575);
#4330=VECTOR('',#7018,39.3700787401575);
#4331=VECTOR('',#7019,39.3700787401575);
#4332=VECTOR('',#7020,39.3700787401575);
#4333=VECTOR('',#7023,39.3700787401575);
#4334=VECTOR('',#7024,39.3700787401575);
#4335=VECTOR('',#7025,39.3700787401575);
#4336=VECTOR('',#7028,39.3700787401575);
#4337=VECTOR('',#7029,39.3700787401575);
#4338=VECTOR('',#7030,39.3700787401575);
#4339=VECTOR('',#7031,39.3700787401575);
#4340=VECTOR('',#7034,39.3700787401575);
#4341=VECTOR('',#7035,39.3700787401575);
#4342=VECTOR('',#7036,39.3700787401575);
#4343=VECTOR('',#7039,39.3700787401575);
#4344=VECTOR('',#7040,39.3700787401575);
#4345=VECTOR('',#7041,39.3700787401575);
#4346=VECTOR('',#7044,39.3700787401575);
#4347=VECTOR('',#7045,39.3700787401575);
#4348=VECTOR('',#7046,39.3700787401575);
#4349=VECTOR('',#7047,39.3700787401575);
#4350=VECTOR('',#7050,39.3700787401575);
#4351=VECTOR('',#7051,39.3700787401575);
#4352=VECTOR('',#7052,39.3700787401575);
#4353=VECTOR('',#7053,39.3700787401575);
#4354=VECTOR('',#7056,39.3700787401575);
#4355=VECTOR('',#7057,39.3700787401575);
#4356=VECTOR('',#7060,39.3700787401575);
#4357=VECTOR('',#7061,39.3700787401575);
#4358=VECTOR('',#7064,39.3700787401575);
#4359=VECTOR('',#7065,39.3700787401575);
#4360=VECTOR('',#7068,39.3700787401575);
#4361=VECTOR('',#7069,39.3700787401575);
#4362=VECTOR('',#7072,39.3700787401575);
#4363=VECTOR('',#7073,39.3700787401575);
#4364=VECTOR('',#7076,39.3700787401575);
#4365=VECTOR('',#7077,39.3700787401575);
#4366=VECTOR('',#7080,39.3700787401575);
#4367=VECTOR('',#7081,39.3700787401575);
#4368=VECTOR('',#7082,39.3700787401575);
#4369=VECTOR('',#7083,39.3700787401575);
#4370=VECTOR('',#7086,39.3700787401575);
#4371=VECTOR('',#7087,39.3700787401575);
#4372=VECTOR('',#7088,39.3700787401575);
#4373=VECTOR('',#7089,39.3700787401575);
#4374=VECTOR('',#7092,39.3700787401575);
#4375=VECTOR('',#7093,39.3700787401575);
#4376=VECTOR('',#7094,39.3700787401575);
#4377=VECTOR('',#7095,39.3700787401575);
#4378=VECTOR('',#7096,39.3700787401575);
#4379=VECTOR('',#7097,39.3700787401575);
#4380=VECTOR('',#7098,39.3700787401575);
#4381=VECTOR('',#7099,39.3700787401575);
#4382=VECTOR('',#7102,39.3700787401575);
#4383=VECTOR('',#7103,39.3700787401575);
#4384=VECTOR('',#7104,39.3700787401575);
#4385=VECTOR('',#7105,39.3700787401575);
#4386=VECTOR('',#7108,39.3700787401575);
#4387=VECTOR('',#7109,39.3700787401575);
#4388=VECTOR('',#7110,39.3700787401575);
#4389=VECTOR('',#7111,39.3700787401575);
#4390=VECTOR('',#7112,39.3700787401575);
#4391=VECTOR('',#7113,39.3700787401575);
#4392=VECTOR('',#7114,39.3700787401575);
#4393=VECTOR('',#7115,39.3700787401575);
#4394=VECTOR('',#7116,39.3700787401575);
#4395=VECTOR('',#7119,39.3700787401575);
#4396=VECTOR('',#7120,39.3700787401575);
#4397=VECTOR('',#7121,39.3700787401575);
#4398=VECTOR('',#7122,39.3700787401575);
#4399=VECTOR('',#7125,39.3700787401575);
#4400=VECTOR('',#7126,39.3700787401575);
#4401=VECTOR('',#7127,39.3700787401575);
#4402=VECTOR('',#7130,39.3700787401575);
#4403=VECTOR('',#7131,39.3700787401575);
#4404=VECTOR('',#7132,39.3700787401575);
#4405=VECTOR('',#7135,39.3700787401575);
#4406=VECTOR('',#7136,39.3700787401575);
#4407=VECTOR('',#7137,39.3700787401575);
#4408=VECTOR('',#7138,39.3700787401575);
#4409=VECTOR('',#7141,39.3700787401575);
#4410=VECTOR('',#7142,39.3700787401575);
#4411=VECTOR('',#7143,39.3700787401575);
#4412=VECTOR('',#7146,39.3700787401575);
#4413=VECTOR('',#7147,39.3700787401575);
#4414=VECTOR('',#7148,39.3700787401575);
#4415=VECTOR('',#7151,39.3700787401575);
#4416=VECTOR('',#7152,39.3700787401575);
#4417=VECTOR('',#7153,39.3700787401575);
#4418=VECTOR('',#7154,39.3700787401575);
#4419=VECTOR('',#7155,39.3700787401575);
#4420=VECTOR('',#7158,39.3700787401575);
#4421=VECTOR('',#7159,39.3700787401575);
#4422=VECTOR('',#7160,39.3700787401575);
#4423=VECTOR('',#7163,39.3700787401575);
#4424=VECTOR('',#7164,39.3700787401575);
#4425=VECTOR('',#7165,39.3700787401575);
#4426=VECTOR('',#7166,39.3700787401575);
#4427=VECTOR('',#7167,39.3700787401575);
#4428=VECTOR('',#7170,39.3700787401575);
#4429=VECTOR('',#7171,39.3700787401575);
#4430=VECTOR('',#7172,39.3700787401575);
#4431=VECTOR('',#7175,39.3700787401575);
#4432=VECTOR('',#7176,39.3700787401575);
#4433=VECTOR('',#7177,39.3700787401575);
#4434=VECTOR('',#7178,39.3700787401575);
#4435=VECTOR('',#7181,39.3700787401575);
#4436=VECTOR('',#7182,39.3700787401575);
#4437=VECTOR('',#7183,39.3700787401575);
#4438=VECTOR('',#7184,39.3700787401575);
#4439=VECTOR('',#7187,39.3700787401575);
#4440=VECTOR('',#7188,39.3700787401575);
#4441=VECTOR('',#7189,39.3700787401575);
#4442=VECTOR('',#7190,39.3700787401575);
#4443=VECTOR('',#7193,39.3700787401575);
#4444=VECTOR('',#7194,39.3700787401575);
#4445=VECTOR('',#7195,39.3700787401575);
#4446=VECTOR('',#7196,39.3700787401575);
#4447=VECTOR('',#7199,39.3700787401575);
#4448=VECTOR('',#7200,39.3700787401575);
#4449=VECTOR('',#7201,39.3700787401575);
#4450=VECTOR('',#7202,39.3700787401575);
#4451=VECTOR('',#7205,39.3700787401575);
#4452=VECTOR('',#7206,39.3700787401575);
#4453=VECTOR('',#7207,39.3700787401575);
#4454=VECTOR('',#7210,39.3700787401575);
#4455=VECTOR('',#7211,39.3700787401575);
#4456=VECTOR('',#7212,39.3700787401575);
#4457=VECTOR('',#7215,39.3700787401575);
#4458=VECTOR('',#7216,39.3700787401575);
#4459=VECTOR('',#7217,39.3700787401575);
#4460=VECTOR('',#7218,39.3700787401575);
#4461=VECTOR('',#7221,39.3700787401575);
#4462=VECTOR('',#7222,39.3700787401575);
#4463=VECTOR('',#7223,39.3700787401575);
#4464=VECTOR('',#7226,39.3700787401575);
#4465=VECTOR('',#7227,39.3700787401575);
#4466=VECTOR('',#7228,39.3700787401575);
#4467=VECTOR('',#7231,39.3700787401575);
#4468=VECTOR('',#7232,39.3700787401575);
#4469=VECTOR('',#7235,39.3700787401575);
#4470=VECTOR('',#7236,39.3700787401575);
#4471=VECTOR('',#7239,39.3700787401575);
#4472=VECTOR('',#7240,39.3700787401575);
#4473=VECTOR('',#7241,39.3700787401575);
#4474=VECTOR('',#7242,39.3700787401575);
#4475=VECTOR('',#7245,39.3700787401575);
#4476=VECTOR('',#7246,39.3700787401575);
#4477=VECTOR('',#7247,39.3700787401575);
#4478=VECTOR('',#7248,39.3700787401575);
#4479=VECTOR('',#7251,39.3700787401575);
#4480=VECTOR('',#7252,39.3700787401575);
#4481=VECTOR('',#7253,39.3700787401575);
#4482=VECTOR('',#7254,39.3700787401575);
#4483=VECTOR('',#7257,39.3700787401575);
#4484=VECTOR('',#7258,39.3700787401575);
#4485=VECTOR('',#7259,39.3700787401575);
#4486=VECTOR('',#7260,39.3700787401575);
#4487=VECTOR('',#7263,39.3700787401575);
#4488=VECTOR('',#7264,39.3700787401575);
#4489=VECTOR('',#7267,39.3700787401575);
#4490=VECTOR('',#7268,39.3700787401575);
#4491=VECTOR('',#7271,39.3700787401575);
#4492=VECTOR('',#7272,39.3700787401575);
#4493=VECTOR('',#7273,39.3700787401575);
#4494=VECTOR('',#7276,39.3700787401575);
#4495=VECTOR('',#7277,39.3700787401575);
#4496=VECTOR('',#7278,39.3700787401575);
#4497=VECTOR('',#7281,39.3700787401575);
#4498=VECTOR('',#7282,39.3700787401575);
#4499=VECTOR('',#7283,39.3700787401575);
#4500=VECTOR('',#7284,39.3700787401575);
#4501=VECTOR('',#7285,39.3700787401575);
#4502=VECTOR('',#7286,39.3700787401575);
#4503=VECTOR('',#7287,39.3700787401575);
#4504=VECTOR('',#7288,39.3700787401575);
#4505=VECTOR('',#7289,39.3700787401575);
#4506=VECTOR('',#7292,39.3700787401575);
#4507=VECTOR('',#7293,39.3700787401575);
#4508=VECTOR('',#7296,39.3700787401575);
#4509=VECTOR('',#7299,39.3700787401575);
#4510=VECTOR('',#7302,39.3700787401575);
#4511=VECTOR('',#7303,39.3700787401575);
#4512=VECTOR('',#7306,39.3700787401575);
#4513=VECTOR('',#7309,39.3700787401575);
#4514=VECTOR('',#7312,39.3700787401575);
#4515=VECTOR('',#7317,39.3700787401575);
#4516=VECTOR('',#7334,39.3700787401575);
#4517=VECTOR('',#7339,39.3700787401575);
#4518=VECTOR('',#7344,39.3700787401575);
#4519=VECTOR('',#7347,39.3700787401575);
#4520=VECTOR('',#7350,39.3700787401575);
#4521=VECTOR('',#7351,39.3700787401575);
#4522=VECTOR('',#7352,39.3700787401575);
#4523=VECTOR('',#7353,39.3700787401575);
#4524=VECTOR('',#7356,39.3700787401575);
#4525=VECTOR('',#7357,39.3700787401575);
#4526=VECTOR('',#7358,39.3700787401575);
#4527=VECTOR('',#7359,39.3700787401575);
#4528=VECTOR('',#7362,39.3700787401575);
#4529=VECTOR('',#7367,39.3700787401575);
#4530=VECTOR('',#7374,39.3700787401575);
#4531=VECTOR('',#7379,39.3700787401575);
#4532=VECTOR('',#7386,39.3700787401575);
#4533=VECTOR('',#7387,39.3700787401575);
#4534=VECTOR('',#7388,39.3700787401575);
#4535=VECTOR('',#7389,39.3700787401575);
#4536=VECTOR('',#7392,39.3700787401575);
#4537=VECTOR('',#7393,39.3700787401575);
#4538=VECTOR('',#7394,39.3700787401575);
#4539=VECTOR('',#7395,39.3700787401575);
#4540=VECTOR('',#7398,39.3700787401575);
#4541=VECTOR('',#7399,39.3700787401575);
#4542=VECTOR('',#7400,39.3700787401575);
#4543=VECTOR('',#7401,39.3700787401575);
#4544=VECTOR('',#7404,39.3700787401575);
#4545=VECTOR('',#7405,39.3700787401575);
#4546=VECTOR('',#7406,39.3700787401575);
#4547=VECTOR('',#7407,39.3700787401575);
#4548=VECTOR('',#7410,39.3700787401575);
#4549=VECTOR('',#7411,39.3700787401575);
#4550=VECTOR('',#7412,39.3700787401575);
#4551=VECTOR('',#7413,39.3700787401575);
#4552=VECTOR('',#7416,39.3700787401575);
#4553=VECTOR('',#7417,39.3700787401575);
#4554=VECTOR('',#7418,39.3700787401575);
#4555=VECTOR('',#7419,39.3700787401575);
#4556=VECTOR('',#7422,39.3700787401575);
#4557=VECTOR('',#7423,39.3700787401575);
#4558=VECTOR('',#7424,39.3700787401575);
#4559=VECTOR('',#7425,39.3700787401575);
#4560=VECTOR('',#7428,39.3700787401575);
#4561=VECTOR('',#7429,39.3700787401575);
#4562=VECTOR('',#7430,39.3700787401575);
#4563=VECTOR('',#7431,39.3700787401575);
#4564=VECTOR('',#7434,39.3700787401575);
#4565=VECTOR('',#7435,39.3700787401575);
#4566=VECTOR('',#7436,39.3700787401575);
#4567=VECTOR('',#7437,39.3700787401575);
#4568=VECTOR('',#7440,39.3700787401575);
#4569=VECTOR('',#7441,39.3700787401575);
#4570=VECTOR('',#7442,39.3700787401575);
#4571=VECTOR('',#7443,39.3700787401575);
#4572=VECTOR('',#7446,39.3700787401575);
#4573=VECTOR('',#7447,39.3700787401575);
#4574=VECTOR('',#7448,39.3700787401575);
#4575=VECTOR('',#7449,39.3700787401575);
#4576=VECTOR('',#7452,39.3700787401575);
#4577=VECTOR('',#7453,39.3700787401575);
#4578=VECTOR('',#7454,39.3700787401575);
#4579=VECTOR('',#7455,39.3700787401575);
#4580=VECTOR('',#7458,39.3700787401575);
#4581=VECTOR('',#7459,39.3700787401575);
#4582=VECTOR('',#7460,39.3700787401575);
#4583=VECTOR('',#7463,39.3700787401575);
#4584=VECTOR('',#7464,39.3700787401575);
#4585=VECTOR('',#7465,39.3700787401575);
#4586=VECTOR('',#7468,39.3700787401575);
#4587=VECTOR('',#7469,39.3700787401575);
#4588=VECTOR('',#7470,39.3700787401575);
#4589=VECTOR('',#7473,39.3700787401575);
#4590=VECTOR('',#7474,39.3700787401575);
#4591=VECTOR('',#7475,39.3700787401575);
#4592=VECTOR('',#7478,39.3700787401575);
#4593=VECTOR('',#7479,39.3700787401575);
#4594=VECTOR('',#7480,39.3700787401575);
#4595=VECTOR('',#7483,39.3700787401575);
#4596=VECTOR('',#7484,39.3700787401575);
#4597=VECTOR('',#7485,39.3700787401575);
#4598=VECTOR('',#7488,39.3700787401575);
#4599=VECTOR('',#7489,39.3700787401575);
#4600=VECTOR('',#7490,39.3700787401575);
#4601=VECTOR('',#7493,39.3700787401575);
#4602=VECTOR('',#7494,39.3700787401575);
#4603=VECTOR('',#7495,39.3700787401575);
#4604=VECTOR('',#7498,39.3700787401575);
#4605=VECTOR('',#7499,39.3700787401575);
#4606=VECTOR('',#7500,39.3700787401575);
#4607=VECTOR('',#7503,39.3700787401575);
#4608=VECTOR('',#7504,39.3700787401575);
#4609=VECTOR('',#7505,39.3700787401575);
#4610=VECTOR('',#7508,39.3700787401575);
#4611=VECTOR('',#7509,39.3700787401575);
#4612=VECTOR('',#7510,39.3700787401575);
#4613=VECTOR('',#7513,39.3700787401575);
#4614=VECTOR('',#7514,39.3700787401575);
#4615=VECTOR('',#7515,39.3700787401575);
#4616=VECTOR('',#7518,39.3700787401575);
#4617=VECTOR('',#7519,39.3700787401575);
#4618=VECTOR('',#7520,39.3700787401575);
#4619=VECTOR('',#7523,39.3700787401575);
#4620=VECTOR('',#7524,39.3700787401575);
#4621=VECTOR('',#7525,39.3700787401575);
#4622=VECTOR('',#7528,39.3700787401575);
#4623=VECTOR('',#7529,39.3700787401575);
#4624=VECTOR('',#7530,39.3700787401575);
#4625=VECTOR('',#7533,39.3700787401575);
#4626=VECTOR('',#7534,39.3700787401575);
#4627=VECTOR('',#7535,39.3700787401575);
#4628=VECTOR('',#7538,39.3700787401575);
#4629=VECTOR('',#7539,39.3700787401575);
#4630=VECTOR('',#7540,39.3700787401575);
#4631=VECTOR('',#7543,39.3700787401575);
#4632=VECTOR('',#7544,39.3700787401575);
#4633=VECTOR('',#7545,39.3700787401575);
#4634=VECTOR('',#7548,39.3700787401575);
#4635=VECTOR('',#7549,39.3700787401575);
#4636=VECTOR('',#7550,39.3700787401575);
#4637=VECTOR('',#7553,39.3700787401575);
#4638=VECTOR('',#7554,39.3700787401575);
#4639=VECTOR('',#7555,39.3700787401575);
#4640=VECTOR('',#7558,39.3700787401575);
#4641=VECTOR('',#7559,39.3700787401575);
#4642=VECTOR('',#7560,39.3700787401575);
#4643=VECTOR('',#7563,39.3700787401575);
#4644=VECTOR('',#7564,39.3700787401575);
#4645=VECTOR('',#7565,39.3700787401575);
#4646=VECTOR('',#7568,39.3700787401575);
#4647=VECTOR('',#7569,39.3700787401575);
#4648=VECTOR('',#7570,39.3700787401575);
#4649=VECTOR('',#7573,39.3700787401575);
#4650=VECTOR('',#7574,39.3700787401575);
#4651=VECTOR('',#7575,39.3700787401575);
#4652=VECTOR('',#7578,39.3700787401575);
#4653=VECTOR('',#7579,39.3700787401575);
#4654=VECTOR('',#7580,39.3700787401575);
#4655=VECTOR('',#7581,39.3700787401575);
#4656=VECTOR('',#7584,39.3700787401575);
#4657=VECTOR('',#7585,39.3700787401575);
#4658=VECTOR('',#7586,39.3700787401575);
#4659=VECTOR('',#7587,39.3700787401575);
#4660=VECTOR('',#7590,39.3700787401575);
#4661=VECTOR('',#7591,39.3700787401575);
#4662=VECTOR('',#7592,39.3700787401575);
#4663=VECTOR('',#7593,39.3700787401575);
#4664=VECTOR('',#7596,39.3700787401575);
#4665=VECTOR('',#7597,39.3700787401575);
#4666=VECTOR('',#7598,39.3700787401575);
#4667=VECTOR('',#7599,39.3700787401575);
#4668=VECTOR('',#7602,39.3700787401575);
#4669=VECTOR('',#7603,39.3700787401575);
#4670=VECTOR('',#7604,39.3700787401575);
#4671=VECTOR('',#7605,39.3700787401575);
#4672=VECTOR('',#7608,39.3700787401575);
#4673=VECTOR('',#7609,39.3700787401575);
#4674=VECTOR('',#7610,39.3700787401575);
#4675=VECTOR('',#7611,39.3700787401575);
#4676=VECTOR('',#7614,39.3700787401575);
#4677=VECTOR('',#7615,39.3700787401575);
#4678=VECTOR('',#7616,39.3700787401575);
#4679=VECTOR('',#7619,39.3700787401575);
#4680=VECTOR('',#7620,39.3700787401575);
#4681=VECTOR('',#7621,39.3700787401575);
#4682=VECTOR('',#7624,39.3700787401575);
#4683=VECTOR('',#7625,39.3700787401575);
#4684=VECTOR('',#7626,39.3700787401575);
#4685=VECTOR('',#7629,39.3700787401575);
#4686=VECTOR('',#7630,39.3700787401575);
#4687=VECTOR('',#7631,39.3700787401575);
#4688=VECTOR('',#7634,39.3700787401575);
#4689=VECTOR('',#7635,39.3700787401575);
#4690=VECTOR('',#7636,39.3700787401575);
#4691=VECTOR('',#7639,39.3700787401575);
#4692=VECTOR('',#7640,39.3700787401575);
#4693=VECTOR('',#7641,39.3700787401575);
#4694=VECTOR('',#7644,39.3700787401575);
#4695=VECTOR('',#7645,39.3700787401575);
#4696=VECTOR('',#7646,39.3700787401575);
#4697=VECTOR('',#7649,39.3700787401575);
#4698=VECTOR('',#7650,39.3700787401575);
#4699=VECTOR('',#7651,39.3700787401575);
#4700=VECTOR('',#7654,39.3700787401575);
#4701=VECTOR('',#7655,39.3700787401575);
#4702=VECTOR('',#7656,39.3700787401575);
#4703=VECTOR('',#7659,39.3700787401575);
#4704=VECTOR('',#7660,39.3700787401575);
#4705=VECTOR('',#7661,39.3700787401575);
#4706=VECTOR('',#7664,39.3700787401575);
#4707=VECTOR('',#7665,39.3700787401575);
#4708=VECTOR('',#7666,39.3700787401575);
#4709=VECTOR('',#7669,39.3700787401575);
#4710=VECTOR('',#7670,39.3700787401575);
#4711=VECTOR('',#7671,39.3700787401575);
#4712=VECTOR('',#7674,39.3700787401575);
#4713=VECTOR('',#7675,39.3700787401575);
#4714=VECTOR('',#7678,39.3700787401575);
#4715=VECTOR('',#7679,39.3700787401575);
#4716=VECTOR('',#7682,39.3700787401575);
#4717=VECTOR('',#7683,39.3700787401575);
#4718=VECTOR('',#7686,39.3700787401575);
#4719=VECTOR('',#7687,39.3700787401575);
#4720=VECTOR('',#7690,39.3700787401575);
#4721=VECTOR('',#7691,39.3700787401575);
#4722=VECTOR('',#7694,39.3700787401575);
#4723=VECTOR('',#7695,39.3700787401575);
#4724=VECTOR('',#7698,39.3700787401575);
#4725=VECTOR('',#7699,39.3700787401575);
#4726=VECTOR('',#7700,39.3700787401575);
#4727=VECTOR('',#7701,39.3700787401575);
#4728=VECTOR('',#7704,39.3700787401575);
#4729=VECTOR('',#7705,39.3700787401575);
#4730=VECTOR('',#7706,39.3700787401575);
#4731=VECTOR('',#7707,39.3700787401575);
#4732=VECTOR('',#7708,39.3700787401575);
#4733=VECTOR('',#7709,39.3700787401575);
#4734=VECTOR('',#7710,39.3700787401575);
#4735=VECTOR('',#7711,39.3700787401575);
#4736=VECTOR('',#7712,39.3700787401575);
#4737=VECTOR('',#7713,39.3700787401575);
#4738=VECTOR('',#7714,39.3700787401575);
#4739=VECTOR('',#7715,39.3700787401575);
#4740=VECTOR('',#7716,39.3700787401575);
#4741=VECTOR('',#7717,39.3700787401575);
#4742=VECTOR('',#7718,39.3700787401575);
#4743=VECTOR('',#7719,39.3700787401575);
#4744=VECTOR('',#7720,39.3700787401575);
#4745=VECTOR('',#7721,39.3700787401575);
#4746=VECTOR('',#7722,39.3700787401575);
#4747=VECTOR('',#7723,39.3700787401575);
#4748=VECTOR('',#7724,39.3700787401575);
#4749=VECTOR('',#7727,39.3700787401575);
#4750=VECTOR('',#7728,39.3700787401575);
#4751=VECTOR('',#7729,39.3700787401575);
#4752=VECTOR('',#7730,39.3700787401575);
#4753=VECTOR('',#7731,39.3700787401575);
#4754=VECTOR('',#7732,39.3700787401575);
#4755=VECTOR('',#7733,39.3700787401575);
#4756=VECTOR('',#7734,39.3700787401575);
#4757=VECTOR('',#7735,39.3700787401575);
#4758=VECTOR('',#7736,39.3700787401575);
#4759=VECTOR('',#7737,39.3700787401575);
#4760=VECTOR('',#7738,39.3700787401575);
#4761=VECTOR('',#7739,39.3700787401575);
#4762=VECTOR('',#7740,39.3700787401575);
#4763=VECTOR('',#7741,39.3700787401575);
#4764=VECTOR('',#7742,39.3700787401575);
#4765=VECTOR('',#7743,39.3700787401575);
#4766=VECTOR('',#7744,39.3700787401575);
#4767=VECTOR('',#7745,39.3700787401575);
#4768=VECTOR('',#7746,39.3700787401575);
#4769=VECTOR('',#7747,39.3700787401575);
#4770=VECTOR('',#7750,39.3700787401575);
#4771=VECTOR('',#7751,39.3700787401575);
#4772=VECTOR('',#7752,39.3700787401575);
#4773=VECTOR('',#7755,39.3700787401575);
#4774=VECTOR('',#7756,39.3700787401575);
#4775=VECTOR('',#7757,39.3700787401575);
#4776=VECTOR('',#7760,39.3700787401575);
#4777=VECTOR('',#7761,39.3700787401575);
#4778=VECTOR('',#7762,39.3700787401575);
#4779=VECTOR('',#7765,39.3700787401575);
#4780=VECTOR('',#7766,39.3700787401575);
#4781=VECTOR('',#7767,39.3700787401575);
#4782=VECTOR('',#7770,39.3700787401575);
#4783=VECTOR('',#7771,39.3700787401575);
#4784=VECTOR('',#7772,39.3700787401575);
#4785=VECTOR('',#7775,39.3700787401575);
#4786=VECTOR('',#7776,39.3700787401575);
#4787=VECTOR('',#7777,39.3700787401575);
#4788=VECTOR('',#7778,39.3700787401575);
#4789=VECTOR('',#7779,39.3700787401575);
#4790=VECTOR('',#7780,39.3700787401575);
#4791=VECTOR('',#7781,39.3700787401575);
#4792=VECTOR('',#7782,39.3700787401575);
#4793=VECTOR('',#7783,39.3700787401575);
#4794=VECTOR('',#7784,39.3700787401575);
#4795=VECTOR('',#7785,39.3700787401575);
#4796=VECTOR('',#7786,39.3700787401575);
#4797=VECTOR('',#7787,39.3700787401575);
#4798=VECTOR('',#7788,39.3700787401575);
#4799=VECTOR('',#7789,39.3700787401575);
#4800=VECTOR('',#7790,39.3700787401575);
#4801=VECTOR('',#7791,39.3700787401575);
#4802=VECTOR('',#7792,39.3700787401575);
#4803=VECTOR('',#7793,39.3700787401575);
#4804=VECTOR('',#7794,39.3700787401575);
#4805=VECTOR('',#7795,39.3700787401575);
#4806=VECTOR('',#7796,39.3700787401575);
#4807=VECTOR('',#7797,39.3700787401575);
#4808=VECTOR('',#7798,39.3700787401575);
#4809=VECTOR('',#7799,39.3700787401575);
#4810=VECTOR('',#7800,39.3700787401575);
#4811=VECTOR('',#7801,39.3700787401575);
#4812=VECTOR('',#7804,39.3700787401575);
#4813=VECTOR('',#7805,39.3700787401575);
#4814=VECTOR('',#7806,39.3700787401575);
#4815=VECTOR('',#7809,39.3700787401575);
#4816=VECTOR('',#7810,39.3700787401575);
#4817=VECTOR('',#7811,39.3700787401575);
#4818=VECTOR('',#7814,39.3700787401575);
#4819=VECTOR('',#7815,39.3700787401575);
#4820=VECTOR('',#7816,39.3700787401575);
#4821=VECTOR('',#7819,39.3700787401575);
#4822=VECTOR('',#7820,39.3700787401575);
#4823=VECTOR('',#7823,39.3700787401575);
#4824=VECTOR('',#7824,39.3700787401575);
#4825=VECTOR('',#7827,39.3700787401575);
#4826=VECTOR('',#7828,39.3700787401575);
#4827=VECTOR('',#7839,39.3700787401575);
#4828=VECTOR('',#7842,39.3700787401575);
#4829=VECTOR('',#7849,39.3700787401575);
#4830=VECTOR('',#7852,39.3700787401575);
#4831=VECTOR('',#7859,39.3700787401575);
#4832=VECTOR('',#7862,39.3700787401575);
#4833=VECTOR('',#7869,39.3700787401575);
#4834=VECTOR('',#7872,39.3700787401575);
#4835=VECTOR('',#7879,39.3700787401575);
#4836=VECTOR('',#7882,39.3700787401575);
#4837=VECTOR('',#7889,39.3700787401575);
#4838=VECTOR('',#7892,39.3700787401575);
#4839=VECTOR('',#7899,39.3700787401575);
#4840=VECTOR('',#7902,39.3700787401575);
#4841=VECTOR('',#7909,39.3700787401575);
#4842=VECTOR('',#7912,39.3700787401575);
#4843=VECTOR('',#7919,39.3700787401575);
#4844=VECTOR('',#7922,39.3700787401575);
#4845=VECTOR('',#7929,39.3700787401575);
#4846=VECTOR('',#7932,39.3700787401575);
#4847=VECTOR('',#7939,39.3700787401575);
#4848=VECTOR('',#7942,39.3700787401575);
#4849=VECTOR('',#7949,39.3700787401575);
#4850=VECTOR('',#7952,39.3700787401575);
#4851=VECTOR('',#7961,39.3700787401575);
#4852=VECTOR('',#7962,39.3700787401575);
#4853=VECTOR('',#7963,39.3700787401575);
#4854=VECTOR('',#7964,39.3700787401575);
#4855=VECTOR('',#7967,39.3700787401575);
#4856=VECTOR('',#7968,39.3700787401575);
#4857=VECTOR('',#7969,39.3700787401575);
#4858=VECTOR('',#7970,39.3700787401575);
#4859=VECTOR('',#7973,39.3700787401575);
#4860=VECTOR('',#7974,39.3700787401575);
#4861=VECTOR('',#7975,39.3700787401575);
#4862=VECTOR('',#7976,39.3700787401575);
#4863=VECTOR('',#7979,39.3700787401575);
#4864=VECTOR('',#7980,39.3700787401575);
#4865=VECTOR('',#7981,39.3700787401575);
#4866=VECTOR('',#7982,39.3700787401575);
#4867=VECTOR('',#7985,39.3700787401575);
#4868=VECTOR('',#7986,39.3700787401575);
#4869=VECTOR('',#7987,39.3700787401575);
#4870=VECTOR('',#7988,39.3700787401575);
#4871=VECTOR('',#7991,39.3700787401575);
#4872=VECTOR('',#7992,39.3700787401575);
#4873=VECTOR('',#7993,39.3700787401575);
#4874=VECTOR('',#7994,39.3700787401575);
#4875=VECTOR('',#7997,39.3700787401575);
#4876=VECTOR('',#7998,39.3700787401575);
#4877=VECTOR('',#7999,39.3700787401575);
#4878=VECTOR('',#8002,39.3700787401575);
#4879=VECTOR('',#8003,39.3700787401575);
#4880=VECTOR('',#8004,39.3700787401575);
#4881=VECTOR('',#8007,39.3700787401575);
#4882=VECTOR('',#8008,39.3700787401575);
#4883=VECTOR('',#8009,39.3700787401575);
#4884=VECTOR('',#8012,39.3700787401575);
#4885=VECTOR('',#8013,39.3700787401575);
#4886=VECTOR('',#8014,39.3700787401575);
#4887=VECTOR('',#8017,39.3700787401575);
#4888=VECTOR('',#8018,39.3700787401575);
#4889=VECTOR('',#8019,39.3700787401575);
#4890=VECTOR('',#8022,39.3700787401575);
#4891=VECTOR('',#8023,39.3700787401575);
#4892=VECTOR('',#8024,39.3700787401575);
#4893=VECTOR('',#8027,39.3700787401575);
#4894=VECTOR('',#8028,39.3700787401575);
#4895=VECTOR('',#8029,39.3700787401575);
#4896=VECTOR('',#8032,39.3700787401575);
#4897=VECTOR('',#8033,39.3700787401575);
#4898=VECTOR('',#8034,39.3700787401575);
#4899=VECTOR('',#8037,39.3700787401575);
#4900=VECTOR('',#8038,39.3700787401575);
#4901=VECTOR('',#8039,39.3700787401575);
#4902=VECTOR('',#8042,39.3700787401575);
#4903=VECTOR('',#8043,39.3700787401575);
#4904=VECTOR('',#8044,39.3700787401575);
#4905=VECTOR('',#8047,39.3700787401575);
#4906=VECTOR('',#8048,39.3700787401575);
#4907=VECTOR('',#8049,39.3700787401575);
#4908=VECTOR('',#8052,39.3700787401575);
#4909=VECTOR('',#8053,39.3700787401575);
#4910=VECTOR('',#8054,39.3700787401575);
#4911=VECTOR('',#8061,39.3700787401575);
#4912=VECTOR('',#8066,39.3700787401575);
#4913=VECTOR('',#8073,39.3700787401575);
#4914=VECTOR('',#8080,39.3700787401575);
#4915=VECTOR('',#8087,39.3700787401575);
#4916=VECTOR('',#8094,39.3700787401575);
#4917=VECTOR('',#8099,39.3700787401575);
#4918=VECTOR('',#8100,39.3700787401575);
#4919=VECTOR('',#8101,39.3700787401575);
#4920=VECTOR('',#8104,39.3700787401575);
#4921=VECTOR('',#8105,39.3700787401575);
#4922=VECTOR('',#8106,39.3700787401575);
#4923=VECTOR('',#8109,39.3700787401575);
#4924=VECTOR('',#8110,39.3700787401575);
#4925=VECTOR('',#8111,39.3700787401575);
#4926=VECTOR('',#8114,39.3700787401575);
#4927=VECTOR('',#8115,39.3700787401575);
#4928=VECTOR('',#8116,39.3700787401575);
#4929=VECTOR('',#8119,39.3700787401575);
#4930=VECTOR('',#8120,39.3700787401575);
#4931=VECTOR('',#8121,39.3700787401575);
#4932=VECTOR('',#8124,39.3700787401575);
#4933=VECTOR('',#8125,39.3700787401575);
#4934=VECTOR('',#8126,39.3700787401575);
#4935=VECTOR('',#8129,39.3700787401575);
#4936=VECTOR('',#8130,39.3700787401575);
#4937=VECTOR('',#8131,39.3700787401575);
#4938=VECTOR('',#8132,39.3700787401575);
#4939=VECTOR('',#8135,39.3700787401575);
#4940=VECTOR('',#8136,39.3700787401575);
#4941=VECTOR('',#8137,39.3700787401575);
#4942=VECTOR('',#8138,39.3700787401575);
#4943=VECTOR('',#8141,39.3700787401575);
#4944=VECTOR('',#8142,39.3700787401575);
#4945=VECTOR('',#8143,39.3700787401575);
#4946=VECTOR('',#8144,39.3700787401575);
#4947=VECTOR('',#8147,39.3700787401575);
#4948=VECTOR('',#8148,39.3700787401575);
#4949=VECTOR('',#8149,39.3700787401575);
#4950=VECTOR('',#8150,39.3700787401575);
#4951=VECTOR('',#8153,39.3700787401575);
#4952=VECTOR('',#8154,39.3700787401575);
#4953=VECTOR('',#8155,39.3700787401575);
#4954=VECTOR('',#8156,39.3700787401575);
#4955=VECTOR('',#8159,39.3700787401575);
#4956=VECTOR('',#8160,39.3700787401575);
#4957=VECTOR('',#8161,39.3700787401575);
#4958=VECTOR('',#8162,39.3700787401575);
#4959=VECTOR('',#8169,39.3700787401575);
#4960=VECTOR('',#8174,39.3700787401575);
#4961=VECTOR('',#8181,39.3700787401575);
#4962=VECTOR('',#8188,39.3700787401575);
#4963=VECTOR('',#8195,39.3700787401575);
#4964=VECTOR('',#8202,39.3700787401575);
#4965=VECTOR('',#8207,39.3700787401575);
#4966=VECTOR('',#8208,39.3700787401575);
#4967=VECTOR('',#8209,39.3700787401575);
#4968=VECTOR('',#8212,39.3700787401575);
#4969=VECTOR('',#8213,39.3700787401575);
#4970=VECTOR('',#8214,39.3700787401575);
#4971=VECTOR('',#8217,39.3700787401575);
#4972=VECTOR('',#8218,39.3700787401575);
#4973=VECTOR('',#8219,39.3700787401575);
#4974=VECTOR('',#8222,39.3700787401575);
#4975=VECTOR('',#8223,39.3700787401575);
#4976=VECTOR('',#8224,39.3700787401575);
#4977=VECTOR('',#8227,39.3700787401575);
#4978=VECTOR('',#8228,39.3700787401575);
#4979=VECTOR('',#8229,39.3700787401575);
#4980=VECTOR('',#8232,39.3700787401575);
#4981=VECTOR('',#8233,39.3700787401575);
#4982=VECTOR('',#8234,39.3700787401575);
#4983=VECTOR('',#8237,39.3700787401575);
#4984=VECTOR('',#8238,39.3700787401575);
#4985=VECTOR('',#8239,39.3700787401575);
#4986=VECTOR('',#8242,39.3700787401575);
#4987=VECTOR('',#8243,39.3700787401575);
#4988=VECTOR('',#8244,39.3700787401575);
#4989=VECTOR('',#8247,39.3700787401575);
#4990=VECTOR('',#8248,39.3700787401575);
#4991=VECTOR('',#8249,39.3700787401575);
#4992=VECTOR('',#8252,39.3700787401575);
#4993=VECTOR('',#8253,39.3700787401575);
#4994=VECTOR('',#8254,39.3700787401575);
#4995=VECTOR('',#8257,39.3700787401575);
#4996=VECTOR('',#8258,39.3700787401575);
#4997=VECTOR('',#8259,39.3700787401575);
#4998=VECTOR('',#8262,39.3700787401575);
#4999=VECTOR('',#8263,39.3700787401575);
#5000=VECTOR('',#8264,39.3700787401575);
#5001=VECTOR('',#8267,39.3700787401575);
#5002=VECTOR('',#8268,39.3700787401575);
#5003=VECTOR('',#8269,39.3700787401575);
#5004=VECTOR('',#8272,39.3700787401575);
#5005=VECTOR('',#8273,39.3700787401575);
#5006=VECTOR('',#8274,39.3700787401575);
#5007=VECTOR('',#8277,39.3700787401575);
#5008=VECTOR('',#8278,39.3700787401575);
#5009=VECTOR('',#8279,39.3700787401575);
#5010=VECTOR('',#8282,39.3700787401575);
#5011=VECTOR('',#8283,39.3700787401575);
#5012=VECTOR('',#8284,39.3700787401575);
#5013=VECTOR('',#8287,39.3700787401575);
#5014=VECTOR('',#8288,39.3700787401575);
#5015=VECTOR('',#8289,39.3700787401575);
#5016=VECTOR('',#8292,39.3700787401575);
#5017=VECTOR('',#8293,39.3700787401575);
#5018=VECTOR('',#8294,39.3700787401575);
#5019=VECTOR('',#8297,39.3700787401575);
#5020=VECTOR('',#8298,39.3700787401575);
#5021=VECTOR('',#8299,39.3700787401575);
#5022=VECTOR('',#8300,39.3700787401575);
#5023=VECTOR('',#8303,39.3700787401575);
#5024=VECTOR('',#8304,39.3700787401575);
#5025=VECTOR('',#8305,39.3700787401575);
#5026=VECTOR('',#8308,39.3700787401575);
#5027=VECTOR('',#8309,39.3700787401575);
#5028=VECTOR('',#8310,39.3700787401575);
#5029=VECTOR('',#8315,39.3700787401575);
#5030=VECTOR('',#8320,39.3700787401575);
#5031=VECTOR('',#8321,39.3700787401575);
#5032=VECTOR('',#8322,39.3700787401575);
#5033=VECTOR('',#8325,39.3700787401575);
#5034=VECTOR('',#8326,39.3700787401575);
#5035=VECTOR('',#8327,39.3700787401575);
#5036=VECTOR('',#8328,39.3700787401575);
#5037=VECTOR('',#8329,39.3700787401575);
#5038=VECTOR('',#8330,39.3700787401575);
#5039=VECTOR('',#8331,39.3700787401575);
#5040=VECTOR('',#8332,39.3700787401575);
#5041=VECTOR('',#8333,39.3700787401575);
#5042=VECTOR('',#8334,39.3700787401575);
#5043=VECTOR('',#8335,39.3700787401575);
#5044=VECTOR('',#8336,39.3700787401575);
#5045=VECTOR('',#8337,39.3700787401575);
#5046=VECTOR('',#8338,39.3700787401575);
#5047=VECTOR('',#8339,39.3700787401575);
#5048=VECTOR('',#8340,39.3700787401575);
#5049=VECTOR('',#8341,39.3700787401575);
#5050=VECTOR('',#8342,39.3700787401575);
#5051=VECTOR('',#8343,39.3700787401575);
#5052=VECTOR('',#8344,39.3700787401575);
#5053=VECTOR('',#8345,39.3700787401575);
#5054=VECTOR('',#8346,39.3700787401575);
#5055=VECTOR('',#8347,39.3700787401575);
#5056=VECTOR('',#8348,39.3700787401575);
#5057=VECTOR('',#8349,39.3700787401575);
#5058=VECTOR('',#8350,39.3700787401575);
#5059=VECTOR('',#8351,39.3700787401575);
#5060=VECTOR('',#8352,39.3700787401575);
#5061=VECTOR('',#8353,39.3700787401575);
#5062=VECTOR('',#8354,39.3700787401575);
#5063=VECTOR('',#8355,39.3700787401575);
#5064=VECTOR('',#8356,39.3700787401575);
#5065=VECTOR('',#8357,39.3700787401575);
#5066=VECTOR('',#8358,39.3700787401575);
#5067=VECTOR('',#8359,39.3700787401575);
#5068=VECTOR('',#8360,39.3700787401575);
#5069=VECTOR('',#8361,39.3700787401575);
#5070=VECTOR('',#8362,39.3700787401575);
#5071=VECTOR('',#8363,39.3700787401575);
#5072=VECTOR('',#8366,39.3700787401575);
#5073=VECTOR('',#8367,39.3700787401575);
#5074=VECTOR('',#8368,39.3700787401575);
#5075=VECTOR('',#8373,39.3700787401575);
#5076=VECTOR('',#8378,39.3700787401575);
#5077=VECTOR('',#8379,39.3700787401575);
#5078=VECTOR('',#8380,39.3700787401575);
#5079=VECTOR('',#8383,39.3700787401575);
#5080=VECTOR('',#8384,39.3700787401575);
#5081=VECTOR('',#8385,39.3700787401575);
#5082=VECTOR('',#8388,39.3700787401575);
#5083=VECTOR('',#8389,39.3700787401575);
#5084=VECTOR('',#8390,39.3700787401575);
#5085=VECTOR('',#8393,39.3700787401575);
#5086=VECTOR('',#8394,39.3700787401575);
#5087=VECTOR('',#8395,39.3700787401575);
#5088=VECTOR('',#8396,39.3700787401575);
#5089=VECTOR('',#8397,39.3700787401575);
#5090=VECTOR('',#8398,39.3700787401575);
#5091=VECTOR('',#8399,39.3700787401575);
#5092=VECTOR('',#8400,39.3700787401575);
#5093=VECTOR('',#8401,39.3700787401575);
#5094=VECTOR('',#8402,39.3700787401575);
#5095=VECTOR('',#8403,39.3700787401575);
#5096=VECTOR('',#8404,39.3700787401575);
#5097=VECTOR('',#8405,39.3700787401575);
#5098=VECTOR('',#8406,39.3700787401575);
#5099=VECTOR('',#8407,39.3700787401575);
#5100=VECTOR('',#8410,39.3700787401575);
#5101=VECTOR('',#8411,39.3700787401575);
#5102=VECTOR('',#8412,39.3700787401575);
#5103=VECTOR('',#8413,39.3700787401575);
#5104=VECTOR('',#8414,39.3700787401575);
#5105=VECTOR('',#8415,39.3700787401575);
#5106=VECTOR('',#8416,39.3700787401575);
#5107=VECTOR('',#8417,39.3700787401575);
#5108=VECTOR('',#8418,39.3700787401575);
#5109=VECTOR('',#8419,39.3700787401575);
#5110=VECTOR('',#8420,39.3700787401575);
#5111=VECTOR('',#8421,39.3700787401575);
#5112=VECTOR('',#8422,39.3700787401575);
#5113=VECTOR('',#8423,39.3700787401575);
#5114=EDGE_LOOP('',(#70,#71,#72,#73,#74,#75,#76,#77,#78,#79));
#5115=EDGE_LOOP('',(#80,#81,#82,#83,#84));
#5116=EDGE_LOOP('',(#85,#86,#87,#88,#89));
#5117=EDGE_LOOP('',(#90,#91,#92,#93));
#5118=EDGE_LOOP('',(#94,#95,#96,#97));
#5119=EDGE_LOOP('',(#98,#99,#100,#101));
#5120=EDGE_LOOP('',(#102,#103,#104,#105));
#5121=EDGE_LOOP('',(#106,#107,#108,#109));
#5122=EDGE_LOOP('',(#110,#111,#112,#113));
#5123=EDGE_LOOP('',(#114,#115,#116,#117));
#5124=EDGE_LOOP('',(#118,#119,#120,#121));
#5125=EDGE_LOOP('',(#122,#123,#124,#125));
#5126=EDGE_LOOP('',(#126,#127,#128,#129));
#5127=EDGE_LOOP('',(#130,#131,#132,#133));
#5128=EDGE_LOOP('',(#134,#135,#136,#137));
#5129=EDGE_LOOP('',(#138,#139,#140,#141));
#5130=EDGE_LOOP('',(#142,#143,#144,#145));
#5131=EDGE_LOOP('',(#146,#147,#148,#149));
#5132=EDGE_LOOP('',(#150,#151,#152,#153));
#5133=EDGE_LOOP('',(#154,#155,#156,#157));
#5134=EDGE_LOOP('',(#158,#159,#160,#161));
#5135=EDGE_LOOP('',(#162,#163,#164,#165));
#5136=EDGE_LOOP('',(#166,#167,#168,#169));
#5137=EDGE_LOOP('',(#170,#171,#172,#173));
#5138=EDGE_LOOP('',(#174,#175,#176,#177));
#5139=EDGE_LOOP('',(#178,#179,#180,#181));
#5140=EDGE_LOOP('',(#182,#183,#184,#185));
#5141=EDGE_LOOP('',(#186,#187,#188,#189));
#5142=EDGE_LOOP('',(#190,#191,#192,#193));
#5143=EDGE_LOOP('',(#194,#195,#196,#197));
#5144=EDGE_LOOP('',(#198,#199,#200,#201));
#5145=EDGE_LOOP('',(#202,#203,#204,#205));
#5146=EDGE_LOOP('',(#206,#207,#208,#209));
#5147=EDGE_LOOP('',(#210,#211,#212,#213));
#5148=EDGE_LOOP('',(#214,#215,#216,#217));
#5149=EDGE_LOOP('',(#218,#219,#220,#221));
#5150=EDGE_LOOP('',(#222,#223,#224,#225));
#5151=EDGE_LOOP('',(#226,#227,#228,#229));
#5152=EDGE_LOOP('',(#230,#231,#232,#233));
#5153=EDGE_LOOP('',(#234,#235,#236,#237,#238,#239,#240,#241,#242,#243,#244,
#245));
#5154=EDGE_LOOP('',(#246,#247,#248,#249));
#5155=EDGE_LOOP('',(#250,#251,#252,#253,#254,#255,#256,#257,#258,#259,#260,
#261));
#5156=EDGE_LOOP('',(#262,#263,#264,#265));
#5157=EDGE_LOOP('',(#266,#267,#268,#269));
#5158=EDGE_LOOP('',(#270,#271,#272,#273));
#5159=EDGE_LOOP('',(#274,#275,#276,#277));
#5160=EDGE_LOOP('',(#278,#279,#280,#281));
#5161=EDGE_LOOP('',(#282,#283,#284,#285));
#5162=EDGE_LOOP('',(#286,#287,#288,#289,#290,#291));
#5163=EDGE_LOOP('',(#292,#293,#294,#295));
#5164=EDGE_LOOP('',(#296,#297,#298,#299,#300,#301));
#5165=EDGE_LOOP('',(#302,#303,#304,#305));
#5166=EDGE_LOOP('',(#306,#307,#308,#309));
#5167=EDGE_LOOP('',(#310,#311,#312,#313,#314,#315));
#5168=EDGE_LOOP('',(#316,#317,#318,#319));
#5169=EDGE_LOOP('',(#320,#321,#322,#323,#324,#325));
#5170=EDGE_LOOP('',(#326,#327,#328,#329));
#5171=EDGE_LOOP('',(#330,#331,#332,#333));
#5172=EDGE_LOOP('',(#334,#335,#336,#337));
#5173=EDGE_LOOP('',(#338,#339,#340,#341));
#5174=EDGE_LOOP('',(#342,#343,#344,#345));
#5175=EDGE_LOOP('',(#346,#347,#348,#349));
#5176=EDGE_LOOP('',(#350,#351,#352,#353));
#5177=EDGE_LOOP('',(#354,#355,#356,#357));
#5178=EDGE_LOOP('',(#358,#359,#360,#361,#362,#363));
#5179=EDGE_LOOP('',(#364,#365,#366,#367,#368,#369));
#5180=EDGE_LOOP('',(#370,#371,#372,#373,#374,#375));
#5181=EDGE_LOOP('',(#376,#377,#378,#379,#380,#381));
#5182=EDGE_LOOP('',(#382,#383,#384,#385));
#5183=EDGE_LOOP('',(#386,#387,#388,#389));
#5184=EDGE_LOOP('',(#390,#391,#392,#393));
#5185=EDGE_LOOP('',(#394,#395,#396,#397));
#5186=EDGE_LOOP('',(#398,#399,#400,#401));
#5187=EDGE_LOOP('',(#402,#403,#404,#405));
#5188=EDGE_LOOP('',(#406,#407,#408,#409));
#5189=EDGE_LOOP('',(#410,#411,#412,#413));
#5190=EDGE_LOOP('',(#414,#415,#416,#417));
#5191=EDGE_LOOP('',(#418,#419,#420,#421));
#5192=EDGE_LOOP('',(#422,#423,#424,#425));
#5193=EDGE_LOOP('',(#426,#427,#428,#429));
#5194=EDGE_LOOP('',(#430,#431,#432,#433));
#5195=EDGE_LOOP('',(#434,#435,#436,#437));
#5196=EDGE_LOOP('',(#438,#439,#440,#441));
#5197=EDGE_LOOP('',(#442,#443,#444,#445));
#5198=EDGE_LOOP('',(#446,#447,#448,#449));
#5199=EDGE_LOOP('',(#450,#451,#452,#453,#454,#455,#456,#457,#458,#459,#460,
#461));
#5200=EDGE_LOOP('',(#462,#463,#464,#465));
#5201=EDGE_LOOP('',(#466,#467,#468,#469));
#5202=EDGE_LOOP('',(#470,#471,#472,#473));
#5203=EDGE_LOOP('',(#474,#475,#476,#477));
#5204=EDGE_LOOP('',(#478,#479,#480,#481,#482,#483,#484,#485,#486,#487,#488,
#489));
#5205=EDGE_LOOP('',(#490,#491,#492,#493));
#5206=EDGE_LOOP('',(#494,#495,#496,#497));
#5207=EDGE_LOOP('',(#498,#499,#500,#501));
#5208=EDGE_LOOP('',(#502,#503,#504,#505));
#5209=EDGE_LOOP('',(#506,#507,#508,#509));
#5210=EDGE_LOOP('',(#510,#511,#512,#513,#514,#515));
#5211=EDGE_LOOP('',(#516,#517,#518,#519,#520,#521));
#5212=EDGE_LOOP('',(#522,#523,#524,#525,#526,#527));
#5213=EDGE_LOOP('',(#528,#529,#530,#531));
#5214=EDGE_LOOP('',(#532,#533,#534,#535,#536,#537));
#5215=EDGE_LOOP('',(#538,#539,#540,#541));
#5216=EDGE_LOOP('',(#542,#543,#544,#545));
#5217=EDGE_LOOP('',(#546,#547,#548,#549));
#5218=EDGE_LOOP('',(#550,#551,#552,#553));
#5219=EDGE_LOOP('',(#554,#555,#556,#557));
#5220=EDGE_LOOP('',(#558,#559,#560,#561));
#5221=EDGE_LOOP('',(#562,#563,#564,#565));
#5222=EDGE_LOOP('',(#566,#567,#568,#569));
#5223=EDGE_LOOP('',(#570,#571,#572,#573));
#5224=EDGE_LOOP('',(#574,#575,#576,#577));
#5225=EDGE_LOOP('',(#578,#579,#580,#581));
#5226=EDGE_LOOP('',(#582,#583,#584,#585));
#5227=EDGE_LOOP('',(#586,#587,#588,#589));
#5228=EDGE_LOOP('',(#590,#591,#592,#593));
#5229=EDGE_LOOP('',(#594,#595,#596,#597,#598,#599,#600));
#5230=EDGE_LOOP('',(#601,#602,#603,#604,#605,#606,#607));
#5231=EDGE_LOOP('',(#608,#609,#610,#611,#612,#613,#614));
#5232=EDGE_LOOP('',(#615,#616,#617,#618,#619,#620,#621));
#5233=EDGE_LOOP('',(#622,#623,#624,#625));
#5234=EDGE_LOOP('',(#626,#627,#628,#629));
#5235=EDGE_LOOP('',(#630,#631,#632,#633));
#5236=EDGE_LOOP('',(#634,#635,#636,#637));
#5237=EDGE_LOOP('',(#638,#639,#640,#641));
#5238=EDGE_LOOP('',(#642,#643,#644,#645));
#5239=EDGE_LOOP('',(#646,#647,#648,#649));
#5240=EDGE_LOOP('',(#650,#651,#652,#653));
#5241=EDGE_LOOP('',(#654,#655,#656,#657));
#5242=EDGE_LOOP('',(#658,#659,#660,#661));
#5243=EDGE_LOOP('',(#662,#663,#664,#665));
#5244=EDGE_LOOP('',(#666,#667,#668,#669));
#5245=EDGE_LOOP('',(#670,#671,#672,#673));
#5246=EDGE_LOOP('',(#674,#675,#676,#677));
#5247=EDGE_LOOP('',(#678,#679,#680,#681));
#5248=EDGE_LOOP('',(#682,#683,#684,#685));
#5249=EDGE_LOOP('',(#686,#687,#688,#689));
#5250=EDGE_LOOP('',(#690,#691,#692,#693));
#5251=EDGE_LOOP('',(#694,#695,#696,#697));
#5252=EDGE_LOOP('',(#698,#699,#700,#701));
#5253=EDGE_LOOP('',(#702,#703,#704,#705));
#5254=EDGE_LOOP('',(#706,#707,#708,#709));
#5255=EDGE_LOOP('',(#710,#711,#712,#713));
#5256=EDGE_LOOP('',(#714,#715,#716,#717));
#5257=EDGE_LOOP('',(#718,#719,#720,#721));
#5258=EDGE_LOOP('',(#722,#723,#724,#725));
#5259=EDGE_LOOP('',(#726,#727,#728,#729));
#5260=EDGE_LOOP('',(#730,#731,#732,#733));
#5261=EDGE_LOOP('',(#734,#735,#736,#737));
#5262=EDGE_LOOP('',(#738,#739,#740,#741));
#5263=EDGE_LOOP('',(#742,#743,#744,#745));
#5264=EDGE_LOOP('',(#746,#747,#748,#749));
#5265=EDGE_LOOP('',(#750,#751,#752,#753));
#5266=EDGE_LOOP('',(#754,#755,#756,#757));
#5267=EDGE_LOOP('',(#758,#759,#760,#761));
#5268=EDGE_LOOP('',(#762,#763,#764,#765));
#5269=EDGE_LOOP('',(#766,#767,#768,#769));
#5270=EDGE_LOOP('',(#770,#771,#772,#773));
#5271=EDGE_LOOP('',(#774,#775,#776,#777));
#5272=EDGE_LOOP('',(#778,#779,#780,#781));
#5273=EDGE_LOOP('',(#782,#783,#784,#785));
#5274=EDGE_LOOP('',(#786,#787,#788,#789));
#5275=EDGE_LOOP('',(#790,#791,#792,#793));
#5276=EDGE_LOOP('',(#794,#795,#796,#797));
#5277=EDGE_LOOP('',(#798,#799,#800,#801));
#5278=EDGE_LOOP('',(#802,#803,#804,#805));
#5279=EDGE_LOOP('',(#806,#807,#808,#809));
#5280=EDGE_LOOP('',(#810,#811,#812,#813));
#5281=EDGE_LOOP('',(#814,#815,#816,#817));
#5282=EDGE_LOOP('',(#818,#819,#820,#821));
#5283=EDGE_LOOP('',(#822,#823,#824,#825));
#5284=EDGE_LOOP('',(#826,#827,#828,#829));
#5285=EDGE_LOOP('',(#830,#831,#832,#833));
#5286=EDGE_LOOP('',(#834,#835,#836,#837));
#5287=EDGE_LOOP('',(#838,#839,#840,#841));
#5288=EDGE_LOOP('',(#842,#843,#844,#845));
#5289=EDGE_LOOP('',(#846,#847,#848,#849));
#5290=EDGE_LOOP('',(#850,#851,#852,#853));
#5291=EDGE_LOOP('',(#854,#855,#856,#857));
#5292=EDGE_LOOP('',(#858,#859,#860,#861));
#5293=EDGE_LOOP('',(#862,#863,#864,#865));
#5294=EDGE_LOOP('',(#866,#867,#868,#869));
#5295=EDGE_LOOP('',(#870,#871,#872,#873));
#5296=EDGE_LOOP('',(#874,#875,#876,#877));
#5297=EDGE_LOOP('',(#878,#879,#880,#881));
#5298=EDGE_LOOP('',(#882,#883,#884,#885));
#5299=EDGE_LOOP('',(#886,#887,#888,#889));
#5300=EDGE_LOOP('',(#890,#891,#892,#893));
#5301=EDGE_LOOP('',(#894,#895,#896,#897));
#5302=EDGE_LOOP('',(#898,#899,#900,#901));
#5303=EDGE_LOOP('',(#902,#903,#904,#905,#906,#907,#908,#909,#910,#911,#912,
#913,#914,#915,#916,#917,#918,#919,#920,#921,#922,#923,#924,#925,#926,#927,
#928,#929));
#5304=EDGE_LOOP('',(#930,#931,#932,#933,#934,#935,#936,#937,#938,#939,#940,
#941,#942,#943,#944,#945,#946,#947,#948,#949,#950,#951,#952,#953,#954,#955,
#956,#957));
#5305=EDGE_LOOP('',(#958,#959,#960,#961));
#5306=EDGE_LOOP('',(#962,#963,#964,#965));
#5307=EDGE_LOOP('',(#966,#967,#968,#969));
#5308=EDGE_LOOP('',(#970,#971,#972,#973));
#5309=EDGE_LOOP('',(#974,#975,#976,#977));
#5310=EDGE_LOOP('',(#978,#979,#980,#981,#982,#983,#984,#985,#986,#987,#988,
#989,#990,#991,#992,#993,#994,#995,#996,#997,#998,#999,#1000,#1001,#1002,
#1003,#1004,#1005,#1006,#1007,#1008,#1009,#1010,#1011,#1012,#1013,#1014,
#1015,#1016,#1017,#1018,#1019,#1020,#1021,#1022,#1023,#1024,#1025,#1026,
#1027,#1028,#1029));
#5311=EDGE_LOOP('',(#1030,#1031,#1032,#1033));
#5312=EDGE_LOOP('',(#1034,#1035,#1036,#1037));
#5313=EDGE_LOOP('',(#1038,#1039,#1040,#1041));
#5314=EDGE_LOOP('',(#1042,#1043,#1044,#1045));
#5315=EDGE_LOOP('',(#1046,#1047,#1048,#1049,#1050,#1051,#1052,#1053,#1054));
#5316=EDGE_LOOP('',(#1055,#1056,#1057,#1058,#1059,#1060,#1061,#1062,#1063));
#5317=EDGE_LOOP('',(#1064,#1065,#1066,#1067));
#5318=EDGE_LOOP('',(#1068,#1069,#1070,#1071));
#5319=EDGE_LOOP('',(#1072,#1073,#1074,#1075));
#5320=EDGE_LOOP('',(#1076,#1077,#1078,#1079));
#5321=EDGE_LOOP('',(#1080,#1081,#1082,#1083));
#5322=EDGE_LOOP('',(#1084,#1085,#1086,#1087));
#5323=EDGE_LOOP('',(#1088,#1089,#1090,#1091,#1092));
#5324=EDGE_LOOP('',(#1093,#1094,#1095,#1096,#1097));
#5325=EDGE_LOOP('',(#1098,#1099,#1100,#1101));
#5326=EDGE_LOOP('',(#1102,#1103,#1104,#1105));
#5327=EDGE_LOOP('',(#1106,#1107,#1108,#1109,#1110));
#5328=EDGE_LOOP('',(#1111,#1112,#1113,#1114,#1115));
#5329=EDGE_LOOP('',(#1116,#1117,#1118,#1119));
#5330=EDGE_LOOP('',(#1120,#1121,#1122,#1123));
#5331=EDGE_LOOP('',(#1124,#1125,#1126,#1127,#1128));
#5332=EDGE_LOOP('',(#1129,#1130,#1131,#1132,#1133));
#5333=EDGE_LOOP('',(#1134,#1135,#1136,#1137));
#5334=EDGE_LOOP('',(#1138,#1139,#1140,#1141));
#5335=EDGE_LOOP('',(#1142,#1143,#1144,#1145,#1146));
#5336=EDGE_LOOP('',(#1147,#1148,#1149,#1150,#1151));
#5337=EDGE_LOOP('',(#1152,#1153,#1154,#1155));
#5338=EDGE_LOOP('',(#1156,#1157,#1158,#1159));
#5339=EDGE_LOOP('',(#1160,#1161,#1162,#1163,#1164));
#5340=EDGE_LOOP('',(#1165,#1166,#1167,#1168,#1169));
#5341=EDGE_LOOP('',(#1170,#1171,#1172,#1173));
#5342=EDGE_LOOP('',(#1174,#1175,#1176,#1177));
#5343=EDGE_LOOP('',(#1178,#1179,#1180,#1181,#1182));
#5344=EDGE_LOOP('',(#1183,#1184,#1185,#1186,#1187));
#5345=EDGE_LOOP('',(#1188,#1189,#1190,#1191,#1192));
#5346=EDGE_LOOP('',(#1193,#1194,#1195,#1196,#1197));
#5347=EDGE_LOOP('',(#1198,#1199,#1200,#1201));
#5348=EDGE_LOOP('',(#1202,#1203,#1204,#1205));
#5349=EDGE_LOOP('',(#1206,#1207,#1208,#1209,#1210));
#5350=EDGE_LOOP('',(#1211,#1212,#1213,#1214,#1215));
#5351=EDGE_LOOP('',(#1216,#1217,#1218,#1219));
#5352=EDGE_LOOP('',(#1220,#1221,#1222,#1223));
#5353=EDGE_LOOP('',(#1224,#1225,#1226,#1227,#1228));
#5354=EDGE_LOOP('',(#1229,#1230,#1231,#1232,#1233));
#5355=EDGE_LOOP('',(#1234,#1235,#1236,#1237));
#5356=EDGE_LOOP('',(#1238,#1239,#1240,#1241));
#5357=EDGE_LOOP('',(#1242,#1243,#1244,#1245,#1246));
#5358=EDGE_LOOP('',(#1247,#1248,#1249,#1250,#1251));
#5359=EDGE_LOOP('',(#1252,#1253,#1254,#1255));
#5360=EDGE_LOOP('',(#1256,#1257,#1258,#1259));
#5361=EDGE_LOOP('',(#1260,#1261,#1262,#1263,#1264));
#5362=EDGE_LOOP('',(#1265,#1266,#1267,#1268,#1269));
#5363=EDGE_LOOP('',(#1270,#1271,#1272,#1273));
#5364=EDGE_LOOP('',(#1274,#1275,#1276,#1277));
#5365=EDGE_LOOP('',(#1278,#1279,#1280,#1281,#1282));
#5366=EDGE_LOOP('',(#1283,#1284,#1285,#1286,#1287));
#5367=EDGE_LOOP('',(#1288,#1289,#1290,#1291));
#5368=EDGE_LOOP('',(#1292,#1293,#1294,#1295));
#5369=EDGE_LOOP('',(#1296,#1297,#1298,#1299));
#5370=EDGE_LOOP('',(#1300,#1301,#1302,#1303));
#5371=EDGE_LOOP('',(#1304,#1305,#1306,#1307));
#5372=EDGE_LOOP('',(#1308,#1309,#1310,#1311));
#5373=EDGE_LOOP('',(#1312,#1313,#1314,#1315));
#5374=EDGE_LOOP('',(#1316,#1317,#1318,#1319));
#5375=EDGE_LOOP('',(#1320,#1321,#1322,#1323));
#5376=EDGE_LOOP('',(#1324,#1325,#1326,#1327));
#5377=EDGE_LOOP('',(#1328,#1329,#1330,#1331));
#5378=EDGE_LOOP('',(#1332,#1333,#1334,#1335));
#5379=EDGE_LOOP('',(#1336,#1337,#1338,#1339));
#5380=EDGE_LOOP('',(#1340,#1341,#1342,#1343));
#5381=EDGE_LOOP('',(#1344,#1345,#1346,#1347));
#5382=EDGE_LOOP('',(#1348,#1349,#1350,#1351));
#5383=EDGE_LOOP('',(#1352,#1353,#1354,#1355));
#5384=EDGE_LOOP('',(#1356,#1357,#1358,#1359));
#5385=EDGE_LOOP('',(#1360,#1361,#1362,#1363));
#5386=EDGE_LOOP('',(#1364,#1365,#1366,#1367));
#5387=EDGE_LOOP('',(#1368,#1369,#1370,#1371));
#5388=EDGE_LOOP('',(#1372,#1373,#1374,#1375));
#5389=EDGE_LOOP('',(#1376,#1377,#1378,#1379));
#5390=EDGE_LOOP('',(#1380,#1381,#1382,#1383));
#5391=EDGE_LOOP('',(#1384,#1385,#1386,#1387));
#5392=EDGE_LOOP('',(#1388,#1389,#1390,#1391));
#5393=EDGE_LOOP('',(#1392,#1393,#1394,#1395));
#5394=EDGE_LOOP('',(#1396,#1397,#1398,#1399));
#5395=EDGE_LOOP('',(#1400,#1401,#1402,#1403));
#5396=EDGE_LOOP('',(#1404,#1405,#1406,#1407));
#5397=EDGE_LOOP('',(#1408,#1409,#1410,#1411));
#5398=EDGE_LOOP('',(#1412,#1413,#1414,#1415));
#5399=EDGE_LOOP('',(#1416,#1417,#1418,#1419));
#5400=EDGE_LOOP('',(#1420,#1421,#1422,#1423));
#5401=EDGE_LOOP('',(#1424,#1425,#1426,#1427));
#5402=EDGE_LOOP('',(#1428,#1429,#1430,#1431));
#5403=EDGE_LOOP('',(#1432,#1433,#1434,#1435));
#5404=EDGE_LOOP('',(#1436,#1437,#1438,#1439));
#5405=EDGE_LOOP('',(#1440,#1441,#1442,#1443));
#5406=EDGE_LOOP('',(#1444,#1445,#1446,#1447));
#5407=EDGE_LOOP('',(#1448,#1449,#1450,#1451));
#5408=EDGE_LOOP('',(#1452,#1453,#1454,#1455));
#5409=EDGE_LOOP('',(#1456,#1457,#1458,#1459));
#5410=EDGE_LOOP('',(#1460,#1461,#1462,#1463));
#5411=EDGE_LOOP('',(#1464,#1465,#1466,#1467));
#5412=EDGE_LOOP('',(#1468,#1469,#1470,#1471));
#5413=EDGE_LOOP('',(#1472,#1473,#1474,#1475));
#5414=EDGE_LOOP('',(#1476,#1477,#1478,#1479));
#5415=EDGE_LOOP('',(#1480,#1481,#1482,#1483));
#5416=EDGE_LOOP('',(#1484,#1485,#1486,#1487));
#5417=EDGE_LOOP('',(#1488,#1489,#1490,#1491));
#5418=EDGE_LOOP('',(#1492,#1493,#1494,#1495));
#5419=EDGE_LOOP('',(#1496,#1497,#1498,#1499));
#5420=EDGE_LOOP('',(#1500,#1501,#1502,#1503));
#5421=EDGE_LOOP('',(#1504,#1505,#1506,#1507));
#5422=EDGE_LOOP('',(#1508,#1509,#1510,#1511));
#5423=EDGE_LOOP('',(#1512,#1513,#1514,#1515));
#5424=EDGE_LOOP('',(#1516,#1517,#1518,#1519));
#5425=EDGE_LOOP('',(#1520,#1521,#1522,#1523));
#5426=EDGE_LOOP('',(#1524,#1525,#1526,#1527));
#5427=EDGE_LOOP('',(#1528,#1529,#1530,#1531));
#5428=EDGE_LOOP('',(#1532,#1533,#1534,#1535));
#5429=EDGE_LOOP('',(#1536,#1537,#1538,#1539));
#5430=EDGE_LOOP('',(#1540,#1541,#1542,#1543));
#5431=EDGE_LOOP('',(#1544,#1545,#1546,#1547));
#5432=EDGE_LOOP('',(#1548,#1549,#1550,#1551));
#5433=EDGE_LOOP('',(#1552,#1553,#1554,#1555));
#5434=EDGE_LOOP('',(#1556,#1557,#1558,#1559,#1560,#1561,#1562,#1563,#1564,
#1565,#1566,#1567,#1568,#1569,#1570,#1571,#1572,#1573,#1574,#1575,#1576,
#1577,#1578,#1579,#1580,#1581,#1582,#1583,#1584,#1585,#1586,#1587,#1588,
#1589,#1590,#1591,#1592,#1593,#1594,#1595,#1596,#1597,#1598,#1599,#1600,
#1601,#1602,#1603,#1604,#1605,#1606,#1607));
#5435=EDGE_LOOP('',(#1608,#1609,#1610,#1611));
#5436=EDGE_LOOP('',(#1612,#1613,#1614,#1615));
#5437=EDGE_LOOP('',(#1616,#1617,#1618,#1619));
#5438=EDGE_LOOP('',(#1620,#1621,#1622,#1623));
#5439=EDGE_LOOP('',(#1624,#1625,#1626,#1627));
#5440=EDGE_LOOP('',(#1628,#1629,#1630,#1631,#1632,#1633,#1634,#1635,#1636,
#1637,#1638,#1639,#1640,#1641,#1642,#1643,#1644,#1645,#1646,#1647,#1648,
#1649,#1650,#1651,#1652,#1653,#1654,#1655));
#5441=EDGE_LOOP('',(#1656,#1657,#1658,#1659,#1660,#1661,#1662,#1663,#1664,
#1665,#1666,#1667,#1668,#1669,#1670,#1671,#1672,#1673,#1674,#1675,#1676,
#1677,#1678,#1679,#1680,#1681,#1682,#1683));
#5442=EDGE_LOOP('',(#1684,#1685,#1686,#1687,#1688,#1689,#1690,#1691,#1692,
#1693,#1694,#1695,#1696));
#5443=EDGE_LOOP('',(#1697,#1698,#1699,#1700,#1701,#1702,#1703,#1704,#1705,
#1706,#1707,#1708,#1709));
#5444=EDGE_LOOP('',(#1710,#1711,#1712,#1713,#1714,#1715,#1716));
#5445=EDGE_LOOP('',(#1717,#1718,#1719,#1720,#1721,#1722,#1723));
#5446=EDGE_LOOP('',(#1724,#1725,#1726,#1727,#1728,#1729,#1730));
#5447=EDGE_LOOP('',(#1731,#1732,#1733,#1734,#1735,#1736,#1737));
#5448=EDGE_LOOP('',(#1738,#1739,#1740,#1741,#1742,#1743,#1744));
#5449=EDGE_LOOP('',(#1745,#1746,#1747,#1748,#1749,#1750,#1751));
#5450=EDGE_LOOP('',(#1752,#1753,#1754,#1755,#1756,#1757,#1758));
#5451=EDGE_LOOP('',(#1759,#1760,#1761,#1762,#1763,#1764,#1765));
#5452=EDGE_LOOP('',(#1766,#1767,#1768,#1769,#1770,#1771,#1772));
#5453=EDGE_LOOP('',(#1773,#1774,#1775,#1776,#1777,#1778,#1779));
#5454=EDGE_LOOP('',(#1780,#1781,#1782,#1783,#1784,#1785,#1786));
#5455=EDGE_LOOP('',(#1787,#1788,#1789,#1790,#1791,#1792,#1793));
#5456=EDGE_LOOP('',(#1794,#1795,#1796,#1797,#1798,#1799,#1800));
#5457=EDGE_LOOP('',(#1801,#1802,#1803,#1804,#1805,#1806,#1807));
#5458=EDGE_LOOP('',(#1808,#1809,#1810,#1811,#1812,#1813,#1814));
#5459=EDGE_LOOP('',(#1815,#1816,#1817,#1818,#1819,#1820,#1821));
#5460=EDGE_LOOP('',(#1822,#1823,#1824,#1825,#1826,#1827,#1828));
#5461=EDGE_LOOP('',(#1829,#1830,#1831,#1832,#1833,#1834,#1835));
#5462=EDGE_LOOP('',(#1836,#1837,#1838,#1839,#1840,#1841,#1842));
#5463=EDGE_LOOP('',(#1843,#1844,#1845,#1846,#1847,#1848,#1849));
#5464=EDGE_LOOP('',(#1850,#1851,#1852,#1853,#1854,#1855,#1856));
#5465=EDGE_LOOP('',(#1857,#1858,#1859,#1860,#1861,#1862,#1863));
#5466=EDGE_LOOP('',(#1864,#1865,#1866,#1867,#1868,#1869,#1870));
#5467=EDGE_LOOP('',(#1871,#1872,#1873,#1874,#1875,#1876,#1877));
#5468=FACE_BOUND('',#5114,.T.);
#5469=FACE_BOUND('',#5115,.T.);
#5470=FACE_BOUND('',#5116,.T.);
#5471=FACE_BOUND('',#5117,.T.);
#5472=FACE_BOUND('',#5118,.T.);
#5473=FACE_BOUND('',#5119,.T.);
#5474=FACE_BOUND('',#5120,.T.);
#5475=FACE_BOUND('',#5121,.T.);
#5476=FACE_BOUND('',#5122,.T.);
#5477=FACE_BOUND('',#5123,.T.);
#5478=FACE_BOUND('',#5124,.T.);
#5479=FACE_BOUND('',#5125,.T.);
#5480=FACE_BOUND('',#5126,.T.);
#5481=FACE_BOUND('',#5127,.T.);
#5482=FACE_BOUND('',#5128,.T.);
#5483=FACE_BOUND('',#5129,.T.);
#5484=FACE_BOUND('',#5130,.T.);
#5485=FACE_BOUND('',#5131,.T.);
#5486=FACE_BOUND('',#5132,.T.);
#5487=FACE_BOUND('',#5133,.T.);
#5488=FACE_BOUND('',#5134,.T.);
#5489=FACE_BOUND('',#5135,.T.);
#5490=FACE_BOUND('',#5136,.T.);
#5491=FACE_BOUND('',#5137,.T.);
#5492=FACE_BOUND('',#5138,.T.);
#5493=FACE_BOUND('',#5139,.T.);
#5494=FACE_BOUND('',#5140,.T.);
#5495=FACE_BOUND('',#5141,.T.);
#5496=FACE_BOUND('',#5142,.T.);
#5497=FACE_BOUND('',#5143,.T.);
#5498=FACE_BOUND('',#5144,.T.);
#5499=FACE_BOUND('',#5145,.T.);
#5500=FACE_BOUND('',#5146,.T.);
#5501=FACE_BOUND('',#5147,.T.);
#5502=FACE_BOUND('',#5148,.T.);
#5503=FACE_BOUND('',#5149,.T.);
#5504=FACE_BOUND('',#5150,.T.);
#5505=FACE_BOUND('',#5151,.T.);
#5506=FACE_BOUND('',#5152,.T.);
#5507=FACE_BOUND('',#5153,.T.);
#5508=FACE_BOUND('',#5154,.T.);
#5509=FACE_BOUND('',#5155,.T.);
#5510=FACE_BOUND('',#5156,.T.);
#5511=FACE_BOUND('',#5157,.T.);
#5512=FACE_BOUND('',#5158,.T.);
#5513=FACE_BOUND('',#5159,.T.);
#5514=FACE_BOUND('',#5160,.T.);
#5515=FACE_BOUND('',#5161,.T.);
#5516=FACE_BOUND('',#5162,.T.);
#5517=FACE_BOUND('',#5163,.T.);
#5518=FACE_BOUND('',#5164,.T.);
#5519=FACE_BOUND('',#5165,.T.);
#5520=FACE_BOUND('',#5166,.T.);
#5521=FACE_BOUND('',#5167,.T.);
#5522=FACE_BOUND('',#5168,.T.);
#5523=FACE_BOUND('',#5169,.T.);
#5524=FACE_BOUND('',#5170,.T.);
#5525=FACE_BOUND('',#5171,.T.);
#5526=FACE_BOUND('',#5172,.T.);
#5527=FACE_BOUND('',#5173,.T.);
#5528=FACE_BOUND('',#5174,.T.);
#5529=FACE_BOUND('',#5175,.T.);
#5530=FACE_BOUND('',#5176,.T.);
#5531=FACE_BOUND('',#5177,.T.);
#5532=FACE_BOUND('',#5178,.T.);
#5533=FACE_BOUND('',#5179,.T.);
#5534=FACE_BOUND('',#5180,.T.);
#5535=FACE_BOUND('',#5181,.T.);
#5536=FACE_BOUND('',#5182,.T.);
#5537=FACE_BOUND('',#5183,.T.);
#5538=FACE_BOUND('',#5184,.T.);
#5539=FACE_BOUND('',#5185,.T.);
#5540=FACE_BOUND('',#5186,.T.);
#5541=FACE_BOUND('',#5187,.T.);
#5542=FACE_BOUND('',#5188,.T.);
#5543=FACE_BOUND('',#5189,.T.);
#5544=FACE_BOUND('',#5190,.T.);
#5545=FACE_BOUND('',#5191,.T.);
#5546=FACE_BOUND('',#5192,.T.);
#5547=FACE_BOUND('',#5193,.T.);
#5548=FACE_BOUND('',#5194,.T.);
#5549=FACE_BOUND('',#5195,.T.);
#5550=FACE_BOUND('',#5196,.T.);
#5551=FACE_BOUND('',#5197,.T.);
#5552=FACE_BOUND('',#5198,.T.);
#5553=FACE_BOUND('',#5199,.T.);
#5554=FACE_BOUND('',#5200,.T.);
#5555=FACE_BOUND('',#5201,.T.);
#5556=FACE_BOUND('',#5202,.T.);
#5557=FACE_BOUND('',#5203,.T.);
#5558=FACE_BOUND('',#5204,.T.);
#5559=FACE_BOUND('',#5205,.T.);
#5560=FACE_BOUND('',#5206,.T.);
#5561=FACE_BOUND('',#5207,.T.);
#5562=FACE_BOUND('',#5208,.T.);
#5563=FACE_BOUND('',#5209,.T.);
#5564=FACE_BOUND('',#5210,.T.);
#5565=FACE_BOUND('',#5211,.T.);
#5566=FACE_BOUND('',#5212,.T.);
#5567=FACE_BOUND('',#5213,.T.);
#5568=FACE_BOUND('',#5214,.T.);
#5569=FACE_BOUND('',#5215,.T.);
#5570=FACE_BOUND('',#5216,.T.);
#5571=FACE_BOUND('',#5217,.T.);
#5572=FACE_BOUND('',#5218,.T.);
#5573=FACE_BOUND('',#5219,.T.);
#5574=FACE_BOUND('',#5220,.T.);
#5575=FACE_BOUND('',#5221,.T.);
#5576=FACE_BOUND('',#5222,.T.);
#5577=FACE_BOUND('',#5223,.T.);
#5578=FACE_BOUND('',#5224,.T.);
#5579=FACE_BOUND('',#5225,.T.);
#5580=FACE_BOUND('',#5226,.T.);
#5581=FACE_BOUND('',#5227,.T.);
#5582=FACE_BOUND('',#5228,.T.);
#5583=FACE_BOUND('',#5229,.T.);
#5584=FACE_BOUND('',#5230,.T.);
#5585=FACE_BOUND('',#5231,.T.);
#5586=FACE_BOUND('',#5232,.T.);
#5587=FACE_BOUND('',#5233,.T.);
#5588=FACE_BOUND('',#5234,.T.);
#5589=FACE_BOUND('',#5235,.T.);
#5590=FACE_BOUND('',#5236,.T.);
#5591=FACE_BOUND('',#5237,.T.);
#5592=FACE_BOUND('',#5238,.T.);
#5593=FACE_BOUND('',#5239,.T.);
#5594=FACE_BOUND('',#5240,.T.);
#5595=FACE_BOUND('',#5241,.T.);
#5596=FACE_BOUND('',#5242,.T.);
#5597=FACE_BOUND('',#5243,.T.);
#5598=FACE_BOUND('',#5244,.T.);
#5599=FACE_BOUND('',#5245,.T.);
#5600=FACE_BOUND('',#5246,.T.);
#5601=FACE_BOUND('',#5247,.T.);
#5602=FACE_BOUND('',#5248,.T.);
#5603=FACE_BOUND('',#5249,.T.);
#5604=FACE_BOUND('',#5250,.T.);
#5605=FACE_BOUND('',#5251,.T.);
#5606=FACE_BOUND('',#5252,.T.);
#5607=FACE_BOUND('',#5253,.T.);
#5608=FACE_BOUND('',#5254,.T.);
#5609=FACE_BOUND('',#5255,.T.);
#5610=FACE_BOUND('',#5256,.T.);
#5611=FACE_BOUND('',#5257,.T.);
#5612=FACE_BOUND('',#5258,.T.);
#5613=FACE_BOUND('',#5259,.T.);
#5614=FACE_BOUND('',#5260,.T.);
#5615=FACE_BOUND('',#5261,.T.);
#5616=FACE_BOUND('',#5262,.T.);
#5617=FACE_BOUND('',#5263,.T.);
#5618=FACE_BOUND('',#5264,.T.);
#5619=FACE_BOUND('',#5265,.T.);
#5620=FACE_BOUND('',#5266,.T.);
#5621=FACE_BOUND('',#5267,.T.);
#5622=FACE_BOUND('',#5268,.T.);
#5623=FACE_BOUND('',#5269,.T.);
#5624=FACE_BOUND('',#5270,.T.);
#5625=FACE_BOUND('',#5271,.T.);
#5626=FACE_BOUND('',#5272,.T.);
#5627=FACE_BOUND('',#5273,.T.);
#5628=FACE_BOUND('',#5274,.T.);
#5629=FACE_BOUND('',#5275,.T.);
#5630=FACE_BOUND('',#5276,.T.);
#5631=FACE_BOUND('',#5277,.T.);
#5632=FACE_BOUND('',#5278,.T.);
#5633=FACE_BOUND('',#5279,.T.);
#5634=FACE_BOUND('',#5280,.T.);
#5635=FACE_BOUND('',#5281,.T.);
#5636=FACE_BOUND('',#5282,.T.);
#5637=FACE_BOUND('',#5283,.T.);
#5638=FACE_BOUND('',#5284,.T.);
#5639=FACE_BOUND('',#5285,.T.);
#5640=FACE_BOUND('',#5286,.T.);
#5641=FACE_BOUND('',#5287,.T.);
#5642=FACE_BOUND('',#5288,.T.);
#5643=FACE_BOUND('',#5289,.T.);
#5644=FACE_BOUND('',#5290,.T.);
#5645=FACE_BOUND('',#5291,.T.);
#5646=FACE_BOUND('',#5292,.T.);
#5647=FACE_BOUND('',#5293,.T.);
#5648=FACE_BOUND('',#5294,.T.);
#5649=FACE_BOUND('',#5295,.T.);
#5650=FACE_BOUND('',#5296,.T.);
#5651=FACE_BOUND('',#5297,.T.);
#5652=FACE_BOUND('',#5298,.T.);
#5653=FACE_BOUND('',#5299,.T.);
#5654=FACE_BOUND('',#5300,.T.);
#5655=FACE_BOUND('',#5301,.T.);
#5656=FACE_BOUND('',#5302,.T.);
#5657=FACE_BOUND('',#5303,.T.);
#5658=FACE_BOUND('',#5304,.T.);
#5659=FACE_BOUND('',#5305,.T.);
#5660=FACE_BOUND('',#5306,.T.);
#5661=FACE_BOUND('',#5307,.T.);
#5662=FACE_BOUND('',#5308,.T.);
#5663=FACE_BOUND('',#5309,.T.);
#5664=FACE_BOUND('',#5310,.T.);
#5665=FACE_BOUND('',#5311,.T.);
#5666=FACE_BOUND('',#5312,.T.);
#5667=FACE_BOUND('',#5313,.T.);
#5668=FACE_BOUND('',#5314,.T.);
#5669=FACE_BOUND('',#5315,.T.);
#5670=FACE_BOUND('',#5316,.T.);
#5671=FACE_BOUND('',#5317,.T.);
#5672=FACE_BOUND('',#5318,.T.);
#5673=FACE_BOUND('',#5319,.T.);
#5674=FACE_BOUND('',#5320,.T.);
#5675=FACE_BOUND('',#5321,.T.);
#5676=FACE_BOUND('',#5322,.T.);
#5677=FACE_BOUND('',#5323,.T.);
#5678=FACE_BOUND('',#5324,.T.);
#5679=FACE_BOUND('',#5325,.T.);
#5680=FACE_BOUND('',#5326,.T.);
#5681=FACE_BOUND('',#5327,.T.);
#5682=FACE_BOUND('',#5328,.T.);
#5683=FACE_BOUND('',#5329,.T.);
#5684=FACE_BOUND('',#5330,.T.);
#5685=FACE_BOUND('',#5331,.T.);
#5686=FACE_BOUND('',#5332,.T.);
#5687=FACE_BOUND('',#5333,.T.);
#5688=FACE_BOUND('',#5334,.T.);
#5689=FACE_BOUND('',#5335,.T.);
#5690=FACE_BOUND('',#5336,.T.);
#5691=FACE_BOUND('',#5337,.T.);
#5692=FACE_BOUND('',#5338,.T.);
#5693=FACE_BOUND('',#5339,.T.);
#5694=FACE_BOUND('',#5340,.T.);
#5695=FACE_BOUND('',#5341,.T.);
#5696=FACE_BOUND('',#5342,.T.);
#5697=FACE_BOUND('',#5343,.T.);
#5698=FACE_BOUND('',#5344,.T.);
#5699=FACE_BOUND('',#5345,.T.);
#5700=FACE_BOUND('',#5346,.T.);
#5701=FACE_BOUND('',#5347,.T.);
#5702=FACE_BOUND('',#5348,.T.);
#5703=FACE_BOUND('',#5349,.T.);
#5704=FACE_BOUND('',#5350,.T.);
#5705=FACE_BOUND('',#5351,.T.);
#5706=FACE_BOUND('',#5352,.T.);
#5707=FACE_BOUND('',#5353,.T.);
#5708=FACE_BOUND('',#5354,.T.);
#5709=FACE_BOUND('',#5355,.T.);
#5710=FACE_BOUND('',#5356,.T.);
#5711=FACE_BOUND('',#5357,.T.);
#5712=FACE_BOUND('',#5358,.T.);
#5713=FACE_BOUND('',#5359,.T.);
#5714=FACE_BOUND('',#5360,.T.);
#5715=FACE_BOUND('',#5361,.T.);
#5716=FACE_BOUND('',#5362,.T.);
#5717=FACE_BOUND('',#5363,.T.);
#5718=FACE_BOUND('',#5364,.T.);
#5719=FACE_BOUND('',#5365,.T.);
#5720=FACE_BOUND('',#5366,.T.);
#5721=FACE_BOUND('',#5367,.T.);
#5722=FACE_BOUND('',#5368,.T.);
#5723=FACE_BOUND('',#5369,.T.);
#5724=FACE_BOUND('',#5370,.T.);
#5725=FACE_BOUND('',#5371,.T.);
#5726=FACE_BOUND('',#5372,.T.);
#5727=FACE_BOUND('',#5373,.T.);
#5728=FACE_BOUND('',#5374,.T.);
#5729=FACE_BOUND('',#5375,.T.);
#5730=FACE_BOUND('',#5376,.T.);
#5731=FACE_BOUND('',#5377,.T.);
#5732=FACE_BOUND('',#5378,.T.);
#5733=FACE_BOUND('',#5379,.T.);
#5734=FACE_BOUND('',#5380,.T.);
#5735=FACE_BOUND('',#5381,.T.);
#5736=FACE_BOUND('',#5382,.T.);
#5737=FACE_BOUND('',#5383,.T.);
#5738=FACE_BOUND('',#5384,.T.);
#5739=FACE_BOUND('',#5385,.T.);
#5740=FACE_BOUND('',#5386,.T.);
#5741=FACE_BOUND('',#5387,.T.);
#5742=FACE_BOUND('',#5388,.T.);
#5743=FACE_BOUND('',#5389,.T.);
#5744=FACE_BOUND('',#5390,.T.);
#5745=FACE_BOUND('',#5391,.T.);
#5746=FACE_BOUND('',#5392,.T.);
#5747=FACE_BOUND('',#5393,.T.);
#5748=FACE_BOUND('',#5394,.T.);
#5749=FACE_BOUND('',#5395,.T.);
#5750=FACE_BOUND('',#5396,.T.);
#5751=FACE_BOUND('',#5397,.T.);
#5752=FACE_BOUND('',#5398,.T.);
#5753=FACE_BOUND('',#5399,.T.);
#5754=FACE_BOUND('',#5400,.T.);
#5755=FACE_BOUND('',#5401,.T.);
#5756=FACE_BOUND('',#5402,.T.);
#5757=FACE_BOUND('',#5403,.T.);
#5758=FACE_BOUND('',#5404,.T.);
#5759=FACE_BOUND('',#5405,.T.);
#5760=FACE_BOUND('',#5406,.T.);
#5761=FACE_BOUND('',#5407,.T.);
#5762=FACE_BOUND('',#5408,.T.);
#5763=FACE_BOUND('',#5409,.T.);
#5764=FACE_BOUND('',#5410,.T.);
#5765=FACE_BOUND('',#5411,.T.);
#5766=FACE_BOUND('',#5412,.T.);
#5767=FACE_BOUND('',#5413,.T.);
#5768=FACE_BOUND('',#5414,.T.);
#5769=FACE_BOUND('',#5415,.T.);
#5770=FACE_BOUND('',#5416,.T.);
#5771=FACE_BOUND('',#5417,.T.);
#5772=FACE_BOUND('',#5418,.T.);
#5773=FACE_BOUND('',#5419,.T.);
#5774=FACE_BOUND('',#5420,.T.);
#5775=FACE_BOUND('',#5421,.T.);
#5776=FACE_BOUND('',#5422,.T.);
#5777=FACE_BOUND('',#5423,.T.);
#5778=FACE_BOUND('',#5424,.T.);
#5779=FACE_BOUND('',#5425,.T.);
#5780=FACE_BOUND('',#5426,.T.);
#5781=FACE_BOUND('',#5427,.T.);
#5782=FACE_BOUND('',#5428,.T.);
#5783=FACE_BOUND('',#5429,.T.);
#5784=FACE_BOUND('',#5430,.T.);
#5785=FACE_BOUND('',#5431,.T.);
#5786=FACE_BOUND('',#5432,.T.);
#5787=FACE_BOUND('',#5433,.T.);
#5788=FACE_BOUND('',#5434,.T.);
#5789=FACE_BOUND('',#5435,.T.);
#5790=FACE_BOUND('',#5436,.T.);
#5791=FACE_BOUND('',#5437,.T.);
#5792=FACE_BOUND('',#5438,.T.);
#5793=FACE_BOUND('',#5439,.T.);
#5794=FACE_BOUND('',#5440,.T.);
#5795=FACE_BOUND('',#5441,.T.);
#5796=FACE_BOUND('',#5442,.T.);
#5797=FACE_BOUND('',#5443,.T.);
#5798=FACE_BOUND('',#5444,.T.);
#5799=FACE_BOUND('',#5445,.T.);
#5800=FACE_BOUND('',#5446,.T.);
#5801=FACE_BOUND('',#5447,.T.);
#5802=FACE_BOUND('',#5448,.T.);
#5803=FACE_BOUND('',#5449,.T.);
#5804=FACE_BOUND('',#5450,.T.);
#5805=FACE_BOUND('',#5451,.T.);
#5806=FACE_BOUND('',#5452,.T.);
#5807=FACE_BOUND('',#5453,.T.);
#5808=FACE_BOUND('',#5454,.T.);
#5809=FACE_BOUND('',#5455,.T.);
#5810=FACE_BOUND('',#5456,.T.);
#5811=FACE_BOUND('',#5457,.T.);
#5812=FACE_BOUND('',#5458,.T.);
#5813=FACE_BOUND('',#5459,.T.);
#5814=FACE_BOUND('',#5460,.T.);
#5815=FACE_BOUND('',#5461,.T.);
#5816=FACE_BOUND('',#5462,.T.);
#5817=FACE_BOUND('',#5463,.T.);
#5818=FACE_BOUND('',#5464,.T.);
#5819=FACE_BOUND('',#5465,.T.);
#5820=FACE_BOUND('',#5466,.T.);
#5821=FACE_BOUND('',#5467,.T.);
#5822=PLANE('',#6511);
#5823=PLANE('',#6512);
#5824=PLANE('',#6513);
#5825=PLANE('',#6514);
#5826=PLANE('',#6515);
#5827=PLANE('',#6516);
#5828=PLANE('',#6517);
#5829=PLANE('',#6518);
#5830=PLANE('',#6519);
#5831=PLANE('',#6520);
#5832=PLANE('',#6521);
#5833=PLANE('',#6522);
#5834=PLANE('',#6523);
#5835=PLANE('',#6524);
#5836=PLANE('',#6525);
#5837=PLANE('',#6526);
#5838=PLANE('',#6527);
#5839=PLANE('',#6528);
#5840=PLANE('',#6529);
#5841=PLANE('',#6530);
#5842=PLANE('',#6531);
#5843=PLANE('',#6532);
#5844=PLANE('',#6533);
#5845=PLANE('',#6534);
#5846=PLANE('',#6535);
#5847=PLANE('',#6536);
#5848=PLANE('',#6537);
#5849=PLANE('',#6538);
#5850=PLANE('',#6539);
#5851=PLANE('',#6540);
#5852=PLANE('',#6541);
#5853=PLANE('',#6542);
#5854=PLANE('',#6543);
#5855=PLANE('',#6544);
#5856=PLANE('',#6545);
#5857=PLANE('',#6546);
#5858=PLANE('',#6547);
#5859=PLANE('',#6548);
#5860=PLANE('',#6549);
#5861=PLANE('',#6550);
#5862=PLANE('',#6551);
#5863=PLANE('',#6552);
#5864=PLANE('',#6553);
#5865=PLANE('',#6554);
#5866=PLANE('',#6555);
#5867=PLANE('',#6556);
#5868=PLANE('',#6557);
#5869=PLANE('',#6558);
#5870=PLANE('',#6559);
#5871=PLANE('',#6560);
#5872=PLANE('',#6561);
#5873=PLANE('',#6562);
#5874=PLANE('',#6563);
#5875=PLANE('',#6564);
#5876=PLANE('',#6565);
#5877=PLANE('',#6566);
#5878=PLANE('',#6567);
#5879=PLANE('',#6568);
#5880=PLANE('',#6569);
#5881=PLANE('',#6570);
#5882=PLANE('',#6571);
#5883=PLANE('',#6572);
#5884=PLANE('',#6573);
#5885=PLANE('',#6574);
#5886=PLANE('',#6575);
#5887=PLANE('',#6576);
#5888=PLANE('',#6577);
#5889=PLANE('',#6578);
#5890=PLANE('',#6579);
#5891=PLANE('',#6580);
#5892=PLANE('',#6581);
#5893=PLANE('',#6582);
#5894=PLANE('',#6583);
#5895=PLANE('',#6584);
#5896=PLANE('',#6585);
#5897=PLANE('',#6586);
#5898=PLANE('',#6587);
#5899=PLANE('',#6588);
#5900=PLANE('',#6589);
#5901=PLANE('',#6590);
#5902=PLANE('',#6591);
#5903=PLANE('',#6592);
#5904=PLANE('',#6593);
#5905=PLANE('',#6594);
#5906=PLANE('',#6595);
#5907=PLANE('',#6596);
#5908=PLANE('',#6597);
#5909=PLANE('',#6598);
#5910=PLANE('',#6599);
#5911=PLANE('',#6600);
#5912=PLANE('',#6601);
#5913=PLANE('',#6602);
#5914=PLANE('',#6603);
#5915=PLANE('',#6604);
#5916=PLANE('',#6605);
#5917=PLANE('',#6606);
#5918=PLANE('',#6607);
#5919=PLANE('',#6608);
#5920=PLANE('',#6609);
#5921=PLANE('',#6610);
#5922=PLANE('',#6611);
#5923=PLANE('',#6612);
#5924=PLANE('',#6613);
#5925=PLANE('',#6614);
#5926=PLANE('',#6615);
#5927=PLANE('',#6616);
#5928=PLANE('',#6618);
#5929=PLANE('',#6619);
#5930=PLANE('',#6620);
#5931=PLANE('',#6621);
#5932=PLANE('',#6622);
#5933=PLANE('',#6623);
#5934=PLANE('',#6624);
#5935=PLANE('',#6625);
#5936=PLANE('',#6626);
#5937=PLANE('',#6627);
#5938=PLANE('',#6628);
#5939=PLANE('',#6629);
#5940=PLANE('',#6630);
#5941=PLANE('',#6631);
#5942=PLANE('',#6632);
#5943=PLANE('',#6633);
#5944=PLANE('',#6634);
#5945=PLANE('',#6635);
#5946=PLANE('',#6636);
#5947=PLANE('',#6637);
#5948=PLANE('',#6638);
#5949=PLANE('',#6639);
#5950=PLANE('',#6640);
#5951=PLANE('',#6641);
#5952=PLANE('',#6642);
#5953=PLANE('',#6643);
#5954=PLANE('',#6644);
#5955=PLANE('',#6645);
#5956=PLANE('',#6646);
#5957=PLANE('',#6647);
#5958=PLANE('',#6648);
#5959=PLANE('',#6649);
#5960=PLANE('',#6650);
#5961=PLANE('',#6651);
#5962=PLANE('',#6652);
#5963=PLANE('',#6653);
#5964=PLANE('',#6654);
#5965=PLANE('',#6655);
#5966=PLANE('',#6656);
#5967=PLANE('',#6657);
#5968=PLANE('',#6658);
#5969=PLANE('',#6659);
#5970=PLANE('',#6660);
#5971=PLANE('',#6661);
#5972=PLANE('',#6662);
#5973=PLANE('',#6663);
#5974=PLANE('',#6664);
#5975=PLANE('',#6665);
#5976=PLANE('',#6666);
#5977=PLANE('',#6667);
#5978=PLANE('',#6668);
#5979=PLANE('',#6669);
#5980=PLANE('',#6670);
#5981=PLANE('',#6671);
#5982=PLANE('',#6672);
#5983=PLANE('',#6673);
#5984=PLANE('',#6674);
#5985=PLANE('',#6675);
#5986=PLANE('',#6676);
#5987=PLANE('',#6677);
#5988=PLANE('',#6678);
#5989=PLANE('',#6679);
#5990=PLANE('',#6680);
#5991=PLANE('',#6681);
#5992=PLANE('',#6682);
#5993=PLANE('',#6683);
#5994=PLANE('',#6684);
#5995=PLANE('',#6685);
#5996=PLANE('',#6686);
#5997=PLANE('',#6687);
#5998=PLANE('',#6688);
#5999=PLANE('',#6689);
#6000=PLANE('',#6690);
#6001=PLANE('',#6691);
#6002=PLANE('',#6692);
#6003=PLANE('',#6693);
#6004=PLANE('',#6694);
#6005=PLANE('',#6695);
#6006=PLANE('',#6696);
#6007=PLANE('',#6697);
#6008=PLANE('',#6698);
#6009=PLANE('',#6699);
#6010=PLANE('',#6700);
#6011=PLANE('',#6701);
#6012=PLANE('',#6702);
#6013=PLANE('',#6703);
#6014=PLANE('',#6704);
#6015=PLANE('',#6705);
#6016=PLANE('',#6706);
#6017=PLANE('',#6707);
#6018=PLANE('',#6708);
#6019=PLANE('',#6709);
#6020=PLANE('',#6710);
#6021=PLANE('',#6711);
#6022=PLANE('',#6712);
#6023=PLANE('',#6713);
#6024=PLANE('',#6714);
#6025=PLANE('',#6715);
#6026=PLANE('',#6716);
#6027=PLANE('',#6717);
#6028=PLANE('',#6718);
#6029=PLANE('',#6719);
#6030=PLANE('',#6720);
#6031=PLANE('',#6721);
#6032=PLANE('',#6722);
#6033=PLANE('',#6723);
#6034=PLANE('',#6724);
#6035=PLANE('',#6725);
#6036=PLANE('',#6726);
#6037=PLANE('',#6727);
#6038=PLANE('',#6728);
#6039=PLANE('',#6729);
#6040=PLANE('',#6730);
#6041=PLANE('',#6731);
#6042=PLANE('',#6732);
#6043=PLANE('',#6733);
#6044=PLANE('',#6734);
#6045=PLANE('',#6735);
#6046=PLANE('',#6736);
#6047=PLANE('',#6737);
#6048=PLANE('',#6738);
#6049=PLANE('',#6739);
#6050=PLANE('',#6740);
#6051=PLANE('',#6741);
#6052=PLANE('',#6742);
#6053=PLANE('',#6743);
#6054=PLANE('',#6744);
#6055=PLANE('',#6746);
#6056=PLANE('',#6747);
#6057=PLANE('',#6748);
#6058=PLANE('',#6749);
#6059=PLANE('',#6750);
#6060=PLANE('',#6751);
#6061=PLANE('',#6752);
#6062=PLANE('',#6753);
#6063=PLANE('',#6754);
#6064=PLANE('',#6755);
#6065=PLANE('',#6756);
#6066=PLANE('',#6757);
#6067=PLANE('',#6758);
#6068=PLANE('',#6759);
#6069=PLANE('',#6760);
#6070=PLANE('',#6761);
#6071=PLANE('',#6762);
#6072=PLANE('',#6763);
#6073=PLANE('',#6782);
#6074=PLANE('',#6783);
#6075=PLANE('',#6784);
#6076=PLANE('',#6785);
#6077=PLANE('',#6786);
#6078=PLANE('',#6787);
#6079=PLANE('',#6788);
#6080=PLANE('',#6789);
#6081=PLANE('',#6790);
#6082=PLANE('',#6791);
#6083=PLANE('',#6792);
#6084=PLANE('',#6793);
#6085=PLANE('',#6812);
#6086=PLANE('',#6813);
#6087=PLANE('',#6814);
#6088=PLANE('',#6815);
#6089=PLANE('',#6816);
#6090=PLANE('',#6817);
#6091=PLANE('',#6818);
#6092=PLANE('',#6819);
#6093=PLANE('',#6820);
#6094=PLANE('',#6821);
#6095=PLANE('',#6822);
#6096=PLANE('',#6823);
#6097=PLANE('',#6824);
#6098=PLANE('',#6825);
#6099=PLANE('',#6826);
#6100=PLANE('',#6827);
#6101=PLANE('',#6828);
#6102=PLANE('',#6829);
#6103=PLANE('',#6830);
#6104=PLANE('',#6831);
#6105=PLANE('',#6832);
#6106=PLANE('',#6836);
#6107=PLANE('',#6837);
#6108=PLANE('',#6838);
#6109=PLANE('',#6842);
#6110=PLANE('',#6843);
#6111=PLANE('',#6844);
#6112=PLANE('',#6845);
#6113=PLANE('',#6846);
#6114=PLANE('',#6847);
#6115=PLANE('',#6848);
#6116=PLANE('',#6849);
#6117=PLANE('',#6850);
#6118=PLANE('',#6851);
#6119=PLANE('',#6852);
#6120=PLANE('',#6853);
#6121=PLANE('',#6854);
#6122=PLANE('',#6855);
#6123=PLANE('',#6856);
#6124=PLANE('',#6857);
#6125=PLANE('',#6858);
#6126=PLANE('',#6859);
#6127=PLANE('',#6860);
#6128=PLANE('',#6861);
#6129=PLANE('',#6862);
#6130=PLANE('',#6863);
#6131=PLANE('',#6864);
#6132=PLANE('',#6865);
#6133=PLANE('',#6866);
#6134=PLANE('',#6867);
#6135=PLANE('',#6868);
#6136=PLANE('',#6869);
#6137=PLANE('',#6870);
#6138=PLANE('',#6871);
#6139=PLANE('',#6872);
#6140=ADVANCED_FACE('',(#5468),#5822,.T.);
#6141=ADVANCED_FACE('',(#5469),#5823,.T.);
#6142=ADVANCED_FACE('',(#5470),#5824,.T.);
#6143=ADVANCED_FACE('',(#5471),#5825,.F.);
#6144=ADVANCED_FACE('',(#5472),#5826,.F.);
#6145=ADVANCED_FACE('',(#5473),#5827,.F.);
#6146=ADVANCED_FACE('',(#5474),#5828,.F.);
#6147=ADVANCED_FACE('',(#5475),#5829,.F.);
#6148=ADVANCED_FACE('',(#5476),#5830,.F.);
#6149=ADVANCED_FACE('',(#5477),#5831,.T.);
#6150=ADVANCED_FACE('',(#5478),#5832,.T.);
#6151=ADVANCED_FACE('',(#5479),#5833,.T.);
#6152=ADVANCED_FACE('',(#5480),#5834,.T.);
#6153=ADVANCED_FACE('',(#5481),#5835,.T.);
#6154=ADVANCED_FACE('',(#5482),#5836,.T.);
#6155=ADVANCED_FACE('',(#5483),#5837,.T.);
#6156=ADVANCED_FACE('',(#5484),#5838,.T.);
#6157=ADVANCED_FACE('',(#5485),#5839,.T.);
#6158=ADVANCED_FACE('',(#5486),#5840,.T.);
#6159=ADVANCED_FACE('',(#5487),#5841,.T.);
#6160=ADVANCED_FACE('',(#5488),#5842,.T.);
#6161=ADVANCED_FACE('',(#5489),#5843,.T.);
#6162=ADVANCED_FACE('',(#5490),#5844,.T.);
#6163=ADVANCED_FACE('',(#5491),#5845,.T.);
#6164=ADVANCED_FACE('',(#5492),#5846,.T.);
#6165=ADVANCED_FACE('',(#5493),#5847,.T.);
#6166=ADVANCED_FACE('',(#5494),#5848,.T.);
#6167=ADVANCED_FACE('',(#5495),#5849,.T.);
#6168=ADVANCED_FACE('',(#5496),#5850,.T.);
#6169=ADVANCED_FACE('',(#5497),#5851,.T.);
#6170=ADVANCED_FACE('',(#5498),#5852,.T.);
#6171=ADVANCED_FACE('',(#5499),#5853,.T.);
#6172=ADVANCED_FACE('',(#5500),#5854,.T.);
#6173=ADVANCED_FACE('',(#5501),#5855,.T.);
#6174=ADVANCED_FACE('',(#5502),#5856,.T.);
#6175=ADVANCED_FACE('',(#5503),#5857,.T.);
#6176=ADVANCED_FACE('',(#5504),#5858,.T.);
#6177=ADVANCED_FACE('',(#5505),#5859,.F.);
#6178=ADVANCED_FACE('',(#5506),#5860,.F.);
#6179=ADVANCED_FACE('',(#5507),#5861,.F.);
#6180=ADVANCED_FACE('',(#5508),#5862,.F.);
#6181=ADVANCED_FACE('',(#5509),#5863,.F.);
#6182=ADVANCED_FACE('',(#5510),#5864,.T.);
#6183=ADVANCED_FACE('',(#5511),#5865,.T.);
#6184=ADVANCED_FACE('',(#5512),#5866,.T.);
#6185=ADVANCED_FACE('',(#5513),#5867,.T.);
#6186=ADVANCED_FACE('',(#5514),#5868,.T.);
#6187=ADVANCED_FACE('',(#5515),#5869,.T.);
#6188=ADVANCED_FACE('',(#5516),#5870,.T.);
#6189=ADVANCED_FACE('',(#5517),#5871,.T.);
#6190=ADVANCED_FACE('',(#5518),#5872,.T.);
#6191=ADVANCED_FACE('',(#5519),#5873,.T.);
#6192=ADVANCED_FACE('',(#5520),#5874,.T.);
#6193=ADVANCED_FACE('',(#5521),#5875,.T.);
#6194=ADVANCED_FACE('',(#5522),#5876,.T.);
#6195=ADVANCED_FACE('',(#5523),#5877,.T.);
#6196=ADVANCED_FACE('',(#5524),#5878,.T.);
#6197=ADVANCED_FACE('',(#5525),#5879,.T.);
#6198=ADVANCED_FACE('',(#5526),#5880,.T.);
#6199=ADVANCED_FACE('',(#5527),#5881,.T.);
#6200=ADVANCED_FACE('',(#5528),#5882,.T.);
#6201=ADVANCED_FACE('',(#5529),#5883,.T.);
#6202=ADVANCED_FACE('',(#5530),#5884,.T.);
#6203=ADVANCED_FACE('',(#5531),#5885,.T.);
#6204=ADVANCED_FACE('',(#5532),#5886,.T.);
#6205=ADVANCED_FACE('',(#5533),#5887,.T.);
#6206=ADVANCED_FACE('',(#5534),#5888,.T.);
#6207=ADVANCED_FACE('',(#5535),#5889,.T.);
#6208=ADVANCED_FACE('',(#5536),#5890,.T.);
#6209=ADVANCED_FACE('',(#5537),#5891,.T.);
#6210=ADVANCED_FACE('',(#5538),#5892,.F.);
#6211=ADVANCED_FACE('',(#5539,#5540,#5541,#5542,#5543,#5544,#5545,#5546,
#5547,#5548,#5549,#5550,#5551,#5552,#5553),#5893,.T.);
#6212=ADVANCED_FACE('',(#5554,#5555,#5556,#5557,#5558,#5559,#5560,#5561,
#5562),#5894,.F.);
#6213=ADVANCED_FACE('',(#5563),#5895,.F.);
#6214=ADVANCED_FACE('',(#5564),#5896,.F.);
#6215=ADVANCED_FACE('',(#5565),#5897,.F.);
#6216=ADVANCED_FACE('',(#5566),#5898,.F.);
#6217=ADVANCED_FACE('',(#5567),#5899,.F.);
#6218=ADVANCED_FACE('',(#5568),#5900,.F.);
#6219=ADVANCED_FACE('',(#5569),#5901,.F.);
#6220=ADVANCED_FACE('',(#5570),#5902,.T.);
#6221=ADVANCED_FACE('',(#5571),#5903,.F.);
#6222=ADVANCED_FACE('',(#5572),#5904,.T.);
#6223=ADVANCED_FACE('',(#5573),#5905,.F.);
#6224=ADVANCED_FACE('',(#5574),#5906,.F.);
#6225=ADVANCED_FACE('',(#5575),#5907,.F.);
#6226=ADVANCED_FACE('',(#5576),#5908,.F.);
#6227=ADVANCED_FACE('',(#5577),#5909,.F.);
#6228=ADVANCED_FACE('',(#5578),#5910,.F.);
#6229=ADVANCED_FACE('',(#5579),#5911,.F.);
#6230=ADVANCED_FACE('',(#5580),#5912,.T.);
#6231=ADVANCED_FACE('',(#5581),#5913,.F.);
#6232=ADVANCED_FACE('',(#5582),#5914,.T.);
#6233=ADVANCED_FACE('',(#5583),#5915,.T.);
#6234=ADVANCED_FACE('',(#5584),#5916,.T.);
#6235=ADVANCED_FACE('',(#5585),#5917,.T.);
#6236=ADVANCED_FACE('',(#5586),#5918,.T.);
#6237=ADVANCED_FACE('',(#5587),#5919,.T.);
#6238=ADVANCED_FACE('',(#5588),#5920,.T.);
#6239=ADVANCED_FACE('',(#5589),#5921,.T.);
#6240=ADVANCED_FACE('',(#5590),#5922,.F.);
#6241=ADVANCED_FACE('',(#5591),#5923,.T.);
#6242=ADVANCED_FACE('',(#5592),#5924,.T.);
#6243=ADVANCED_FACE('',(#5593),#5925,.T.);
#6244=ADVANCED_FACE('',(#5594),#5926,.T.);
#6245=ADVANCED_FACE('',(#5595),#5927,.T.);
#6246=ADVANCED_FACE('',(#5596),#5928,.T.);
#6247=ADVANCED_FACE('',(#5597),#5929,.T.);
#6248=ADVANCED_FACE('',(#5598),#5930,.T.);
#6249=ADVANCED_FACE('',(#5599),#5931,.T.);
#6250=ADVANCED_FACE('',(#5600),#5932,.T.);
#6251=ADVANCED_FACE('',(#5601),#5933,.T.);
#6252=ADVANCED_FACE('',(#5602),#5934,.T.);
#6253=ADVANCED_FACE('',(#5603),#5935,.T.);
#6254=ADVANCED_FACE('',(#5604),#5936,.T.);
#6255=ADVANCED_FACE('',(#5605),#5937,.T.);
#6256=ADVANCED_FACE('',(#5606),#5938,.T.);
#6257=ADVANCED_FACE('',(#5607),#5939,.T.);
#6258=ADVANCED_FACE('',(#5608),#5940,.T.);
#6259=ADVANCED_FACE('',(#5609),#5941,.T.);
#6260=ADVANCED_FACE('',(#5610),#5942,.T.);
#6261=ADVANCED_FACE('',(#5611),#5943,.T.);
#6262=ADVANCED_FACE('',(#5612),#5944,.T.);
#6263=ADVANCED_FACE('',(#5613),#5945,.T.);
#6264=ADVANCED_FACE('',(#5614),#5946,.T.);
#6265=ADVANCED_FACE('',(#5615),#5947,.T.);
#6266=ADVANCED_FACE('',(#5616),#5948,.T.);
#6267=ADVANCED_FACE('',(#5617),#5949,.T.);
#6268=ADVANCED_FACE('',(#5618),#5950,.T.);
#6269=ADVANCED_FACE('',(#5619),#5951,.T.);
#6270=ADVANCED_FACE('',(#5620),#5952,.T.);
#6271=ADVANCED_FACE('',(#5621),#5953,.T.);
#6272=ADVANCED_FACE('',(#5622),#5954,.T.);
#6273=ADVANCED_FACE('',(#5623),#5955,.T.);
#6274=ADVANCED_FACE('',(#5624),#5956,.T.);
#6275=ADVANCED_FACE('',(#5625),#5957,.T.);
#6276=ADVANCED_FACE('',(#5626),#5958,.T.);
#6277=ADVANCED_FACE('',(#5627),#5959,.T.);
#6278=ADVANCED_FACE('',(#5628),#5960,.T.);
#6279=ADVANCED_FACE('',(#5629),#5961,.T.);
#6280=ADVANCED_FACE('',(#5630),#5962,.T.);
#6281=ADVANCED_FACE('',(#5631),#5963,.T.);
#6282=ADVANCED_FACE('',(#5632),#5964,.T.);
#6283=ADVANCED_FACE('',(#5633),#5965,.T.);
#6284=ADVANCED_FACE('',(#5634),#5966,.T.);
#6285=ADVANCED_FACE('',(#5635),#5967,.T.);
#6286=ADVANCED_FACE('',(#5636),#5968,.T.);
#6287=ADVANCED_FACE('',(#5637),#5969,.T.);
#6288=ADVANCED_FACE('',(#5638),#5970,.T.);
#6289=ADVANCED_FACE('',(#5639),#5971,.T.);
#6290=ADVANCED_FACE('',(#5640),#5972,.T.);
#6291=ADVANCED_FACE('',(#5641),#5973,.T.);
#6292=ADVANCED_FACE('',(#5642),#5974,.T.);
#6293=ADVANCED_FACE('',(#5643),#5975,.T.);
#6294=ADVANCED_FACE('',(#5644),#5976,.T.);
#6295=ADVANCED_FACE('',(#5645),#5977,.T.);
#6296=ADVANCED_FACE('',(#5646),#5978,.T.);
#6297=ADVANCED_FACE('',(#5647),#5979,.T.);
#6298=ADVANCED_FACE('',(#5648),#5980,.T.);
#6299=ADVANCED_FACE('',(#5649),#5981,.T.);
#6300=ADVANCED_FACE('',(#5650),#5982,.T.);
#6301=ADVANCED_FACE('',(#5651),#5983,.T.);
#6302=ADVANCED_FACE('',(#5652),#5984,.T.);
#6303=ADVANCED_FACE('',(#5653),#5985,.T.);
#6304=ADVANCED_FACE('',(#5654),#5986,.T.);
#6305=ADVANCED_FACE('',(#5655),#5987,.T.);
#6306=ADVANCED_FACE('',(#5656),#5988,.T.);
#6307=ADVANCED_FACE('',(#5657),#5989,.T.);
#6308=ADVANCED_FACE('',(#5658),#5990,.T.);
#6309=ADVANCED_FACE('',(#5659),#5991,.T.);
#6310=ADVANCED_FACE('',(#5660),#5992,.T.);
#6311=ADVANCED_FACE('',(#5661),#5993,.T.);
#6312=ADVANCED_FACE('',(#5662),#5994,.T.);
#6313=ADVANCED_FACE('',(#5663),#5995,.T.);
#6314=ADVANCED_FACE('',(#5664),#5996,.T.);
#6315=ADVANCED_FACE('',(#5665),#5997,.T.);
#6316=ADVANCED_FACE('',(#5666),#5998,.T.);
#6317=ADVANCED_FACE('',(#5667),#5999,.T.);
#6318=ADVANCED_FACE('',(#5668),#6000,.T.);
#6319=ADVANCED_FACE('',(#5669),#6001,.T.);
#6320=ADVANCED_FACE('',(#5670),#6002,.F.);
#6321=ADVANCED_FACE('',(#5671),#6003,.F.);
#6322=ADVANCED_FACE('',(#5672),#6004,.F.);
#6323=ADVANCED_FACE('',(#5673),#6005,.F.);
#6324=ADVANCED_FACE('',(#5674),#6006,.F.);
#6325=ADVANCED_FACE('',(#5675),#6007,.F.);
#6326=ADVANCED_FACE('',(#5676),#6008,.F.);
#6327=ADVANCED_FACE('',(#5677),#6009,.F.);
#6328=ADVANCED_FACE('',(#5678),#6010,.F.);
#6329=ADVANCED_FACE('',(#5679),#6011,.F.);
#6330=ADVANCED_FACE('',(#5680),#6012,.F.);
#6331=ADVANCED_FACE('',(#5681),#6013,.F.);
#6332=ADVANCED_FACE('',(#5682),#6014,.F.);
#6333=ADVANCED_FACE('',(#5683),#6015,.F.);
#6334=ADVANCED_FACE('',(#5684),#6016,.F.);
#6335=ADVANCED_FACE('',(#5685),#6017,.F.);
#6336=ADVANCED_FACE('',(#5686),#6018,.F.);
#6337=ADVANCED_FACE('',(#5687),#6019,.F.);
#6338=ADVANCED_FACE('',(#5688),#6020,.F.);
#6339=ADVANCED_FACE('',(#5689),#6021,.F.);
#6340=ADVANCED_FACE('',(#5690),#6022,.F.);
#6341=ADVANCED_FACE('',(#5691),#6023,.F.);
#6342=ADVANCED_FACE('',(#5692),#6024,.F.);
#6343=ADVANCED_FACE('',(#5693),#6025,.F.);
#6344=ADVANCED_FACE('',(#5694),#6026,.F.);
#6345=ADVANCED_FACE('',(#5695),#6027,.F.);
#6346=ADVANCED_FACE('',(#5696),#6028,.F.);
#6347=ADVANCED_FACE('',(#5697),#6029,.F.);
#6348=ADVANCED_FACE('',(#5698),#6030,.F.);
#6349=ADVANCED_FACE('',(#5699),#6031,.F.);
#6350=ADVANCED_FACE('',(#5700),#6032,.F.);
#6351=ADVANCED_FACE('',(#5701),#6033,.F.);
#6352=ADVANCED_FACE('',(#5702),#6034,.F.);
#6353=ADVANCED_FACE('',(#5703),#6035,.F.);
#6354=ADVANCED_FACE('',(#5704),#6036,.F.);
#6355=ADVANCED_FACE('',(#5705),#6037,.F.);
#6356=ADVANCED_FACE('',(#5706),#6038,.F.);
#6357=ADVANCED_FACE('',(#5707),#6039,.F.);
#6358=ADVANCED_FACE('',(#5708),#6040,.F.);
#6359=ADVANCED_FACE('',(#5709),#6041,.F.);
#6360=ADVANCED_FACE('',(#5710),#6042,.F.);
#6361=ADVANCED_FACE('',(#5711),#6043,.F.);
#6362=ADVANCED_FACE('',(#5712),#6044,.F.);
#6363=ADVANCED_FACE('',(#5713),#6045,.F.);
#6364=ADVANCED_FACE('',(#5714),#6046,.F.);
#6365=ADVANCED_FACE('',(#5715),#6047,.F.);
#6366=ADVANCED_FACE('',(#5716),#6048,.F.);
#6367=ADVANCED_FACE('',(#5717),#6049,.F.);
#6368=ADVANCED_FACE('',(#5718),#6050,.F.);
#6369=ADVANCED_FACE('',(#5719),#6051,.F.);
#6370=ADVANCED_FACE('',(#5720),#6052,.F.);
#6371=ADVANCED_FACE('',(#5721),#6053,.F.);
#6372=ADVANCED_FACE('',(#5722),#6054,.F.);
#6373=ADVANCED_FACE('',(#5723),#6055,.T.);
#6374=ADVANCED_FACE('',(#5724),#6056,.T.);
#6375=ADVANCED_FACE('',(#5725),#6057,.T.);
#6376=ADVANCED_FACE('',(#5726),#6058,.T.);
#6377=ADVANCED_FACE('',(#5727),#6059,.T.);
#6378=ADVANCED_FACE('',(#5728),#6060,.T.);
#6379=ADVANCED_FACE('',(#5729),#6061,.T.);
#6380=ADVANCED_FACE('',(#5730),#6062,.T.);
#6381=ADVANCED_FACE('',(#5731),#6063,.T.);
#6382=ADVANCED_FACE('',(#5732),#6064,.T.);
#6383=ADVANCED_FACE('',(#5733),#6065,.T.);
#6384=ADVANCED_FACE('',(#5734),#6066,.T.);
#6385=ADVANCED_FACE('',(#5735),#6067,.T.);
#6386=ADVANCED_FACE('',(#5736),#6068,.T.);
#6387=ADVANCED_FACE('',(#5737),#6069,.T.);
#6388=ADVANCED_FACE('',(#5738),#6070,.T.);
#6389=ADVANCED_FACE('',(#5739),#6071,.T.);
#6390=ADVANCED_FACE('',(#5740),#6072,.T.);
#6391=ADVANCED_FACE('',(#5741),#38,.T.);
#6392=ADVANCED_FACE('',(#5742),#39,.T.);
#6393=ADVANCED_FACE('',(#5743),#40,.T.);
#6394=ADVANCED_FACE('',(#5744),#41,.T.);
#6395=ADVANCED_FACE('',(#5745),#42,.T.);
#6396=ADVANCED_FACE('',(#5746),#43,.T.);
#6397=ADVANCED_FACE('',(#5747),#6073,.T.);
#6398=ADVANCED_FACE('',(#5748),#6074,.T.);
#6399=ADVANCED_FACE('',(#5749),#6075,.T.);
#6400=ADVANCED_FACE('',(#5750),#6076,.T.);
#6401=ADVANCED_FACE('',(#5751),#6077,.T.);
#6402=ADVANCED_FACE('',(#5752),#6078,.T.);
#6403=ADVANCED_FACE('',(#5753),#6079,.T.);
#6404=ADVANCED_FACE('',(#5754),#6080,.T.);
#6405=ADVANCED_FACE('',(#5755),#6081,.T.);
#6406=ADVANCED_FACE('',(#5756),#6082,.T.);
#6407=ADVANCED_FACE('',(#5757),#6083,.T.);
#6408=ADVANCED_FACE('',(#5758),#6084,.T.);
#6409=ADVANCED_FACE('',(#5759),#44,.T.);
#6410=ADVANCED_FACE('',(#5760),#45,.T.);
#6411=ADVANCED_FACE('',(#5761),#46,.T.);
#6412=ADVANCED_FACE('',(#5762),#47,.T.);
#6413=ADVANCED_FACE('',(#5763),#48,.T.);
#6414=ADVANCED_FACE('',(#5764),#49,.T.);
#6415=ADVANCED_FACE('',(#5765),#6085,.T.);
#6416=ADVANCED_FACE('',(#5766),#6086,.T.);
#6417=ADVANCED_FACE('',(#5767),#6087,.T.);
#6418=ADVANCED_FACE('',(#5768),#6088,.T.);
#6419=ADVANCED_FACE('',(#5769),#6089,.T.);
#6420=ADVANCED_FACE('',(#5770),#6090,.T.);
#6421=ADVANCED_FACE('',(#5771),#6091,.T.);
#6422=ADVANCED_FACE('',(#5772),#6092,.T.);
#6423=ADVANCED_FACE('',(#5773),#6093,.T.);
#6424=ADVANCED_FACE('',(#5774),#6094,.T.);
#6425=ADVANCED_FACE('',(#5775),#6095,.T.);
#6426=ADVANCED_FACE('',(#5776),#6096,.T.);
#6427=ADVANCED_FACE('',(#5777),#6097,.T.);
#6428=ADVANCED_FACE('',(#5778),#6098,.T.);
#6429=ADVANCED_FACE('',(#5779),#6099,.T.);
#6430=ADVANCED_FACE('',(#5780),#6100,.T.);
#6431=ADVANCED_FACE('',(#5781),#6101,.T.);
#6432=ADVANCED_FACE('',(#5782),#6102,.T.);
#6433=ADVANCED_FACE('',(#5783),#6103,.T.);
#6434=ADVANCED_FACE('',(#5784),#6104,.T.);
#6435=ADVANCED_FACE('',(#5785),#6105,.T.);
#6436=ADVANCED_FACE('',(#5786),#50,.T.);
#6437=ADVANCED_FACE('',(#5787),#6106,.T.);
#6438=ADVANCED_FACE('',(#5788),#6107,.T.);
#6439=ADVANCED_FACE('',(#5789),#6108,.T.);
#6440=ADVANCED_FACE('',(#5790),#51,.T.);
#6441=ADVANCED_FACE('',(#5791),#6109,.T.);
#6442=ADVANCED_FACE('',(#5792),#6110,.T.);
#6443=ADVANCED_FACE('',(#5793),#6111,.T.);
#6444=ADVANCED_FACE('',(#5794),#6112,.T.);
#6445=ADVANCED_FACE('',(#5795),#6113,.T.);
#6446=ADVANCED_FACE('',(#5796),#6114,.F.);
#6447=ADVANCED_FACE('',(#5797),#6115,.T.);
#6448=ADVANCED_FACE('',(#5798),#6116,.F.);
#6449=ADVANCED_FACE('',(#5799),#6117,.F.);
#6450=ADVANCED_FACE('',(#5800),#6118,.F.);
#6451=ADVANCED_FACE('',(#5801),#6119,.F.);
#6452=ADVANCED_FACE('',(#5802),#6120,.F.);
#6453=ADVANCED_FACE('',(#5803),#6121,.F.);
#6454=ADVANCED_FACE('',(#5804),#6122,.F.);
#6455=ADVANCED_FACE('',(#5805),#6123,.F.);
#6456=ADVANCED_FACE('',(#5806),#6124,.F.);
#6457=ADVANCED_FACE('',(#5807),#6125,.F.);
#6458=ADVANCED_FACE('',(#5808),#6126,.F.);
#6459=ADVANCED_FACE('',(#5809),#6127,.F.);
#6460=ADVANCED_FACE('',(#5810),#6128,.F.);
#6461=ADVANCED_FACE('',(#5811),#6129,.F.);
#6462=ADVANCED_FACE('',(#5812),#6130,.F.);
#6463=ADVANCED_FACE('',(#5813),#6131,.F.);
#6464=ADVANCED_FACE('',(#5814),#6132,.F.);
#6465=ADVANCED_FACE('',(#5815),#6133,.F.);
#6466=ADVANCED_FACE('',(#5816),#6134,.F.);
#6467=ADVANCED_FACE('',(#5817),#6135,.F.);
#6468=ADVANCED_FACE('',(#5818),#6136,.F.);
#6469=ADVANCED_FACE('',(#5819),#6137,.F.);
#6470=ADVANCED_FACE('',(#5820),#6138,.F.);
#6471=ADVANCED_FACE('',(#5821),#6139,.F.);
#6472=CLOSED_SHELL('',(#6140,#6141,#6142,#6143,#6144,#6145,#6146,#6147,
#6148,#6149,#6150,#6151,#6152,#6153,#6154,#6155,#6156,#6157,#6158,#6159,
#6160,#6161,#6162,#6163,#6164,#6165,#6166,#6167,#6168,#6169,#6170,#6171,
#6172,#6173,#6174,#6175,#6176,#6177,#6178,#6179,#6180,#6181,#6182,#6183,
#6184,#6185,#6186,#6187,#6188,#6189,#6190,#6191,#6192,#6193,#6194,#6195,
#6196,#6197,#6198,#6199,#6200,#6201,#6202,#6203,#6204,#6205,#6206,#6207,
#6208,#6209,#6210,#6211,#6212,#6213,#6214,#6215,#6216,#6217,#6218,#6219,
#6220,#6221,#6222,#6223,#6224,#6225,#6226,#6227,#6228,#6229,#6230,#6231,
#6232,#6233,#6234,#6235,#6236,#6237,#6238,#6239,#6240,#6241,#6242,#6243,
#6244,#6245));
#6473=CLOSED_SHELL('',(#6246,#6247,#6248,#6249,#6250,#6251,#6252,#6253,
#6254,#6255,#6256,#6257,#6258,#6259,#6260,#6261,#6262,#6263,#6264,#6265,
#6266,#6267,#6268,#6269,#6270,#6271,#6272,#6273,#6274,#6275,#6276,#6277,
#6278,#6279,#6280,#6281,#6282,#6283,#6284,#6285,#6286,#6287,#6288,#6289,
#6290,#6291,#6292,#6293,#6294,#6295,#6296,#6297,#6298,#6299,#6300,#6301,
#6302,#6303,#6304,#6305,#6306,#6307,#6308,#6309,#6310,#6311,#6312,#6313,
#6314,#6315,#6316,#6317,#6318,#6319,#6320,#6321,#6322,#6323,#6324,#6325,
#6326,#6327,#6328,#6329,#6330,#6331,#6332,#6333,#6334,#6335,#6336,#6337,
#6338,#6339,#6340,#6341,#6342,#6343,#6344,#6345,#6346,#6347,#6348,#6349,
#6350,#6351,#6352,#6353,#6354,#6355,#6356,#6357,#6358,#6359,#6360,#6361,
#6362,#6363,#6364,#6365,#6366,#6367,#6368,#6369,#6370,#6371,#6372));
#6474=CLOSED_SHELL('',(#6373,#6374,#6375,#6376,#6377,#6378,#6379,#6380,
#6381,#6382,#6383,#6384,#6385,#6386,#6387,#6388,#6389,#6390,#6391,#6392,
#6393,#6394,#6395,#6396,#6397,#6398,#6399,#6400,#6401,#6402,#6403,#6404,
#6405,#6406,#6407,#6408,#6409,#6410,#6411,#6412,#6413,#6414,#6415,#6416,
#6417,#6418,#6419,#6420,#6421,#6422,#6423,#6424,#6425,#6426,#6427,#6428,
#6429,#6430,#6431,#6432,#6433,#6434,#6435,#6436,#6437,#6438,#6439,#6440,
#6441,#6442,#6443,#6444,#6445,#6446,#6447,#6448,#6449,#6450,#6451,#6452,
#6453,#6454,#6455,#6456,#6457,#6458,#6459,#6460,#6461,#6462,#6463,#6464,
#6465,#6466,#6467,#6468,#6469,#6470,#6471));
#6475=STYLED_ITEM('',(#6478),#6499);
#6476=STYLED_ITEM('',(#6479),#6500);
#6477=STYLED_ITEM('',(#6480),#6501);
#6478=PRESENTATION_STYLE_ASSIGNMENT((#6481));
#6479=PRESENTATION_STYLE_ASSIGNMENT((#6482));
#6480=PRESENTATION_STYLE_ASSIGNMENT((#6483));
#6481=SURFACE_STYLE_USAGE(.BOTH.,#6484);
#6482=SURFACE_STYLE_USAGE(.BOTH.,#6485);
#6483=SURFACE_STYLE_USAGE(.BOTH.,#6486);
#6484=SURFACE_SIDE_STYLE('',(#6487));
#6485=SURFACE_SIDE_STYLE('',(#6488));
#6486=SURFACE_SIDE_STYLE('',(#6489));
#6487=SURFACE_STYLE_FILL_AREA(#6490);
#6488=SURFACE_STYLE_FILL_AREA(#6491);
#6489=SURFACE_STYLE_FILL_AREA(#6492);
#6490=FILL_AREA_STYLE('',(#6493));
#6491=FILL_AREA_STYLE('',(#6494));
#6492=FILL_AREA_STYLE('',(#6495));
#6493=FILL_AREA_STYLE_COLOUR('',#6496);
#6494=FILL_AREA_STYLE_COLOUR('',#6497);
#6495=FILL_AREA_STYLE_COLOUR('',#6498);
#6496=COLOUR_RGB('',0.0549019612371922,0.0549019612371922,0.0549019612371922);
#6497=COLOUR_RGB('',0.831372559070587,0.701960802078247,0.176470592617989);
#6498=COLOUR_RGB('',0.670588254928589,0.670588254928589,0.670588254928589);
#6499=MANIFOLD_SOLID_BREP('FTSH-107-01-L-DV-K_body',#6472);
#6500=MANIFOLD_SOLID_BREP('FTSH-107-01-L-DV-K_pins1',#6473);
#6501=MANIFOLD_SOLID_BREP('FTSH-107-01-L-DV-K_pins2',#6474);
#6502=SHAPE_DEFINITION_REPRESENTATION(#10313,#6506);
#6503=SHAPE_DEFINITION_REPRESENTATION(#10314,#6507);
#6504=SHAPE_DEFINITION_REPRESENTATION(#10316,#6508);
#6505=SHAPE_DEFINITION_REPRESENTATION(#10318,#6509);
#6506=SHAPE_REPRESENTATION('FTSH-107-01-L-DV-K',(#6510,#6617,#6745,#6873),
#10299);
#6507=SHAPE_REPRESENTATION('FTSH-107-01-L-DV-K_body',(#6510),#10300);
#6508=SHAPE_REPRESENTATION('FTSH-107-01-L-DV-K_pins1',(#6510),#10301);
#6509=SHAPE_REPRESENTATION('FTSH-107-01-L-DV-K_pins2',(#6510),#10302);
#6510=AXIS2_PLACEMENT_3D('',#8478,#6874,#6875);
#6511=AXIS2_PLACEMENT_3D('',#8479,#6876,#6877);
#6512=AXIS2_PLACEMENT_3D('',#8500,#6888,#6889);
#6513=AXIS2_PLACEMENT_3D('',#8511,#6895,#6896);
#6514=AXIS2_PLACEMENT_3D('',#8522,#6902,#6903);
#6515=AXIS2_PLACEMENT_3D('',#8525,#6906,#6907);
#6516=AXIS2_PLACEMENT_3D('',#8528,#6910,#6911);
#6517=AXIS2_PLACEMENT_3D('',#8537,#6916,#6917);
#6518=AXIS2_PLACEMENT_3D('',#8545,#6922,#6923);
#6519=AXIS2_PLACEMENT_3D('',#8554,#6928,#6929);
#6520=AXIS2_PLACEMENT_3D('',#8563,#6934,#6935);
#6521=AXIS2_PLACEMENT_3D('',#8572,#6940,#6941);
#6522=AXIS2_PLACEMENT_3D('',#8581,#6946,#6947);
#6523=AXIS2_PLACEMENT_3D('',#8590,#6952,#6953);
#6524=AXIS2_PLACEMENT_3D('',#8596,#6957,#6958);
#6525=AXIS2_PLACEMENT_3D('',#8602,#6962,#6963);
#6526=AXIS2_PLACEMENT_3D('',#8611,#6968,#6969);
#6527=AXIS2_PLACEMENT_3D('',#8617,#6973,#6974);
#6528=AXIS2_PLACEMENT_3D('',#8623,#6978,#6979);
#6529=AXIS2_PLACEMENT_3D('',#8632,#6984,#6985);
#6530=AXIS2_PLACEMENT_3D('',#8638,#6989,#6990);
#6531=AXIS2_PLACEMENT_3D('',#8644,#6994,#6995);
#6532=AXIS2_PLACEMENT_3D('',#8653,#7000,#7001);
#6533=AXIS2_PLACEMENT_3D('',#8659,#7005,#7006);
#6534=AXIS2_PLACEMENT_3D('',#8665,#7010,#7011);
#6535=AXIS2_PLACEMENT_3D('',#8674,#7016,#7017);
#6536=AXIS2_PLACEMENT_3D('',#8680,#7021,#7022);
#6537=AXIS2_PLACEMENT_3D('',#8686,#7026,#7027);
#6538=AXIS2_PLACEMENT_3D('',#8695,#7032,#7033);
#6539=AXIS2_PLACEMENT_3D('',#8701,#7037,#7038);
#6540=AXIS2_PLACEMENT_3D('',#8707,#7042,#7043);
#6541=AXIS2_PLACEMENT_3D('',#8716,#7048,#7049);
#6542=AXIS2_PLACEMENT_3D('',#8725,#7054,#7055);
#6543=AXIS2_PLACEMENT_3D('',#8728,#7058,#7059);
#6544=AXIS2_PLACEMENT_3D('',#8731,#7062,#7063);
#6545=AXIS2_PLACEMENT_3D('',#8734,#7066,#7067);
#6546=AXIS2_PLACEMENT_3D('',#8737,#7070,#7071);
#6547=AXIS2_PLACEMENT_3D('',#8740,#7074,#7075);
#6548=AXIS2_PLACEMENT_3D('',#8743,#7078,#7079);
#6549=AXIS2_PLACEMENT_3D('',#8752,#7084,#7085);
#6550=AXIS2_PLACEMENT_3D('',#8761,#7090,#7091);
#6551=AXIS2_PLACEMENT_3D('',#8774,#7100,#7101);
#6552=AXIS2_PLACEMENT_3D('',#8782,#7106,#7107);
#6553=AXIS2_PLACEMENT_3D('',#8798,#7117,#7118);
#6554=AXIS2_PLACEMENT_3D('',#8807,#7123,#7124);
#6555=AXIS2_PLACEMENT_3D('',#8813,#7128,#7129);
#6556=AXIS2_PLACEMENT_3D('',#8819,#7133,#7134);
#6557=AXIS2_PLACEMENT_3D('',#8828,#7139,#7140);
#6558=AXIS2_PLACEMENT_3D('',#8834,#7144,#7145);
#6559=AXIS2_PLACEMENT_3D('',#8840,#7149,#7150);
#6560=AXIS2_PLACEMENT_3D('',#8850,#7156,#7157);
#6561=AXIS2_PLACEMENT_3D('',#8856,#7161,#7162);
#6562=AXIS2_PLACEMENT_3D('',#8866,#7168,#7169);
#6563=AXIS2_PLACEMENT_3D('',#8872,#7173,#7174);
#6564=AXIS2_PLACEMENT_3D('',#8881,#7179,#7180);
#6565=AXIS2_PLACEMENT_3D('',#8888,#7185,#7186);
#6566=AXIS2_PLACEMENT_3D('',#8897,#7191,#7192);
#6567=AXIS2_PLACEMENT_3D('',#8904,#7197,#7198);
#6568=AXIS2_PLACEMENT_3D('',#8913,#7203,#7204);
#6569=AXIS2_PLACEMENT_3D('',#8919,#7208,#7209);
#6570=AXIS2_PLACEMENT_3D('',#8925,#7213,#7214);
#6571=AXIS2_PLACEMENT_3D('',#8934,#7219,#7220);
#6572=AXIS2_PLACEMENT_3D('',#8940,#7224,#7225);
#6573=AXIS2_PLACEMENT_3D('',#8946,#7229,#7230);
#6574=AXIS2_PLACEMENT_3D('',#8949,#7233,#7234);
#6575=AXIS2_PLACEMENT_3D('',#8952,#7237,#7238);
#6576=AXIS2_PLACEMENT_3D('',#8959,#7243,#7244);
#6577=AXIS2_PLACEMENT_3D('',#8966,#7249,#7250);
#6578=AXIS2_PLACEMENT_3D('',#8973,#7255,#7256);
#6579=AXIS2_PLACEMENT_3D('',#8980,#7261,#7262);
#6580=AXIS2_PLACEMENT_3D('',#8983,#7265,#7266);
#6581=AXIS2_PLACEMENT_3D('',#8986,#7269,#7270);
#6582=AXIS2_PLACEMENT_3D('',#8992,#7274,#7275);
#6583=AXIS2_PLACEMENT_3D('',#8996,#7279,#7280);
#6584=AXIS2_PLACEMENT_3D('',#9008,#7290,#7291);
#6585=AXIS2_PLACEMENT_3D('',#9011,#7294,#7295);
#6586=AXIS2_PLACEMENT_3D('',#9013,#7297,#7298);
#6587=AXIS2_PLACEMENT_3D('',#9015,#7300,#7301);
#6588=AXIS2_PLACEMENT_3D('',#9018,#7304,#7305);
#6589=AXIS2_PLACEMENT_3D('',#9020,#7307,#7308);
#6590=AXIS2_PLACEMENT_3D('',#9022,#7310,#7311);
#6591=AXIS2_PLACEMENT_3D('',#9024,#7313,#7314);
#6592=AXIS2_PLACEMENT_3D('',#9025,#7315,#7316);
#6593=AXIS2_PLACEMENT_3D('',#9027,#7318,#7319);
#6594=AXIS2_PLACEMENT_3D('',#9028,#7320,#7321);
#6595=AXIS2_PLACEMENT_3D('',#9029,#7322,#7323);
#6596=AXIS2_PLACEMENT_3D('',#9030,#7324,#7325);
#6597=AXIS2_PLACEMENT_3D('',#9031,#7326,#7327);
#6598=AXIS2_PLACEMENT_3D('',#9032,#7328,#7329);
#6599=AXIS2_PLACEMENT_3D('',#9033,#7330,#7331);
#6600=AXIS2_PLACEMENT_3D('',#9034,#7332,#7333);
#6601=AXIS2_PLACEMENT_3D('',#9036,#7335,#7336);
#6602=AXIS2_PLACEMENT_3D('',#9037,#7337,#7338);
#6603=AXIS2_PLACEMENT_3D('',#9039,#7340,#7341);
#6604=AXIS2_PLACEMENT_3D('',#9040,#7342,#7343);
#6605=AXIS2_PLACEMENT_3D('',#9042,#7345,#7346);
#6606=AXIS2_PLACEMENT_3D('',#9044,#7348,#7349);
#6607=AXIS2_PLACEMENT_3D('',#9051,#7354,#7355);
#6608=AXIS2_PLACEMENT_3D('',#9058,#7360,#7361);
#6609=AXIS2_PLACEMENT_3D('',#9060,#7363,#7364);
#6610=AXIS2_PLACEMENT_3D('',#9061,#7365,#7366);
#6611=AXIS2_PLACEMENT_3D('',#9063,#7368,#7369);
#6612=AXIS2_PLACEMENT_3D('',#9064,#7370,#7371);
#6613=AXIS2_PLACEMENT_3D('',#9065,#7372,#7373);
#6614=AXIS2_PLACEMENT_3D('',#9067,#7375,#7376);
#6615=AXIS2_PLACEMENT_3D('',#9068,#7377,#7378);
#6616=AXIS2_PLACEMENT_3D('',#9070,#7380,#7381);
#6617=AXIS2_PLACEMENT_3D('',#9071,#7382,#7383);
#6618=AXIS2_PLACEMENT_3D('',#9072,#7384,#7385);
#6619=AXIS2_PLACEMENT_3D('',#9081,#7390,#7391);
#6620=AXIS2_PLACEMENT_3D('',#9090,#7396,#7397);
#6621=AXIS2_PLACEMENT_3D('',#9099,#7402,#7403);
#6622=AXIS2_PLACEMENT_3D('',#9108,#7408,#7409);
#6623=AXIS2_PLACEMENT_3D('',#9117,#7414,#7415);
#6624=AXIS2_PLACEMENT_3D('',#9126,#7420,#7421);
#6625=AXIS2_PLACEMENT_3D('',#9135,#7426,#7427);
#6626=AXIS2_PLACEMENT_3D('',#9144,#7432,#7433);
#6627=AXIS2_PLACEMENT_3D('',#9153,#7438,#7439);
#6628=AXIS2_PLACEMENT_3D('',#9162,#7444,#7445);
#6629=AXIS2_PLACEMENT_3D('',#9171,#7450,#7451);
#6630=AXIS2_PLACEMENT_3D('',#9180,#7456,#7457);
#6631=AXIS2_PLACEMENT_3D('',#9186,#7461,#7462);
#6632=AXIS2_PLACEMENT_3D('',#9192,#7466,#7467);
#6633=AXIS2_PLACEMENT_3D('',#9198,#7471,#7472);
#6634=AXIS2_PLACEMENT_3D('',#9204,#7476,#7477);
#6635=AXIS2_PLACEMENT_3D('',#9210,#7481,#7482);
#6636=AXIS2_PLACEMENT_3D('',#9216,#7486,#7487);
#6637=AXIS2_PLACEMENT_3D('',#9222,#7491,#7492);
#6638=AXIS2_PLACEMENT_3D('',#9228,#7496,#7497);
#6639=AXIS2_PLACEMENT_3D('',#9234,#7501,#7502);
#6640=AXIS2_PLACEMENT_3D('',#9240,#7506,#7507);
#6641=AXIS2_PLACEMENT_3D('',#9246,#7511,#7512);
#6642=AXIS2_PLACEMENT_3D('',#9252,#7516,#7517);
#6643=AXIS2_PLACEMENT_3D('',#9258,#7521,#7522);
#6644=AXIS2_PLACEMENT_3D('',#9264,#7526,#7527);
#6645=AXIS2_PLACEMENT_3D('',#9270,#7531,#7532);
#6646=AXIS2_PLACEMENT_3D('',#9276,#7536,#7537);
#6647=AXIS2_PLACEMENT_3D('',#9282,#7541,#7542);
#6648=AXIS2_PLACEMENT_3D('',#9288,#7546,#7547);
#6649=AXIS2_PLACEMENT_3D('',#9294,#7551,#7552);
#6650=AXIS2_PLACEMENT_3D('',#9300,#7556,#7557);
#6651=AXIS2_PLACEMENT_3D('',#9306,#7561,#7562);
#6652=AXIS2_PLACEMENT_3D('',#9312,#7566,#7567);
#6653=AXIS2_PLACEMENT_3D('',#9318,#7571,#7572);
#6654=AXIS2_PLACEMENT_3D('',#9324,#7576,#7577);
#6655=AXIS2_PLACEMENT_3D('',#9333,#7582,#7583);
#6656=AXIS2_PLACEMENT_3D('',#9342,#7588,#7589);
#6657=AXIS2_PLACEMENT_3D('',#9351,#7594,#7595);
#6658=AXIS2_PLACEMENT_3D('',#9360,#7600,#7601);
#6659=AXIS2_PLACEMENT_3D('',#9369,#7606,#7607);
#6660=AXIS2_PLACEMENT_3D('',#9378,#7612,#7613);
#6661=AXIS2_PLACEMENT_3D('',#9384,#7617,#7618);
#6662=AXIS2_PLACEMENT_3D('',#9390,#7622,#7623);
#6663=AXIS2_PLACEMENT_3D('',#9396,#7627,#7628);
#6664=AXIS2_PLACEMENT_3D('',#9402,#7632,#7633);
#6665=AXIS2_PLACEMENT_3D('',#9408,#7637,#7638);
#6666=AXIS2_PLACEMENT_3D('',#9414,#7642,#7643);
#6667=AXIS2_PLACEMENT_3D('',#9420,#7647,#7648);
#6668=AXIS2_PLACEMENT_3D('',#9426,#7652,#7653);
#6669=AXIS2_PLACEMENT_3D('',#9432,#7657,#7658);
#6670=AXIS2_PLACEMENT_3D('',#9438,#7662,#7663);
#6671=AXIS2_PLACEMENT_3D('',#9444,#7667,#7668);
#6672=AXIS2_PLACEMENT_3D('',#9450,#7672,#7673);
#6673=AXIS2_PLACEMENT_3D('',#9453,#7676,#7677);
#6674=AXIS2_PLACEMENT_3D('',#9456,#7680,#7681);
#6675=AXIS2_PLACEMENT_3D('',#9459,#7684,#7685);
#6676=AXIS2_PLACEMENT_3D('',#9462,#7688,#7689);
#6677=AXIS2_PLACEMENT_3D('',#9465,#7692,#7693);
#6678=AXIS2_PLACEMENT_3D('',#9468,#7696,#7697);
#6679=AXIS2_PLACEMENT_3D('',#9477,#7702,#7703);
#6680=AXIS2_PLACEMENT_3D('',#9513,#7725,#7726);
#6681=AXIS2_PLACEMENT_3D('',#9549,#7748,#7749);
#6682=AXIS2_PLACEMENT_3D('',#9555,#7753,#7754);
#6683=AXIS2_PLACEMENT_3D('',#9561,#7758,#7759);
#6684=AXIS2_PLACEMENT_3D('',#9567,#7763,#7764);
#6685=AXIS2_PLACEMENT_3D('',#9573,#7768,#7769);
#6686=AXIS2_PLACEMENT_3D('',#9579,#7773,#7774);
#6687=AXIS2_PLACEMENT_3D('',#9609,#7802,#7803);
#6688=AXIS2_PLACEMENT_3D('',#9615,#7807,#7808);
#6689=AXIS2_PLACEMENT_3D('',#9621,#7812,#7813);
#6690=AXIS2_PLACEMENT_3D('',#9627,#7817,#7818);
#6691=AXIS2_PLACEMENT_3D('',#9630,#7821,#7822);
#6692=AXIS2_PLACEMENT_3D('',#9633,#7825,#7826);
#6693=AXIS2_PLACEMENT_3D('',#9636,#7829,#7830);
#6694=AXIS2_PLACEMENT_3D('',#9637,#7831,#7832);
#6695=AXIS2_PLACEMENT_3D('',#9638,#7833,#7834);
#6696=AXIS2_PLACEMENT_3D('',#9639,#7835,#7836);
#6697=AXIS2_PLACEMENT_3D('',#9640,#7837,#7838);
#6698=AXIS2_PLACEMENT_3D('',#9642,#7840,#7841);
#6699=AXIS2_PLACEMENT_3D('',#9644,#7843,#7844);
#6700=AXIS2_PLACEMENT_3D('',#9645,#7845,#7846);
#6701=AXIS2_PLACEMENT_3D('',#9646,#7847,#7848);
#6702=AXIS2_PLACEMENT_3D('',#9648,#7850,#7851);
#6703=AXIS2_PLACEMENT_3D('',#9650,#7853,#7854);
#6704=AXIS2_PLACEMENT_3D('',#9651,#7855,#7856);
#6705=AXIS2_PLACEMENT_3D('',#9652,#7857,#7858);
#6706=AXIS2_PLACEMENT_3D('',#9654,#7860,#7861);
#6707=AXIS2_PLACEMENT_3D('',#9656,#7863,#7864);
#6708=AXIS2_PLACEMENT_3D('',#9657,#7865,#7866);
#6709=AXIS2_PLACEMENT_3D('',#9658,#7867,#7868);
#6710=AXIS2_PLACEMENT_3D('',#9660,#7870,#7871);
#6711=AXIS2_PLACEMENT_3D('',#9662,#7873,#7874);
#6712=AXIS2_PLACEMENT_3D('',#9663,#7875,#7876);
#6713=AXIS2_PLACEMENT_3D('',#9664,#7877,#7878);
#6714=AXIS2_PLACEMENT_3D('',#9666,#7880,#7881);
#6715=AXIS2_PLACEMENT_3D('',#9668,#7883,#7884);
#6716=AXIS2_PLACEMENT_3D('',#9669,#7885,#7886);
#6717=AXIS2_PLACEMENT_3D('',#9670,#7887,#7888);
#6718=AXIS2_PLACEMENT_3D('',#9672,#7890,#7891);
#6719=AXIS2_PLACEMENT_3D('',#9674,#7893,#7894);
#6720=AXIS2_PLACEMENT_3D('',#9675,#7895,#7896);
#6721=AXIS2_PLACEMENT_3D('',#9676,#7897,#7898);
#6722=AXIS2_PLACEMENT_3D('',#9678,#7900,#7901);
#6723=AXIS2_PLACEMENT_3D('',#9680,#7903,#7904);
#6724=AXIS2_PLACEMENT_3D('',#9681,#7905,#7906);
#6725=AXIS2_PLACEMENT_3D('',#9682,#7907,#7908);
#6726=AXIS2_PLACEMENT_3D('',#9684,#7910,#7911);
#6727=AXIS2_PLACEMENT_3D('',#9686,#7913,#7914);
#6728=AXIS2_PLACEMENT_3D('',#9687,#7915,#7916);
#6729=AXIS2_PLACEMENT_3D('',#9688,#7917,#7918);
#6730=AXIS2_PLACEMENT_3D('',#9690,#7920,#7921);
#6731=AXIS2_PLACEMENT_3D('',#9692,#7923,#7924);
#6732=AXIS2_PLACEMENT_3D('',#9693,#7925,#7926);
#6733=AXIS2_PLACEMENT_3D('',#9694,#7927,#7928);
#6734=AXIS2_PLACEMENT_3D('',#9696,#7930,#7931);
#6735=AXIS2_PLACEMENT_3D('',#9698,#7933,#7934);
#6736=AXIS2_PLACEMENT_3D('',#9699,#7935,#7936);
#6737=AXIS2_PLACEMENT_3D('',#9700,#7937,#7938);
#6738=AXIS2_PLACEMENT_3D('',#9702,#7940,#7941);
#6739=AXIS2_PLACEMENT_3D('',#9704,#7943,#7944);
#6740=AXIS2_PLACEMENT_3D('',#9705,#7945,#7946);
#6741=AXIS2_PLACEMENT_3D('',#9706,#7947,#7948);
#6742=AXIS2_PLACEMENT_3D('',#9708,#7950,#7951);
#6743=AXIS2_PLACEMENT_3D('',#9710,#7953,#7954);
#6744=AXIS2_PLACEMENT_3D('',#9711,#7955,#7956);
#6745=AXIS2_PLACEMENT_3D('',#9712,#7957,#7958);
#6746=AXIS2_PLACEMENT_3D('',#9713,#7959,#7960);
#6747=AXIS2_PLACEMENT_3D('',#9722,#7965,#7966);
#6748=AXIS2_PLACEMENT_3D('',#9731,#7971,#7972);
#6749=AXIS2_PLACEMENT_3D('',#9740,#7977,#7978);
#6750=AXIS2_PLACEMENT_3D('',#9749,#7983,#7984);
#6751=AXIS2_PLACEMENT_3D('',#9758,#7989,#7990);
#6752=AXIS2_PLACEMENT_3D('',#9767,#7995,#7996);
#6753=AXIS2_PLACEMENT_3D('',#9773,#8000,#8001);
#6754=AXIS2_PLACEMENT_3D('',#9779,#8005,#8006);
#6755=AXIS2_PLACEMENT_3D('',#9785,#8010,#8011);
#6756=AXIS2_PLACEMENT_3D('',#9791,#8015,#8016);
#6757=AXIS2_PLACEMENT_3D('',#9797,#8020,#8021);
#6758=AXIS2_PLACEMENT_3D('',#9803,#8025,#8026);
#6759=AXIS2_PLACEMENT_3D('',#9809,#8030,#8031);
#6760=AXIS2_PLACEMENT_3D('',#9815,#8035,#8036);
#6761=AXIS2_PLACEMENT_3D('',#9821,#8040,#8041);
#6762=AXIS2_PLACEMENT_3D('',#9827,#8045,#8046);
#6763=AXIS2_PLACEMENT_3D('',#9833,#8050,#8051);
#6764=AXIS2_PLACEMENT_3D('',#9839,#8055,#8056);
#6765=AXIS2_PLACEMENT_3D('',#9840,#8057,#8058);
#6766=AXIS2_PLACEMENT_3D('',#9842,#8059,#8060);
#6767=AXIS2_PLACEMENT_3D('',#9845,#8062,#8063);
#6768=AXIS2_PLACEMENT_3D('',#9846,#8064,#8065);
#6769=AXIS2_PLACEMENT_3D('',#9850,#8067,#8068);
#6770=AXIS2_PLACEMENT_3D('',#9851,#8069,#8070);
#6771=AXIS2_PLACEMENT_3D('',#9852,#8071,#8072);
#6772=AXIS2_PLACEMENT_3D('',#9856,#8074,#8075);
#6773=AXIS2_PLACEMENT_3D('',#9857,#8076,#8077);
#6774=AXIS2_PLACEMENT_3D('',#9858,#8078,#8079);
#6775=AXIS2_PLACEMENT_3D('',#9862,#8081,#8082);
#6776=AXIS2_PLACEMENT_3D('',#9863,#8083,#8084);
#6777=AXIS2_PLACEMENT_3D('',#9864,#8085,#8086);
#6778=AXIS2_PLACEMENT_3D('',#9868,#8088,#8089);
#6779=AXIS2_PLACEMENT_3D('',#9869,#8090,#8091);
#6780=AXIS2_PLACEMENT_3D('',#9870,#8092,#8093);
#6781=AXIS2_PLACEMENT_3D('',#9874,#8095,#8096);
#6782=AXIS2_PLACEMENT_3D('',#9875,#8097,#8098);
#6783=AXIS2_PLACEMENT_3D('',#9881,#8102,#8103);
#6784=AXIS2_PLACEMENT_3D('',#9887,#8107,#8108);
#6785=AXIS2_PLACEMENT_3D('',#9893,#8112,#8113);
#6786=AXIS2_PLACEMENT_3D('',#9899,#8117,#8118);
#6787=AXIS2_PLACEMENT_3D('',#9905,#8122,#8123);
#6788=AXIS2_PLACEMENT_3D('',#9911,#8127,#8128);
#6789=AXIS2_PLACEMENT_3D('',#9920,#8133,#8134);
#6790=AXIS2_PLACEMENT_3D('',#9929,#8139,#8140);
#6791=AXIS2_PLACEMENT_3D('',#9938,#8145,#8146);
#6792=AXIS2_PLACEMENT_3D('',#9947,#8151,#8152);
#6793=AXIS2_PLACEMENT_3D('',#9956,#8157,#8158);
#6794=AXIS2_PLACEMENT_3D('',#9965,#8163,#8164);
#6795=AXIS2_PLACEMENT_3D('',#9966,#8165,#8166);
#6796=AXIS2_PLACEMENT_3D('',#9968,#8167,#8168);
#6797=AXIS2_PLACEMENT_3D('',#9971,#8170,#8171);
#6798=AXIS2_PLACEMENT_3D('',#9972,#8172,#8173);
#6799=AXIS2_PLACEMENT_3D('',#9976,#8175,#8176);
#6800=AXIS2_PLACEMENT_3D('',#9977,#8177,#8178);
#6801=AXIS2_PLACEMENT_3D('',#9978,#8179,#8180);
#6802=AXIS2_PLACEMENT_3D('',#9982,#8182,#8183);
#6803=AXIS2_PLACEMENT_3D('',#9983,#8184,#8185);
#6804=AXIS2_PLACEMENT_3D('',#9984,#8186,#8187);
#6805=AXIS2_PLACEMENT_3D('',#9988,#8189,#8190);
#6806=AXIS2_PLACEMENT_3D('',#9989,#8191,#8192);
#6807=AXIS2_PLACEMENT_3D('',#9990,#8193,#8194);
#6808=AXIS2_PLACEMENT_3D('',#9994,#8196,#8197);
#6809=AXIS2_PLACEMENT_3D('',#9995,#8198,#8199);
#6810=AXIS2_PLACEMENT_3D('',#9996,#8200,#8201);
#6811=AXIS2_PLACEMENT_3D('',#10000,#8203,#8204);
#6812=AXIS2_PLACEMENT_3D('',#10001,#8205,#8206);
#6813=AXIS2_PLACEMENT_3D('',#10007,#8210,#8211);
#6814=AXIS2_PLACEMENT_3D('',#10013,#8215,#8216);
#6815=AXIS2_PLACEMENT_3D('',#10019,#8220,#8221);
#6816=AXIS2_PLACEMENT_3D('',#10025,#8225,#8226);
#6817=AXIS2_PLACEMENT_3D('',#10031,#8230,#8231);
#6818=AXIS2_PLACEMENT_3D('',#10037,#8235,#8236);
#6819=AXIS2_PLACEMENT_3D('',#10043,#8240,#8241);
#6820=AXIS2_PLACEMENT_3D('',#10049,#8245,#8246);
#6821=AXIS2_PLACEMENT_3D('',#10055,#8250,#8251);
#6822=AXIS2_PLACEMENT_3D('',#10061,#8255,#8256);
#6823=AXIS2_PLACEMENT_3D('',#10067,#8260,#8261);
#6824=AXIS2_PLACEMENT_3D('',#10073,#8265,#8266);
#6825=AXIS2_PLACEMENT_3D('',#10079,#8270,#8271);
#6826=AXIS2_PLACEMENT_3D('',#10085,#8275,#8276);
#6827=AXIS2_PLACEMENT_3D('',#10091,#8280,#8281);
#6828=AXIS2_PLACEMENT_3D('',#10097,#8285,#8286);
#6829=AXIS2_PLACEMENT_3D('',#10103,#8290,#8291);
#6830=AXIS2_PLACEMENT_3D('',#10109,#8295,#8296);
#6831=AXIS2_PLACEMENT_3D('',#10118,#8301,#8302);
#6832=AXIS2_PLACEMENT_3D('',#10124,#8306,#8307);
#6833=AXIS2_PLACEMENT_3D('',#10130,#8311,#8312);
#6834=AXIS2_PLACEMENT_3D('',#10131,#8313,#8314);
#6835=AXIS2_PLACEMENT_3D('',#10135,#8316,#8317);
#6836=AXIS2_PLACEMENT_3D('',#10136,#8318,#8319);
#6837=AXIS2_PLACEMENT_3D('',#10142,#8323,#8324);
#6838=AXIS2_PLACEMENT_3D('',#10208,#8364,#8365);
#6839=AXIS2_PLACEMENT_3D('',#10214,#8369,#8370);
#6840=AXIS2_PLACEMENT_3D('',#10215,#8371,#8372);
#6841=AXIS2_PLACEMENT_3D('',#10219,#8374,#8375);
#6842=AXIS2_PLACEMENT_3D('',#10220,#8376,#8377);
#6843=AXIS2_PLACEMENT_3D('',#10226,#8381,#8382);
#6844=AXIS2_PLACEMENT_3D('',#10232,#8386,#8387);
#6845=AXIS2_PLACEMENT_3D('',#10238,#8391,#8392);
#6846=AXIS2_PLACEMENT_3D('',#10256,#8408,#8409);
#6847=AXIS2_PLACEMENT_3D('',#10271,#8424,#8425);
#6848=AXIS2_PLACEMENT_3D('',#10272,#8426,#8427);
#6849=AXIS2_PLACEMENT_3D('',#10273,#8428,#8429);
#6850=AXIS2_PLACEMENT_3D('',#10274,#8430,#8431);
#6851=AXIS2_PLACEMENT_3D('',#10275,#8432,#8433);
#6852=AXIS2_PLACEMENT_3D('',#10276,#8434,#8435);
#6853=AXIS2_PLACEMENT_3D('',#10277,#8436,#8437);
#6854=AXIS2_PLACEMENT_3D('',#10278,#8438,#8439);
#6855=AXIS2_PLACEMENT_3D('',#10279,#8440,#8441);
#6856=AXIS2_PLACEMENT_3D('',#10280,#8442,#8443);
#6857=AXIS2_PLACEMENT_3D('',#10281,#8444,#8445);
#6858=AXIS2_PLACEMENT_3D('',#10282,#8446,#8447);
#6859=AXIS2_PLACEMENT_3D('',#10283,#8448,#8449);
#6860=AXIS2_PLACEMENT_3D('',#10284,#8450,#8451);
#6861=AXIS2_PLACEMENT_3D('',#10285,#8452,#8453);
#6862=AXIS2_PLACEMENT_3D('',#10286,#8454,#8455);
#6863=AXIS2_PLACEMENT_3D('',#10287,#8456,#8457);
#6864=AXIS2_PLACEMENT_3D('',#10288,#8458,#8459);
#6865=AXIS2_PLACEMENT_3D('',#10289,#8460,#8461);
#6866=AXIS2_PLACEMENT_3D('',#10290,#8462,#8463);
#6867=AXIS2_PLACEMENT_3D('',#10291,#8464,#8465);
#6868=AXIS2_PLACEMENT_3D('',#10292,#8466,#8467);
#6869=AXIS2_PLACEMENT_3D('',#10293,#8468,#8469);
#6870=AXIS2_PLACEMENT_3D('',#10294,#8470,#8471);
#6871=AXIS2_PLACEMENT_3D('',#10295,#8472,#8473);
#6872=AXIS2_PLACEMENT_3D('',#10296,#8474,#8475);
#6873=AXIS2_PLACEMENT_3D('',#10297,#8476,#8477);
#6874=DIRECTION('',(0.,0.,1.));
#6875=DIRECTION('',(1.,0.,0.));
#6876=DIRECTION('',(0.,0.,1.));
#6877=DIRECTION('',(1.,0.,0.));
#6878=DIRECTION('',(0.,1.,0.));
#6879=DIRECTION('',(-0.447213595499958,0.894427190999916,0.));
#6880=DIRECTION('',(-1.,0.,0.));
#6881=DIRECTION('',(0.,-1.,0.));
#6882=DIRECTION('',(-1.,0.,0.));
#6883=DIRECTION('',(0.,-1.,0.));
#6884=DIRECTION('',(-1.,0.,0.));
#6885=DIRECTION('',(-0.447213595499958,-0.894427190999916,0.));
#6886=DIRECTION('',(0.,-1.,0.));
#6887=DIRECTION('',(-1.,0.,0.));
#6888=DIRECTION('',(0.,0.,-1.));
#6889=DIRECTION('',(-1.,0.,0.));
#6890=DIRECTION('',(1.,0.,0.));
#6891=DIRECTION('',(0.447213595499958,-0.894427190999916,0.));
#6892=DIRECTION('',(0.,-1.,0.));
#6893=DIRECTION('',(-1.,0.,0.));
#6894=DIRECTION('',(0.,-1.,0.));
#6895=DIRECTION('',(0.,0.,-1.));
#6896=DIRECTION('',(-1.,0.,0.));
#6897=DIRECTION('',(-1.,0.,0.));
#6898=DIRECTION('',(0.,1.,0.));
#6899=DIRECTION('',(0.447213595499958,0.894427190999916,0.));
#6900=DIRECTION('',(1.,0.,0.));
#6901=DIRECTION('',(0.,-1.,0.));
#6902=DIRECTION('',(0.,-1.,0.));
#6903=DIRECTION('',(0.,0.,-1.));
#6904=DIRECTION('',(0.,0.,1.));
#6905=DIRECTION('',(0.,0.,-1.));
#6906=DIRECTION('',(0.,-1.,0.));
#6907=DIRECTION('',(0.,0.,-1.));
#6908=DIRECTION('',(0.,0.,-1.));
#6909=DIRECTION('',(-3.09959676204214E-14,0.,1.));
#6910=DIRECTION('',(0.,0.,-1.));
#6911=DIRECTION('',(-1.,0.,0.));
#6912=DIRECTION('',(0.,1.,0.));
#6913=DIRECTION('',(-1.,0.,0.));
#6914=DIRECTION('',(0.,-1.,0.));
#6915=DIRECTION('',(1.,0.,0.));
#6916=DIRECTION('',(0.,0.,-1.));
#6917=DIRECTION('',(-1.,0.,0.));
#6918=DIRECTION('',(-1.,0.,0.));
#6919=DIRECTION('',(0.,-1.,0.));
#6920=DIRECTION('',(1.,0.,0.));
#6921=DIRECTION('',(0.,-1.,0.));
#6922=DIRECTION('',(0.,0.,1.));
#6923=DIRECTION('',(1.,0.,0.));
#6924=DIRECTION('',(-1.,0.,0.));
#6925=DIRECTION('',(0.,-1.,0.));
#6926=DIRECTION('',(-1.,0.,0.));
#6927=DIRECTION('',(0.,-1.,0.));
#6928=DIRECTION('',(0.,0.,1.));
#6929=DIRECTION('',(1.,0.,0.));
#6930=DIRECTION('',(-1.,0.,0.));
#6931=DIRECTION('',(0.,-1.,0.));
#6932=DIRECTION('',(-1.,0.,0.));
#6933=DIRECTION('',(0.,-1.,0.));
#6934=DIRECTION('',(1.,0.,0.));
#6935=DIRECTION('',(0.,0.,-1.));
#6936=DIRECTION('',(0.,-1.,0.));
#6937=DIRECTION('',(0.,0.,-1.));
#6938=DIRECTION('',(0.,-1.,0.));
#6939=DIRECTION('',(0.,0.,1.));
#6940=DIRECTION('',(1.,0.,0.));
#6941=DIRECTION('',(0.,0.,-1.));
#6942=DIRECTION('',(0.,-1.,0.));
#6943=DIRECTION('',(0.,0.,-1.));
#6944=DIRECTION('',(0.,-1.,0.));
#6945=DIRECTION('',(0.,0.,1.));
#6946=DIRECTION('',(1.,0.,0.));
#6947=DIRECTION('',(0.,0.,-1.));
#6948=DIRECTION('',(0.,-1.,0.));
#6949=DIRECTION('',(0.,0.,-1.));
#6950=DIRECTION('',(0.,-1.,0.));
#6951=DIRECTION('',(0.,0.,1.));
#6952=DIRECTION('',(0.,0.,1.));
#6953=DIRECTION('',(1.,0.,0.));
#6954=DIRECTION('',(1.,0.,0.));
#6955=DIRECTION('',(0.,-1.,0.));
#6956=DIRECTION('',(-1.,0.,0.));
#6957=DIRECTION('',(-1.,0.,0.));
#6958=DIRECTION('',(0.,0.,1.));
#6959=DIRECTION('',(0.,0.,1.));
#6960=DIRECTION('',(0.,-1.,0.));
#6961=DIRECTION('',(0.,0.,-1.));
#6962=DIRECTION('',(1.,0.,0.));
#6963=DIRECTION('',(0.,0.,-1.));
#6964=DIRECTION('',(0.,-1.,0.));
#6965=DIRECTION('',(0.,0.,-1.));
#6966=DIRECTION('',(0.,-1.,0.));
#6967=DIRECTION('',(0.,0.,1.));
#6968=DIRECTION('',(0.,0.,1.));
#6969=DIRECTION('',(1.,0.,0.));
#6970=DIRECTION('',(1.,0.,0.));
#6971=DIRECTION('',(0.,-1.,0.));
#6972=DIRECTION('',(-1.,0.,0.));
#6973=DIRECTION('',(-1.,0.,0.));
#6974=DIRECTION('',(0.,0.,1.));
#6975=DIRECTION('',(0.,0.,1.));
#6976=DIRECTION('',(0.,-1.,0.));
#6977=DIRECTION('',(0.,0.,-1.));
#6978=DIRECTION('',(1.,0.,0.));
#6979=DIRECTION('',(0.,0.,-1.));
#6980=DIRECTION('',(0.,-1.,0.));
#6981=DIRECTION('',(0.,0.,-1.));
#6982=DIRECTION('',(0.,-1.,0.));
#6983=DIRECTION('',(0.,0.,1.));
#6984=DIRECTION('',(0.,0.,1.));
#6985=DIRECTION('',(1.,0.,0.));
#6986=DIRECTION('',(1.,0.,0.));
#6987=DIRECTION('',(0.,-1.,0.));
#6988=DIRECTION('',(-1.,0.,0.));
#6989=DIRECTION('',(-1.,0.,0.));
#6990=DIRECTION('',(0.,0.,1.));
#6991=DIRECTION('',(0.,0.,1.));
#6992=DIRECTION('',(0.,-1.,0.));
#6993=DIRECTION('',(0.,0.,-1.));
#6994=DIRECTION('',(1.,0.,0.));
#6995=DIRECTION('',(0.,0.,-1.));
#6996=DIRECTION('',(0.,-1.,0.));
#6997=DIRECTION('',(0.,0.,-1.));
#6998=DIRECTION('',(0.,-1.,0.));
#6999=DIRECTION('',(0.,0.,1.));
#7000=DIRECTION('',(0.,0.,1.));
#7001=DIRECTION('',(1.,0.,0.));
#7002=DIRECTION('',(1.,0.,0.));
#7003=DIRECTION('',(0.,-1.,0.));
#7004=DIRECTION('',(-1.,0.,0.));
#7005=DIRECTION('',(-1.,0.,0.));
#7006=DIRECTION('',(0.,0.,1.));
#7007=DIRECTION('',(0.,0.,1.));
#7008=DIRECTION('',(0.,-1.,0.));
#7009=DIRECTION('',(0.,0.,-1.));
#7010=DIRECTION('',(1.,0.,0.));
#7011=DIRECTION('',(0.,0.,-1.));
#7012=DIRECTION('',(0.,-1.,0.));
#7013=DIRECTION('',(0.,0.,-1.));
#7014=DIRECTION('',(0.,-1.,0.));
#7015=DIRECTION('',(0.,0.,1.));
#7016=DIRECTION('',(0.,0.,1.));
#7017=DIRECTION('',(1.,0.,0.));
#7018=DIRECTION('',(1.,0.,0.));
#7019=DIRECTION('',(0.,-1.,0.));
#7020=DIRECTION('',(-1.,0.,0.));
#7021=DIRECTION('',(-1.,0.,0.));
#7022=DIRECTION('',(0.,0.,1.));
#7023=DIRECTION('',(0.,0.,1.));
#7024=DIRECTION('',(0.,-1.,0.));
#7025=DIRECTION('',(0.,0.,-1.));
#7026=DIRECTION('',(1.,0.,0.));
#7027=DIRECTION('',(0.,0.,-1.));
#7028=DIRECTION('',(0.,-1.,0.));
#7029=DIRECTION('',(0.,0.,-1.));
#7030=DIRECTION('',(0.,-1.,0.));
#7031=DIRECTION('',(0.,0.,1.));
#7032=DIRECTION('',(0.,0.,1.));
#7033=DIRECTION('',(1.,0.,0.));
#7034=DIRECTION('',(1.,0.,0.));
#7035=DIRECTION('',(0.,-1.,0.));
#7036=DIRECTION('',(-1.,0.,0.));
#7037=DIRECTION('',(-1.,0.,0.));
#7038=DIRECTION('',(0.,0.,1.));
#7039=DIRECTION('',(0.,0.,1.));
#7040=DIRECTION('',(0.,-1.,0.));
#7041=DIRECTION('',(0.,0.,-1.));
#7042=DIRECTION('',(-1.,0.,0.));
#7043=DIRECTION('',(0.,0.,1.));
#7044=DIRECTION('',(0.,-1.,0.));
#7045=DIRECTION('',(0.,0.,1.));
#7046=DIRECTION('',(0.,-1.,0.));
#7047=DIRECTION('',(0.,0.,-1.));
#7048=DIRECTION('',(-1.,0.,0.));
#7049=DIRECTION('',(0.,0.,1.));
#7050=DIRECTION('',(0.,-1.,0.));
#7051=DIRECTION('',(0.,0.,1.));
#7052=DIRECTION('',(0.,-1.,0.));
#7053=DIRECTION('',(0.,0.,-1.));
#7054=DIRECTION('',(0.,0.,-1.));
#7055=DIRECTION('',(-1.,0.,0.));
#7056=DIRECTION('',(-1.,0.,0.));
#7057=DIRECTION('',(1.,0.,0.));
#7058=DIRECTION('',(0.,0.,-1.));
#7059=DIRECTION('',(-1.,0.,0.));
#7060=DIRECTION('',(-1.,0.,0.));
#7061=DIRECTION('',(1.,0.,0.));
#7062=DIRECTION('',(0.,0.,-1.));
#7063=DIRECTION('',(-1.,0.,0.));
#7064=DIRECTION('',(-1.,0.,0.));
#7065=DIRECTION('',(1.,0.,0.));
#7066=DIRECTION('',(0.,0.,-1.));
#7067=DIRECTION('',(-1.,0.,0.));
#7068=DIRECTION('',(-1.,0.,0.));
#7069=DIRECTION('',(1.,0.,0.));
#7070=DIRECTION('',(0.,0.,-1.));
#7071=DIRECTION('',(-1.,0.,0.));
#7072=DIRECTION('',(-1.,0.,0.));
#7073=DIRECTION('',(1.,0.,0.));
#7074=DIRECTION('',(0.,0.,-1.));
#7075=DIRECTION('',(-1.,0.,0.));
#7076=DIRECTION('',(-1.,0.,0.));
#7077=DIRECTION('',(1.,0.,0.));
#7078=DIRECTION('',(0.,0.,1.));
#7079=DIRECTION('',(1.,0.,0.));
#7080=DIRECTION('',(0.,1.,0.));
#7081=DIRECTION('',(-1.,0.,0.));
#7082=DIRECTION('',(0.,-1.,0.));
#7083=DIRECTION('',(-1.,0.,0.));
#7084=DIRECTION('',(0.,0.,-1.));
#7085=DIRECTION('',(-1.,0.,0.));
#7086=DIRECTION('',(-1.,0.,0.));
#7087=DIRECTION('',(0.,-1.,0.));
#7088=DIRECTION('',(1.,0.,0.));
#7089=DIRECTION('',(0.,-1.,0.));
#7090=DIRECTION('',(1.,0.,0.));
#7091=DIRECTION('',(0.,0.,-1.));
#7092=DIRECTION('',(0.,1.,0.));
#7093=DIRECTION('',(0.,0.,1.));
#7094=DIRECTION('',(0.,0.,1.));
#7095=DIRECTION('',(0.,0.,1.));
#7096=DIRECTION('',(0.,-1.,0.));
#7097=DIRECTION('',(0.,0.,-1.));
#7098=DIRECTION('',(0.,0.,1.));
#7099=DIRECTION('',(0.,0.,-1.));
#7100=DIRECTION('',(0.,0.,-1.));
#7101=DIRECTION('',(-1.,0.,0.));
#7102=DIRECTION('',(1.,0.,0.));
#7103=DIRECTION('',(0.,-1.,0.));
#7104=DIRECTION('',(-1.,0.,0.));
#7105=DIRECTION('',(0.,-1.,0.));
#7106=DIRECTION('',(-1.,0.,0.));
#7107=DIRECTION('',(0.,0.,1.));
#7108=DIRECTION('',(0.,0.,1.));
#7109=DIRECTION('',(0.,1.,0.));
#7110=DIRECTION('',(0.,0.,-1.));
#7111=DIRECTION('',(0.,-1.,0.));
#7112=DIRECTION('',(0.,0.,-1.));
#7113=DIRECTION('',(0.,0.,-1.));
#7114=DIRECTION('',(0.,-1.,0.));
#7115=DIRECTION('',(0.,0.,1.));
#7116=DIRECTION('',(0.,0.,-1.));
#7117=DIRECTION('',(1.,0.,0.));
#7118=DIRECTION('',(0.,0.,-1.));
#7119=DIRECTION('',(0.,0.,1.));
#7120=DIRECTION('',(0.,-1.,0.));
#7121=DIRECTION('',(0.,0.,1.));
#7122=DIRECTION('',(0.,-1.,0.));
#7123=DIRECTION('',(0.,0.,1.));
#7124=DIRECTION('',(1.,0.,0.));
#7125=DIRECTION('',(-1.,0.,0.));
#7126=DIRECTION('',(0.,-1.,0.));
#7127=DIRECTION('',(-1.,0.,0.));
#7128=DIRECTION('',(-1.,0.,0.));
#7129=DIRECTION('',(0.,0.,1.));
#7130=DIRECTION('',(0.,0.,-1.));
#7131=DIRECTION('',(0.,-1.,0.));
#7132=DIRECTION('',(0.,0.,-1.));
#7133=DIRECTION('',(1.,0.,0.));
#7134=DIRECTION('',(0.,0.,-1.));
#7135=DIRECTION('',(0.,0.,1.));
#7136=DIRECTION('',(0.,-1.,0.));
#7137=DIRECTION('',(0.,0.,1.));
#7138=DIRECTION('',(0.,-1.,0.));
#7139=DIRECTION('',(0.,0.,1.));
#7140=DIRECTION('',(1.,0.,0.));
#7141=DIRECTION('',(-1.,0.,0.));
#7142=DIRECTION('',(0.,-1.,0.));
#7143=DIRECTION('',(-1.,0.,0.));
#7144=DIRECTION('',(-1.,0.,0.));
#7145=DIRECTION('',(0.,0.,1.));
#7146=DIRECTION('',(0.,0.,-1.));
#7147=DIRECTION('',(0.,-1.,0.));
#7148=DIRECTION('',(0.,0.,-1.));
#7149=DIRECTION('',(0.,0.,1.));
#7150=DIRECTION('',(1.,0.,0.));
#7151=DIRECTION('',(0.,1.,0.));
#7152=DIRECTION('',(-1.,0.,0.));
#7153=DIRECTION('',(0.,-1.,0.));
#7154=DIRECTION('',(-1.,0.,0.));
#7155=DIRECTION('',(1.,0.,0.));
#7156=DIRECTION('',(-1.,0.,0.));
#7157=DIRECTION('',(0.,0.,1.));
#7158=DIRECTION('',(0.,0.,-1.));
#7159=DIRECTION('',(0.,-1.,0.));
#7160=DIRECTION('',(0.,0.,-1.));
#7161=DIRECTION('',(0.,0.,1.));
#7162=DIRECTION('',(1.,0.,0.));
#7163=DIRECTION('',(0.,1.,0.));
#7164=DIRECTION('',(-1.,0.,0.));
#7165=DIRECTION('',(0.,-1.,0.));
#7166=DIRECTION('',(-1.,0.,0.));
#7167=DIRECTION('',(1.,0.,0.));
#7168=DIRECTION('',(-1.,0.,0.));
#7169=DIRECTION('',(0.,0.,1.));
#7170=DIRECTION('',(0.,0.,-1.));
#7171=DIRECTION('',(0.,-1.,0.));
#7172=DIRECTION('',(0.,0.,-1.));
#7173=DIRECTION('',(1.,0.,0.));
#7174=DIRECTION('',(0.,0.,-1.));
#7175=DIRECTION('',(0.,0.,1.));
#7176=DIRECTION('',(0.,-1.,0.));
#7177=DIRECTION('',(0.,0.,1.));
#7178=DIRECTION('',(0.,-1.,0.));
#7179=DIRECTION('',(0.,0.,1.));
#7180=DIRECTION('',(1.,0.,0.));
#7181=DIRECTION('',(0.,-1.,0.));
#7182=DIRECTION('',(1.,0.,0.));
#7183=DIRECTION('',(-1.,0.,0.));
#7184=DIRECTION('',(-1.,0.,0.));
#7185=DIRECTION('',(1.,0.,0.));
#7186=DIRECTION('',(0.,0.,-1.));
#7187=DIRECTION('',(0.,0.,1.));
#7188=DIRECTION('',(0.,-1.,0.));
#7189=DIRECTION('',(0.,0.,1.));
#7190=DIRECTION('',(0.,-1.,0.));
#7191=DIRECTION('',(0.,0.,1.));
#7192=DIRECTION('',(1.,0.,0.));
#7193=DIRECTION('',(0.,-1.,0.));
#7194=DIRECTION('',(1.,0.,0.));
#7195=DIRECTION('',(-1.,0.,0.));
#7196=DIRECTION('',(-1.,0.,0.));
#7197=DIRECTION('',(1.,0.,0.));
#7198=DIRECTION('',(0.,0.,-1.));
#7199=DIRECTION('',(0.,0.,1.));
#7200=DIRECTION('',(0.,-1.,0.));
#7201=DIRECTION('',(0.,0.,1.));
#7202=DIRECTION('',(0.,-1.,0.));
#7203=DIRECTION('',(0.,0.,1.));
#7204=DIRECTION('',(1.,0.,0.));
#7205=DIRECTION('',(-1.,0.,0.));
#7206=DIRECTION('',(0.,-1.,0.));
#7207=DIRECTION('',(-1.,0.,0.));
#7208=DIRECTION('',(-1.,0.,0.));
#7209=DIRECTION('',(0.,0.,1.));
#7210=DIRECTION('',(0.,0.,-1.));
#7211=DIRECTION('',(0.,-1.,0.));
#7212=DIRECTION('',(0.,0.,-1.));
#7213=DIRECTION('',(1.,0.,0.));
#7214=DIRECTION('',(0.,0.,-1.));
#7215=DIRECTION('',(0.,0.,1.));
#7216=DIRECTION('',(0.,-1.,0.));
#7217=DIRECTION('',(0.,0.,1.));
#7218=DIRECTION('',(0.,-1.,0.));
#7219=DIRECTION('',(0.,0.,1.));
#7220=DIRECTION('',(1.,0.,0.));
#7221=DIRECTION('',(-1.,0.,0.));
#7222=DIRECTION('',(0.,-1.,0.));
#7223=DIRECTION('',(-1.,0.,0.));
#7224=DIRECTION('',(-1.,0.,0.));
#7225=DIRECTION('',(0.,0.,1.));
#7226=DIRECTION('',(0.,0.,-1.));
#7227=DIRECTION('',(0.,-1.,0.));
#7228=DIRECTION('',(0.,0.,-1.));
#7229=DIRECTION('',(0.,0.,-1.));
#7230=DIRECTION('',(-1.,0.,0.));
#7231=DIRECTION('',(1.,0.,0.));
#7232=DIRECTION('',(1.,0.,0.));
#7233=DIRECTION('',(0.,0.,-1.));
#7234=DIRECTION('',(-1.,0.,0.));
#7235=DIRECTION('',(1.,0.,0.));
#7236=DIRECTION('',(1.,0.,0.));
#7237=DIRECTION('',(0.,0.,-1.));
#7238=DIRECTION('',(-1.,0.,0.));
#7239=DIRECTION('',(0.,-1.,0.));
#7240=DIRECTION('',(-1.,0.,0.));
#7241=DIRECTION('',(1.,0.,0.));
#7242=DIRECTION('',(1.,0.,0.));
#7243=DIRECTION('',(0.,0.,-1.));
#7244=DIRECTION('',(-1.,0.,0.));
#7245=DIRECTION('',(0.,-1.,0.));
#7246=DIRECTION('',(-1.,0.,0.));
#7247=DIRECTION('',(1.,0.,0.));
#7248=DIRECTION('',(1.,0.,0.));
#7249=DIRECTION('',(0.,0.,-1.));
#7250=DIRECTION('',(-1.,0.,0.));
#7251=DIRECTION('',(0.,1.,0.));
#7252=DIRECTION('',(1.,0.,0.));
#7253=DIRECTION('',(1.,0.,0.));
#7254=DIRECTION('',(-1.,0.,0.));
#7255=DIRECTION('',(0.,0.,-1.));
#7256=DIRECTION('',(-1.,0.,0.));
#7257=DIRECTION('',(0.,1.,0.));
#7258=DIRECTION('',(1.,0.,0.));
#7259=DIRECTION('',(1.,0.,0.));
#7260=DIRECTION('',(-1.,0.,0.));
#7261=DIRECTION('',(0.,0.,-1.));
#7262=DIRECTION('',(-1.,0.,0.));
#7263=DIRECTION('',(1.,0.,0.));
#7264=DIRECTION('',(1.,0.,0.));
#7265=DIRECTION('',(0.,0.,-1.));
#7266=DIRECTION('',(-1.,0.,0.));
#7267=DIRECTION('',(1.,0.,0.));
#7268=DIRECTION('',(1.,0.,0.));
#7269=DIRECTION('',(0.,0.,1.));
#7270=DIRECTION('',(1.,0.,0.));
#7271=DIRECTION('',(-1.,0.,0.));
#7272=DIRECTION('',(0.,-1.,0.));
#7273=DIRECTION('',(-1.,0.,0.));
#7274=DIRECTION('',(0.,1.,0.));
#7275=DIRECTION('',(0.,0.,1.));
#7276=DIRECTION('',(0.,0.,-1.));
#7277=DIRECTION('',(0.,0.,-1.));
#7278=DIRECTION('',(1.,0.,0.));
#7279=DIRECTION('',(0.,1.,0.));
#7280=DIRECTION('',(0.,0.,1.));
#7281=DIRECTION('',(0.,0.,-1.));
#7282=DIRECTION('',(0.,0.,-1.));
#7283=DIRECTION('',(-3.0818660178525E-14,0.,1.));
#7284=DIRECTION('',(-3.0818660178525E-14,0.,1.));
#7285=DIRECTION('',(-3.0818660178525E-14,0.,1.));
#7286=DIRECTION('',(0.,0.,-1.));
#7287=DIRECTION('',(0.,0.,-1.));
#7288=DIRECTION('',(1.,0.,0.));
#7289=DIRECTION('',(-3.0818660178525E-14,0.,1.));
#7290=DIRECTION('',(0.,0.,-1.));
#7291=DIRECTION('',(-1.,0.,0.));
#7292=DIRECTION('',(-1.,0.,0.));
#7293=DIRECTION('',(-1.,0.,0.));
#7294=DIRECTION('',(0.,-1.,0.));
#7295=DIRECTION('',(0.,0.,-1.));
#7296=DIRECTION('',(1.,0.,0.));
#7297=DIRECTION('',(0.,1.,0.));
#7298=DIRECTION('',(0.,0.,1.));
#7299=DIRECTION('',(-1.,0.,0.));
#7300=DIRECTION('',(0.,-1.,0.));
#7301=DIRECTION('',(0.,0.,-1.));
#7302=DIRECTION('',(-1.,0.,0.));
#7303=DIRECTION('',(-1.,0.,0.));
#7304=DIRECTION('',(0.,0.,1.));
#7305=DIRECTION('',(1.,0.,0.));
#7306=DIRECTION('',(-1.,0.,0.));
#7307=DIRECTION('',(0.,1.,0.));
#7308=DIRECTION('',(0.,0.,1.));
#7309=DIRECTION('',(1.,0.,0.));
#7310=DIRECTION('',(0.,-1.,0.));
#7311=DIRECTION('',(0.,0.,-1.));
#7312=DIRECTION('',(0.,0.,-1.));
#7313=DIRECTION('',(-1.,0.,0.));
#7314=DIRECTION('',(0.,0.,1.));
#7315=DIRECTION('',(0.,-1.,0.));
#7316=DIRECTION('',(0.,0.,-1.));
#7317=DIRECTION('',(0.,0.,-1.));
#7318=DIRECTION('',(-1.,0.,0.));
#7319=DIRECTION('',(0.,0.,1.));
#7320=DIRECTION('',(0.,-1.,0.));
#7321=DIRECTION('',(0.,0.,-1.));
#7322=DIRECTION('',(0.,-1.,0.));
#7323=DIRECTION('',(0.,0.,-1.));
#7324=DIRECTION('',(0.,-1.,0.));
#7325=DIRECTION('',(0.,0.,-1.));
#7326=DIRECTION('',(0.,-1.,0.));
#7327=DIRECTION('',(0.,0.,-1.));
#7328=DIRECTION('',(0.,-1.,0.));
#7329=DIRECTION('',(0.,0.,-1.));
#7330=DIRECTION('',(0.,-1.,0.));
#7331=DIRECTION('',(0.,0.,-1.));
#7332=DIRECTION('',(0.,-1.,0.));
#7333=DIRECTION('',(0.,0.,-1.));
#7334=DIRECTION('',(-3.0818660178525E-14,0.,1.));
#7335=DIRECTION('',(1.,0.,3.0818660178525E-14));
#7336=DIRECTION('',(3.0818660178525E-14,0.,-1.));
#7337=DIRECTION('',(0.,-1.,0.));
#7338=DIRECTION('',(0.,0.,-1.));
#7339=DIRECTION('',(-3.0818660178525E-14,0.,1.));
#7340=DIRECTION('',(1.,0.,3.0818660178525E-14));
#7341=DIRECTION('',(3.0818660178525E-14,0.,-1.));
#7342=DIRECTION('',(1.,0.,3.0818660178525E-14));
#7343=DIRECTION('',(3.0818660178525E-14,0.,-1.));
#7344=DIRECTION('',(0.,-1.,0.));
#7345=DIRECTION('',(-1.,0.,0.));
#7346=DIRECTION('',(0.,0.,1.));
#7347=DIRECTION('',(0.,-1.,0.));
#7348=DIRECTION('',(-1.,0.,0.));
#7349=DIRECTION('',(0.,0.,1.));
#7350=DIRECTION('',(0.,-1.,0.));
#7351=DIRECTION('',(0.,-1.,0.));
#7352=DIRECTION('',(0.,0.,-1.));
#7353=DIRECTION('',(0.,-1.,0.));
#7354=DIRECTION('',(1.,0.,3.0818660178525E-14));
#7355=DIRECTION('',(3.0818660178525E-14,0.,-1.));
#7356=DIRECTION('',(0.,-1.,0.));
#7357=DIRECTION('',(0.,0.,1.));
#7358=DIRECTION('',(0.,-1.,0.));
#7359=DIRECTION('',(0.,-1.,0.));
#7360=DIRECTION('',(0.,0.,-1.));
#7361=DIRECTION('',(-1.,0.,0.));
#7362=DIRECTION('',(1.,0.,0.));
#7363=DIRECTION('',(0.,0.,1.));
#7364=DIRECTION('',(1.,0.,0.));
#7365=DIRECTION('',(0.,0.,1.));
#7366=DIRECTION('',(1.,0.,0.));
#7367=DIRECTION('',(-1.,0.,0.));
#7368=DIRECTION('',(0.,-1.,0.));
#7369=DIRECTION('',(0.,0.,-1.));
#7370=DIRECTION('',(0.,0.,-1.));
#7371=DIRECTION('',(-1.,0.,0.));
#7372=DIRECTION('',(0.894427190999916,0.447213595499958,0.));
#7373=DIRECTION('',(-0.447213595499958,0.894427190999916,0.));
#7374=DIRECTION('',(0.,0.,-1.));
#7375=DIRECTION('',(1.,0.,0.));
#7376=DIRECTION('',(0.,0.,-1.));
#7377=DIRECTION('',(-1.,0.,0.));
#7378=DIRECTION('',(0.,0.,1.));
#7379=DIRECTION('',(0.,0.,-1.));
#7380=DIRECTION('',(-0.894427190999916,0.447213595499958,0.));
#7381=DIRECTION('',(-0.447213595499958,-0.894427190999916,0.));
#7382=DIRECTION('',(0.,0.,1.));
#7383=DIRECTION('',(1.,0.,0.));
#7384=DIRECTION('',(0.,0.,-1.));
#7385=DIRECTION('',(-1.,0.,0.));
#7386=DIRECTION('',(0.,1.,0.));
#7387=DIRECTION('',(-1.,0.,0.));
#7388=DIRECTION('',(0.,-1.,0.));
#7389=DIRECTION('',(-1.,0.,0.));
#7390=DIRECTION('',(0.,0.,-1.));
#7391=DIRECTION('',(-1.,0.,0.));
#7392=DIRECTION('',(0.,-1.,0.));
#7393=DIRECTION('',(-1.,0.,0.));
#7394=DIRECTION('',(0.,1.,0.));
#7395=DIRECTION('',(-1.,0.,0.));
#7396=DIRECTION('',(0.,0.,-1.));
#7397=DIRECTION('',(-1.,0.,0.));
#7398=DIRECTION('',(0.,-1.,0.));
#7399=DIRECTION('',(-1.,0.,0.));
#7400=DIRECTION('',(0.,1.,0.));
#7401=DIRECTION('',(-1.,0.,0.));
#7402=DIRECTION('',(0.,0.,-1.));
#7403=DIRECTION('',(-1.,0.,0.));
#7404=DIRECTION('',(0.,-1.,0.));
#7405=DIRECTION('',(-1.,0.,0.));
#7406=DIRECTION('',(0.,1.,0.));
#7407=DIRECTION('',(-1.,0.,0.));
#7408=DIRECTION('',(0.,0.,-1.));
#7409=DIRECTION('',(-1.,0.,0.));
#7410=DIRECTION('',(0.,-1.,0.));
#7411=DIRECTION('',(-1.,0.,0.));
#7412=DIRECTION('',(0.,1.,0.));
#7413=DIRECTION('',(-1.,0.,0.));
#7414=DIRECTION('',(0.,0.,-1.));
#7415=DIRECTION('',(-1.,0.,0.));
#7416=DIRECTION('',(0.,-1.,0.));
#7417=DIRECTION('',(-1.,0.,0.));
#7418=DIRECTION('',(0.,1.,0.));
#7419=DIRECTION('',(-1.,0.,0.));
#7420=DIRECTION('',(0.,0.,1.));
#7421=DIRECTION('',(1.,0.,0.));
#7422=DIRECTION('',(0.,-1.,0.));
#7423=DIRECTION('',(-1.,0.,0.));
#7424=DIRECTION('',(0.,1.,0.));
#7425=DIRECTION('',(-1.,0.,0.));
#7426=DIRECTION('',(0.,0.,1.));
#7427=DIRECTION('',(1.,0.,0.));
#7428=DIRECTION('',(0.,1.,0.));
#7429=DIRECTION('',(-1.,0.,0.));
#7430=DIRECTION('',(0.,-1.,0.));
#7431=DIRECTION('',(-1.,0.,0.));
#7432=DIRECTION('',(0.,0.,1.));
#7433=DIRECTION('',(1.,0.,0.));
#7434=DIRECTION('',(0.,1.,0.));
#7435=DIRECTION('',(-1.,0.,0.));
#7436=DIRECTION('',(0.,-1.,0.));
#7437=DIRECTION('',(-1.,0.,0.));
#7438=DIRECTION('',(0.,0.,1.));
#7439=DIRECTION('',(1.,0.,0.));
#7440=DIRECTION('',(0.,1.,0.));
#7441=DIRECTION('',(-1.,0.,0.));
#7442=DIRECTION('',(0.,-1.,0.));
#7443=DIRECTION('',(-1.,0.,0.));
#7444=DIRECTION('',(0.,0.,1.));
#7445=DIRECTION('',(1.,0.,0.));
#7446=DIRECTION('',(0.,1.,0.));
#7447=DIRECTION('',(-1.,0.,0.));
#7448=DIRECTION('',(0.,-1.,0.));
#7449=DIRECTION('',(-1.,0.,0.));
#7450=DIRECTION('',(0.,0.,1.));
#7451=DIRECTION('',(1.,0.,0.));
#7452=DIRECTION('',(0.,1.,0.));
#7453=DIRECTION('',(-1.,0.,0.));
#7454=DIRECTION('',(0.,-1.,0.));
#7455=DIRECTION('',(-1.,0.,0.));
#7456=DIRECTION('',(0.,0.499999999999953,0.866025403784465));
#7457=DIRECTION('',(0.,-0.866025403784466,0.499999999999954));
#7458=DIRECTION('',(0.447213595500202,0.774596669241402,-0.447213595499855));
#7459=DIRECTION('',(0.4472135955002,-0.774596669241403,0.447213595499856));
#7460=DIRECTION('',(-1.,0.,0.));
#7461=DIRECTION('',(0.,0.499999999999953,0.866025403784465));
#7462=DIRECTION('',(0.,-0.866025403784466,0.499999999999954));
#7463=DIRECTION('',(0.4472135955002,0.774596669241403,-0.447213595499856));
#7464=DIRECTION('',(0.447213595500197,-0.774596669241404,0.447213595499856));
#7465=DIRECTION('',(-1.,0.,0.));
#7466=DIRECTION('',(0.,0.499999999999953,0.866025403784465));
#7467=DIRECTION('',(0.,-0.866025403784466,0.499999999999954));
#7468=DIRECTION('',(0.447213595500199,0.774596669241403,-0.447213595499856));
#7469=DIRECTION('',(0.447213595500199,-0.774596669241403,0.447213595499856));
#7470=DIRECTION('',(-1.,0.,0.));
#7471=DIRECTION('',(0.,0.499999999999953,0.866025403784465));
#7472=DIRECTION('',(0.,-0.866025403784466,0.499999999999954));
#7473=DIRECTION('',(0.447213595500199,0.774596669241403,-0.447213595499856));
#7474=DIRECTION('',(0.447213595500199,-0.774596669241403,0.447213595499856));
#7475=DIRECTION('',(-1.,0.,0.));
#7476=DIRECTION('',(0.,0.499999999999953,0.866025403784465));
#7477=DIRECTION('',(0.,-0.866025403784466,0.499999999999954));
#7478=DIRECTION('',(0.447213595500199,0.774596669241403,-0.447213595499856));
#7479=DIRECTION('',(0.447213595500199,-0.774596669241403,0.447213595499856));
#7480=DIRECTION('',(-1.,0.,0.));
#7481=DIRECTION('',(0.,0.499999999999953,0.866025403784465));
#7482=DIRECTION('',(0.,-0.866025403784466,0.499999999999954));
#7483=DIRECTION('',(0.4472135955002,0.774596669241403,-0.447213595499856));
#7484=DIRECTION('',(0.447213595500199,-0.774596669241403,0.447213595499856));
#7485=DIRECTION('',(-1.,0.,0.));
#7486=DIRECTION('',(0.,1.,0.));
#7487=DIRECTION('',(0.,0.,1.));
#7488=DIRECTION('',(0.,0.,-1.));
#7489=DIRECTION('',(0.,0.,-1.));
#7490=DIRECTION('',(-1.,0.,0.));
#7491=DIRECTION('',(0.,1.,0.));
#7492=DIRECTION('',(0.,0.,1.));
#7493=DIRECTION('',(0.,0.,-1.));
#7494=DIRECTION('',(0.,0.,-1.));
#7495=DIRECTION('',(-1.,0.,0.));
#7496=DIRECTION('',(0.,1.,0.));
#7497=DIRECTION('',(0.,0.,1.));
#7498=DIRECTION('',(0.,0.,-1.));
#7499=DIRECTION('',(0.,0.,-1.));
#7500=DIRECTION('',(-1.,0.,0.));
#7501=DIRECTION('',(0.,1.,0.));
#7502=DIRECTION('',(0.,0.,1.));
#7503=DIRECTION('',(0.,0.,-1.));
#7504=DIRECTION('',(0.,0.,-1.));
#7505=DIRECTION('',(-1.,0.,0.));
#7506=DIRECTION('',(0.,1.,0.));
#7507=DIRECTION('',(0.,0.,1.));
#7508=DIRECTION('',(0.,0.,-1.));
#7509=DIRECTION('',(0.,0.,-1.));
#7510=DIRECTION('',(-1.,0.,0.));
#7511=DIRECTION('',(0.,1.,0.));
#7512=DIRECTION('',(0.,0.,1.));
#7513=DIRECTION('',(0.,0.,-1.));
#7514=DIRECTION('',(0.,0.,-1.));
#7515=DIRECTION('',(-1.,0.,0.));
#7516=DIRECTION('',(0.,0.500000000000025,-0.866025403784424));
#7517=DIRECTION('',(0.,0.866025403784424,0.500000000000025));
#7518=DIRECTION('',(-0.447213595500185,-0.774596669241372,-0.447213595499924));
#7519=DIRECTION('',(-0.447213595500183,0.774596669241373,0.447213595499924));
#7520=DIRECTION('',(-1.,0.,0.));
#7521=DIRECTION('',(0.,0.500000000000025,-0.866025403784424));
#7522=DIRECTION('',(0.,0.866025403784424,0.500000000000025));
#7523=DIRECTION('',(-0.447213595500183,-0.774596669241373,-0.447213595499924));
#7524=DIRECTION('',(-0.44721359550018,0.774596669241374,0.447213595499925));
#7525=DIRECTION('',(-1.,0.,0.));
#7526=DIRECTION('',(0.,0.500000000000025,-0.866025403784424));
#7527=DIRECTION('',(0.,0.866025403784424,0.500000000000025));
#7528=DIRECTION('',(-0.447213595500181,-0.774596669241373,-0.447213595499925));
#7529=DIRECTION('',(-0.447213595500181,0.774596669241373,0.447213595499925));
#7530=DIRECTION('',(-1.,0.,0.));
#7531=DIRECTION('',(0.,0.500000000000025,-0.866025403784424));
#7532=DIRECTION('',(0.,0.866025403784424,0.500000000000025));
#7533=DIRECTION('',(-0.447213595500181,-0.774596669241373,-0.447213595499925));
#7534=DIRECTION('',(-0.447213595500182,0.774596669241373,0.447213595499925));
#7535=DIRECTION('',(-1.,0.,0.));
#7536=DIRECTION('',(0.,0.500000000000025,-0.866025403784424));
#7537=DIRECTION('',(0.,0.866025403784424,0.500000000000025));
#7538=DIRECTION('',(-0.447213595500182,-0.774596669241373,-0.447213595499925));
#7539=DIRECTION('',(-0.447213595500182,0.774596669241373,0.447213595499925));
#7540=DIRECTION('',(-1.,0.,0.));
#7541=DIRECTION('',(0.,0.500000000000025,-0.866025403784424));
#7542=DIRECTION('',(0.,0.866025403784424,0.500000000000025));
#7543=DIRECTION('',(-0.447213595500183,-0.774596669241373,-0.447213595499924));
#7544=DIRECTION('',(-0.447213595500181,0.774596669241373,0.447213595499925));
#7545=DIRECTION('',(-1.,0.,0.));
#7546=DIRECTION('',(0.,0.,-1.));
#7547=DIRECTION('',(-1.,0.,0.));
#7548=DIRECTION('',(0.,1.,0.));
#7549=DIRECTION('',(-1.,0.,0.));
#7550=DIRECTION('',(0.,-1.,0.));
#7551=DIRECTION('',(0.,0.,-1.));
#7552=DIRECTION('',(-1.,0.,0.));
#7553=DIRECTION('',(0.,-1.,0.));
#7554=DIRECTION('',(0.,1.,0.));
#7555=DIRECTION('',(-1.,0.,0.));
#7556=DIRECTION('',(0.,0.,-1.));
#7557=DIRECTION('',(-1.,0.,0.));
#7558=DIRECTION('',(0.,-1.,0.));
#7559=DIRECTION('',(0.,1.,0.));
#7560=DIRECTION('',(-1.,0.,0.));
#7561=DIRECTION('',(0.,0.,-1.));
#7562=DIRECTION('',(-1.,0.,0.));
#7563=DIRECTION('',(0.,-1.,0.));
#7564=DIRECTION('',(0.,1.,0.));
#7565=DIRECTION('',(-1.,0.,0.));
#7566=DIRECTION('',(0.,0.,-1.));
#7567=DIRECTION('',(-1.,0.,0.));
#7568=DIRECTION('',(0.,-1.,0.));
#7569=DIRECTION('',(0.,1.,0.));
#7570=DIRECTION('',(-1.,0.,0.));
#7571=DIRECTION('',(0.,0.,-1.));
#7572=DIRECTION('',(-1.,0.,0.));
#7573=DIRECTION('',(0.,-1.,0.));
#7574=DIRECTION('',(0.,1.,0.));
#7575=DIRECTION('',(-1.,0.,0.));
#7576=DIRECTION('',(0.,-1.76384813640513E-17,1.));
#7577=DIRECTION('',(0.,-1.,-1.76384813640513E-17));
#7578=DIRECTION('',(0.,-1.,-1.76384813640513E-17));
#7579=DIRECTION('',(-1.,0.,0.));
#7580=DIRECTION('',(0.,1.,1.76384813640513E-17));
#7581=DIRECTION('',(-1.,0.,0.));
#7582=DIRECTION('',(0.,-1.76384813640513E-17,1.));
#7583=DIRECTION('',(0.,-1.,-1.76384813640513E-17));
#7584=DIRECTION('',(0.,1.,1.76384813640513E-17));
#7585=DIRECTION('',(-1.,0.,0.));
#7586=DIRECTION('',(0.,-1.,-1.76384813640513E-17));
#7587=DIRECTION('',(-1.,0.,0.));
#7588=DIRECTION('',(0.,-1.76384813640513E-17,1.));
#7589=DIRECTION('',(0.,-1.,-1.76384813640513E-17));
#7590=DIRECTION('',(0.,1.,1.76384813640513E-17));
#7591=DIRECTION('',(-1.,0.,0.));
#7592=DIRECTION('',(0.,-1.,-1.76384813640513E-17));
#7593=DIRECTION('',(-1.,0.,0.));
#7594=DIRECTION('',(0.,-1.76384813640513E-17,1.));
#7595=DIRECTION('',(0.,-1.,-1.76384813640513E-17));
#7596=DIRECTION('',(0.,1.,1.76384813640513E-17));
#7597=DIRECTION('',(-1.,0.,0.));
#7598=DIRECTION('',(0.,-1.,-1.76384813640513E-17));
#7599=DIRECTION('',(-1.,0.,0.));
#7600=DIRECTION('',(0.,-1.76384813640513E-17,1.));
#7601=DIRECTION('',(0.,-1.,-1.76384813640513E-17));
#7602=DIRECTION('',(0.,1.,1.76384813640513E-17));
#7603=DIRECTION('',(-1.,0.,0.));
#7604=DIRECTION('',(0.,-1.,-1.76384813640513E-17));
#7605=DIRECTION('',(-1.,0.,0.));
#7606=DIRECTION('',(0.,-1.76384813640513E-17,1.));
#7607=DIRECTION('',(0.,-1.,-1.76384813640513E-17));
#7608=DIRECTION('',(0.,1.,1.76384813640513E-17));
#7609=DIRECTION('',(-1.,0.,0.));
#7610=DIRECTION('',(0.,-1.,-1.76384813640513E-17));
#7611=DIRECTION('',(-1.,0.,0.));
#7612=DIRECTION('',(0.,0.499999999999953,0.866025403784466));
#7613=DIRECTION('',(0.,-0.866025403784466,0.499999999999953));
#7614=DIRECTION('',(0.447213595500202,0.774596669241402,-0.447213595499855));
#7615=DIRECTION('',(0.4472135955002,-0.774596669241403,0.447213595499856));
#7616=DIRECTION('',(-1.,0.,0.));
#7617=DIRECTION('',(0.,0.499999999999953,0.866025403784466));
#7618=DIRECTION('',(0.,-0.866025403784466,0.499999999999953));
#7619=DIRECTION('',(0.4472135955002,0.774596669241403,-0.447213595499856));
#7620=DIRECTION('',(0.447213595500197,-0.774596669241404,0.447213595499856));
#7621=DIRECTION('',(-1.,0.,0.));
#7622=DIRECTION('',(0.,0.499999999999953,0.866025403784466));
#7623=DIRECTION('',(0.,-0.866025403784466,0.499999999999953));
#7624=DIRECTION('',(0.447213595500199,0.774596669241403,-0.447213595499856));
#7625=DIRECTION('',(0.447213595500199,-0.774596669241403,0.447213595499856));
#7626=DIRECTION('',(-1.,0.,0.));
#7627=DIRECTION('',(0.,0.499999999999953,0.866025403784466));
#7628=DIRECTION('',(0.,-0.866025403784466,0.499999999999953));
#7629=DIRECTION('',(0.447213595500199,0.774596669241403,-0.447213595499856));
#7630=DIRECTION('',(0.447213595500199,-0.774596669241403,0.447213595499856));
#7631=DIRECTION('',(-1.,0.,0.));
#7632=DIRECTION('',(0.,0.499999999999953,0.866025403784466));
#7633=DIRECTION('',(0.,-0.866025403784466,0.499999999999953));
#7634=DIRECTION('',(0.447213595500199,0.774596669241403,-0.447213595499856));
#7635=DIRECTION('',(0.447213595500199,-0.774596669241403,0.447213595499856));
#7636=DIRECTION('',(-1.,0.,0.));
#7637=DIRECTION('',(0.,0.499999999999953,0.866025403784466));
#7638=DIRECTION('',(0.,-0.866025403784466,0.499999999999953));
#7639=DIRECTION('',(0.4472135955002,0.774596669241403,-0.447213595499856));
#7640=DIRECTION('',(0.447213595500199,-0.774596669241403,0.447213595499856));
#7641=DIRECTION('',(-1.,0.,0.));
#7642=DIRECTION('',(0.,1.,0.));
#7643=DIRECTION('',(0.,0.,1.));
#7644=DIRECTION('',(0.,0.,-1.));
#7645=DIRECTION('',(0.,0.,-1.));
#7646=DIRECTION('',(-1.,0.,0.));
#7647=DIRECTION('',(0.,1.,0.));
#7648=DIRECTION('',(0.,0.,1.));
#7649=DIRECTION('',(0.,0.,-1.));
#7650=DIRECTION('',(0.,0.,-1.));
#7651=DIRECTION('',(-1.,0.,0.));
#7652=DIRECTION('',(0.,1.,0.));
#7653=DIRECTION('',(0.,0.,1.));
#7654=DIRECTION('',(0.,0.,-1.));
#7655=DIRECTION('',(0.,0.,-1.));
#7656=DIRECTION('',(-1.,0.,0.));
#7657=DIRECTION('',(0.,1.,0.));
#7658=DIRECTION('',(0.,0.,1.));
#7659=DIRECTION('',(0.,0.,-1.));
#7660=DIRECTION('',(0.,0.,-1.));
#7661=DIRECTION('',(-1.,0.,0.));
#7662=DIRECTION('',(0.,1.,0.));
#7663=DIRECTION('',(0.,0.,1.));
#7664=DIRECTION('',(0.,0.,-1.));
#7665=DIRECTION('',(0.,0.,-1.));
#7666=DIRECTION('',(-1.,0.,0.));
#7667=DIRECTION('',(0.,1.,0.));
#7668=DIRECTION('',(0.,0.,1.));
#7669=DIRECTION('',(0.,0.,-1.));
#7670=DIRECTION('',(0.,0.,-1.));
#7671=DIRECTION('',(-1.,0.,0.));
#7672=DIRECTION('',(0.,0.499999999999954,-0.866025403784465));
#7673=DIRECTION('',(0.,0.866025403784465,0.499999999999954));
#7674=DIRECTION('',(-0.447213595500202,-0.774596669241402,-0.447213595499856));
#7675=DIRECTION('',(-0.4472135955002,0.774596669241403,0.447213595499856));
#7676=DIRECTION('',(0.,0.499999999999954,-0.866025403784465));
#7677=DIRECTION('',(0.,0.866025403784465,0.499999999999954));
#7678=DIRECTION('',(-0.4472135955002,-0.774596669241403,-0.447213595499856));
#7679=DIRECTION('',(-0.447213595500197,0.774596669241404,0.447213595499857));
#7680=DIRECTION('',(0.,0.499999999999954,-0.866025403784465));
#7681=DIRECTION('',(0.,0.866025403784465,0.499999999999954));
#7682=DIRECTION('',(-0.447213595500198,-0.774596669241403,-0.447213595499856));
#7683=DIRECTION('',(-0.447213595500198,0.774596669241403,0.447213595499856));
#7684=DIRECTION('',(0.,0.499999999999954,-0.866025403784465));
#7685=DIRECTION('',(0.,0.866025403784465,0.499999999999954));
#7686=DIRECTION('',(-0.447213595500198,-0.774596669241403,-0.447213595499856));
#7687=DIRECTION('',(-0.447213595500199,0.774596669241403,0.447213595499856));
#7688=DIRECTION('',(0.,0.499999999999954,-0.866025403784465));
#7689=DIRECTION('',(0.,0.866025403784465,0.499999999999954));
#7690=DIRECTION('',(-0.447213595500199,-0.774596669241403,-0.447213595499856));
#7691=DIRECTION('',(-0.447213595500199,0.774596669241403,0.447213595499856));
#7692=DIRECTION('',(0.,0.499999999999954,-0.866025403784465));
#7693=DIRECTION('',(0.,0.866025403784465,0.499999999999954));
#7694=DIRECTION('',(-0.4472135955002,-0.774596669241403,-0.447213595499856));
#7695=DIRECTION('',(-0.447213595500198,0.774596669241403,0.447213595499856));
#7696=DIRECTION('',(0.,0.,-1.));
#7697=DIRECTION('',(-1.,0.,0.));
#7698=DIRECTION('',(0.,-1.,0.));
#7699=DIRECTION('',(-1.,0.,0.));
#7700=DIRECTION('',(0.,-1.,0.));
#7701=DIRECTION('',(-1.,0.,0.));
#7702=DIRECTION('',(0.,-0.558600379479041,-0.829436927105293));
#7703=DIRECTION('',(0.,0.829436927105293,-0.558600379479041));
#7704=DIRECTION('',(0.,0.829436927105293,-0.558600379479041));
#7705=DIRECTION('',(-1.,0.,0.));
#7706=DIRECTION('',(0.,-0.829436927105293,0.558600379479041));
#7707=DIRECTION('',(0.,0.829436927105293,-0.558600379479041));
#7708=DIRECTION('',(-1.,0.,0.));
#7709=DIRECTION('',(0.,-0.829436927105293,0.558600379479041));
#7710=DIRECTION('',(0.,0.829436927105293,-0.558600379479041));
#7711=DIRECTION('',(-1.,0.,0.));
#7712=DIRECTION('',(0.,-0.829436927105293,0.558600379479041));
#7713=DIRECTION('',(0.,0.829436927105293,-0.558600379479041));
#7714=DIRECTION('',(-1.,0.,0.));
#7715=DIRECTION('',(0.,-0.829436927105293,0.558600379479041));
#7716=DIRECTION('',(0.,0.829436927105293,-0.558600379479041));
#7717=DIRECTION('',(-1.,0.,0.));
#7718=DIRECTION('',(0.,-0.829436927105293,0.558600379479041));
#7719=DIRECTION('',(0.,0.829436927105293,-0.558600379479041));
#7720=DIRECTION('',(-1.,0.,0.));
#7721=DIRECTION('',(0.,-0.829436927105293,0.558600379479041));
#7722=DIRECTION('',(0.,-0.829436927105293,0.558600379479041));
#7723=DIRECTION('',(-1.,0.,0.));
#7724=DIRECTION('',(0.,-0.829436927105293,0.558600379479041));
#7725=DIRECTION('',(0.,-0.558600379479076,0.82943692710527));
#7726=DIRECTION('',(0.,-0.82943692710527,-0.558600379479076));
#7727=DIRECTION('',(0.,-0.82943692710527,-0.558600379479076));
#7728=DIRECTION('',(0.,0.82943692710527,0.558600379479076));
#7729=DIRECTION('',(0.,0.82943692710527,0.558600379479076));
#7730=DIRECTION('',(-1.,0.,0.));
#7731=DIRECTION('',(0.,0.82943692710527,0.558600379479076));
#7732=DIRECTION('',(1.,0.,0.));
#7733=DIRECTION('',(0.,-0.82943692710527,-0.558600379479076));
#7734=DIRECTION('',(0.,0.82943692710527,0.558600379479076));
#7735=DIRECTION('',(1.,0.,0.));
#7736=DIRECTION('',(0.,-0.82943692710527,-0.558600379479076));
#7737=DIRECTION('',(0.,0.82943692710527,0.558600379479076));
#7738=DIRECTION('',(1.,0.,0.));
#7739=DIRECTION('',(0.,-0.82943692710527,-0.558600379479076));
#7740=DIRECTION('',(0.,0.82943692710527,0.558600379479076));
#7741=DIRECTION('',(1.,0.,0.));
#7742=DIRECTION('',(0.,-0.82943692710527,-0.558600379479076));
#7743=DIRECTION('',(0.,0.82943692710527,0.558600379479076));
#7744=DIRECTION('',(1.,0.,0.));
#7745=DIRECTION('',(0.,-0.82943692710527,-0.558600379479076));
#7746=DIRECTION('',(0.,0.82943692710527,0.558600379479076));
#7747=DIRECTION('',(1.,0.,0.));
#7748=DIRECTION('',(0.,0.,1.));
#7749=DIRECTION('',(1.,0.,0.));
#7750=DIRECTION('',(0.,1.,0.));
#7751=DIRECTION('',(0.,1.,0.));
#7752=DIRECTION('',(-1.,0.,0.));
#7753=DIRECTION('',(0.,0.499999999999953,0.866025403784465));
#7754=DIRECTION('',(0.,-0.866025403784466,0.499999999999954));
#7755=DIRECTION('',(0.4472135955002,0.774596669241403,-0.447213595499856));
#7756=DIRECTION('',(0.4472135955002,-0.774596669241403,0.447213595499856));
#7757=DIRECTION('',(-1.,0.,0.));
#7758=DIRECTION('',(0.,1.,0.));
#7759=DIRECTION('',(0.,0.,1.));
#7760=DIRECTION('',(0.,0.,-1.));
#7761=DIRECTION('',(0.,0.,-1.));
#7762=DIRECTION('',(-1.,0.,0.));
#7763=DIRECTION('',(0.,0.500000000000025,-0.866025403784424));
#7764=DIRECTION('',(0.,0.866025403784424,0.500000000000025));
#7765=DIRECTION('',(-0.447213595500183,-0.774596669241373,-0.447213595499924));
#7766=DIRECTION('',(-0.447213595500183,0.774596669241373,0.447213595499924));
#7767=DIRECTION('',(-1.,0.,0.));
#7768=DIRECTION('',(0.,0.,-1.));
#7769=DIRECTION('',(-1.,0.,0.));
#7770=DIRECTION('',(0.,-1.,0.));
#7771=DIRECTION('',(0.,-1.,0.));
#7772=DIRECTION('',(-1.,0.,0.));
#7773=DIRECTION('',(0.,1.,0.));
#7774=DIRECTION('',(0.,0.,1.));
#7775=DIRECTION('',(-1.,0.,0.));
#7776=DIRECTION('',(0.,0.,-1.));
#7777=DIRECTION('',(0.,0.,-1.));
#7778=DIRECTION('',(0.,0.,-1.));
#7779=DIRECTION('',(0.,0.,-1.));
#7780=DIRECTION('',(0.,0.,-1.));
#7781=DIRECTION('',(0.,0.,-1.));
#7782=DIRECTION('',(0.,0.,-1.));
#7783=DIRECTION('',(0.,0.,-1.));
#7784=DIRECTION('',(0.,0.,-1.));
#7785=DIRECTION('',(0.,0.,-1.));
#7786=DIRECTION('',(0.,0.,-1.));
#7787=DIRECTION('',(0.,0.,-1.));
#7788=DIRECTION('',(0.,0.,-1.));
#7789=DIRECTION('',(0.,0.,-1.));
#7790=DIRECTION('',(0.,0.,-1.));
#7791=DIRECTION('',(0.,0.,-1.));
#7792=DIRECTION('',(0.,0.,-1.));
#7793=DIRECTION('',(0.,0.,-1.));
#7794=DIRECTION('',(0.,0.,-1.));
#7795=DIRECTION('',(0.,0.,-1.));
#7796=DIRECTION('',(0.,0.,-1.));
#7797=DIRECTION('',(0.,0.,-1.));
#7798=DIRECTION('',(0.,0.,-1.));
#7799=DIRECTION('',(0.,0.,-1.));
#7800=DIRECTION('',(0.,0.,-1.));
#7801=DIRECTION('',(0.,0.,-1.));
#7802=DIRECTION('',(0.,-1.76384813640513E-17,1.));
#7803=DIRECTION('',(0.,-1.,-1.76384813640513E-17));
#7804=DIRECTION('',(0.,1.,1.76384813640513E-17));
#7805=DIRECTION('',(0.,1.,1.76384813640513E-17));
#7806=DIRECTION('',(-1.,0.,0.));
#7807=DIRECTION('',(0.,0.499999999999953,0.866025403784466));
#7808=DIRECTION('',(0.,-0.866025403784466,0.499999999999953));
#7809=DIRECTION('',(0.4472135955002,0.774596669241403,-0.447213595499856));
#7810=DIRECTION('',(0.4472135955002,-0.774596669241403,0.447213595499856));
#7811=DIRECTION('',(-1.,0.,0.));
#7812=DIRECTION('',(0.,1.,0.));
#7813=DIRECTION('',(0.,0.,1.));
#7814=DIRECTION('',(0.,0.,-1.));
#7815=DIRECTION('',(0.,0.,-1.));
#7816=DIRECTION('',(-1.,0.,0.));
#7817=DIRECTION('',(0.,0.499999999999954,-0.866025403784465));
#7818=DIRECTION('',(0.,0.866025403784465,0.499999999999954));
#7819=DIRECTION('',(-0.4472135955002,-0.774596669241403,-0.447213595499856));
#7820=DIRECTION('',(-0.4472135955002,0.774596669241403,0.447213595499856));
#7821=DIRECTION('',(1.,0.,0.));
#7822=DIRECTION('',(0.,0.,-1.));
#7823=DIRECTION('',(0.,0.,-1.));
#7824=DIRECTION('',(0.,0.,-1.));
#7825=DIRECTION('',(1.,0.,0.));
#7826=DIRECTION('',(0.,0.,-1.));
#7827=DIRECTION('',(0.,0.,-1.));
#7828=DIRECTION('',(0.,0.,-1.));
#7829=DIRECTION('',(0.866025403784298,-0.500000000000244,0.));
#7830=DIRECTION('',(0.500000000000244,0.866025403784298,0.));
#7831=DIRECTION('',(0.866025403784298,-0.500000000000244,0.));
#7832=DIRECTION('',(0.500000000000244,0.866025403784298,0.));
#7833=DIRECTION('',(-0.866025403784299,-0.500000000000242,0.));
#7834=DIRECTION('',(0.500000000000242,-0.866025403784299,0.));
#7835=DIRECTION('',(-0.866025403784299,-0.500000000000242,0.));
#7836=DIRECTION('',(0.500000000000242,-0.866025403784299,0.));
#7837=DIRECTION('',(-0.8660254037843,-0.500000000000241,0.));
#7838=DIRECTION('',(0.500000000000241,-0.8660254037843,0.));
#7839=DIRECTION('',(0.,0.,-1.));
#7840=DIRECTION('',(0.866025403784299,-0.500000000000242,0.));
#7841=DIRECTION('',(0.500000000000242,0.866025403784299,0.));
#7842=DIRECTION('',(0.,0.,-1.));
#7843=DIRECTION('',(1.,0.,0.));
#7844=DIRECTION('',(0.,0.,-1.));
#7845=DIRECTION('',(-1.,0.,0.));
#7846=DIRECTION('',(0.,0.,1.));
#7847=DIRECTION('',(-0.866025403784299,-0.500000000000241,0.));
#7848=DIRECTION('',(0.500000000000241,-0.8660254037843,0.));
#7849=DIRECTION('',(0.,0.,-1.));
#7850=DIRECTION('',(0.866025403784299,-0.500000000000242,0.));
#7851=DIRECTION('',(0.500000000000242,0.866025403784299,0.));
#7852=DIRECTION('',(0.,0.,-1.));
#7853=DIRECTION('',(1.,0.,0.));
#7854=DIRECTION('',(0.,0.,-1.));
#7855=DIRECTION('',(-1.,0.,0.));
#7856=DIRECTION('',(0.,0.,1.));
#7857=DIRECTION('',(-0.866025403784299,-0.500000000000241,0.));
#7858=DIRECTION('',(0.500000000000241,-0.8660254037843,0.));
#7859=DIRECTION('',(0.,0.,-1.));
#7860=DIRECTION('',(0.866025403784299,-0.500000000000241,0.));
#7861=DIRECTION('',(0.500000000000241,0.8660254037843,0.));
#7862=DIRECTION('',(0.,0.,-1.));
#7863=DIRECTION('',(1.,0.,0.));
#7864=DIRECTION('',(0.,0.,-1.));
#7865=DIRECTION('',(-1.,0.,0.));
#7866=DIRECTION('',(0.,0.,1.));
#7867=DIRECTION('',(-0.8660254037843,-0.500000000000241,0.));
#7868=DIRECTION('',(0.500000000000241,-0.8660254037843,0.));
#7869=DIRECTION('',(0.,0.,-1.));
#7870=DIRECTION('',(0.8660254037843,-0.500000000000241,0.));
#7871=DIRECTION('',(0.500000000000241,0.8660254037843,0.));
#7872=DIRECTION('',(0.,0.,-1.));
#7873=DIRECTION('',(1.,0.,0.));
#7874=DIRECTION('',(0.,0.,-1.));
#7875=DIRECTION('',(-1.,0.,0.));
#7876=DIRECTION('',(0.,0.,1.));
#7877=DIRECTION('',(-0.8660254037843,-0.500000000000239,0.));
#7878=DIRECTION('',(0.500000000000239,-0.8660254037843,0.));
#7879=DIRECTION('',(0.,0.,-1.));
#7880=DIRECTION('',(0.8660254037843,-0.500000000000241,0.));
#7881=DIRECTION('',(0.500000000000241,0.8660254037843,0.));
#7882=DIRECTION('',(0.,0.,-1.));
#7883=DIRECTION('',(1.,0.,0.));
#7884=DIRECTION('',(0.,0.,-1.));
#7885=DIRECTION('',(-1.,0.,0.));
#7886=DIRECTION('',(0.,0.,1.));
#7887=DIRECTION('',(-0.866025403784299,-0.500000000000242,0.));
#7888=DIRECTION('',(0.500000000000242,-0.866025403784299,0.));
#7889=DIRECTION('',(0.,0.,-1.));
#7890=DIRECTION('',(0.866025403784299,-0.500000000000242,0.));
#7891=DIRECTION('',(0.500000000000242,0.866025403784299,0.));
#7892=DIRECTION('',(0.,0.,-1.));
#7893=DIRECTION('',(1.,0.,0.));
#7894=DIRECTION('',(0.,0.,-1.));
#7895=DIRECTION('',(-1.,0.,0.));
#7896=DIRECTION('',(0.,0.,1.));
#7897=DIRECTION('',(1.,0.,0.));
#7898=DIRECTION('',(0.,0.,-1.));
#7899=DIRECTION('',(0.,0.,-1.));
#7900=DIRECTION('',(-1.,0.,0.));
#7901=DIRECTION('',(0.,0.,1.));
#7902=DIRECTION('',(0.,0.,-1.));
#7903=DIRECTION('',(0.866025403784299,-0.500000000000242,0.));
#7904=DIRECTION('',(0.500000000000242,0.866025403784299,0.));
#7905=DIRECTION('',(-0.8660254037843,-0.500000000000241,0.));
#7906=DIRECTION('',(0.500000000000241,-0.8660254037843,0.));
#7907=DIRECTION('',(1.,0.,0.));
#7908=DIRECTION('',(0.,0.,-1.));
#7909=DIRECTION('',(0.,0.,-1.));
#7910=DIRECTION('',(-1.,0.,0.));
#7911=DIRECTION('',(0.,0.,1.));
#7912=DIRECTION('',(0.,0.,-1.));
#7913=DIRECTION('',(0.866025403784299,-0.500000000000242,0.));
#7914=DIRECTION('',(0.500000000000242,0.866025403784299,0.));
#7915=DIRECTION('',(-0.866025403784299,-0.500000000000241,0.));
#7916=DIRECTION('',(0.500000000000241,-0.8660254037843,0.));
#7917=DIRECTION('',(1.,0.,0.));
#7918=DIRECTION('',(0.,0.,-1.));
#7919=DIRECTION('',(0.,0.,-1.));
#7920=DIRECTION('',(-1.,0.,0.));
#7921=DIRECTION('',(0.,0.,1.));
#7922=DIRECTION('',(0.,0.,-1.));
#7923=DIRECTION('',(0.866025403784299,-0.500000000000241,0.));
#7924=DIRECTION('',(0.500000000000241,0.8660254037843,0.));
#7925=DIRECTION('',(-0.866025403784299,-0.500000000000241,0.));
#7926=DIRECTION('',(0.500000000000241,-0.8660254037843,0.));
#7927=DIRECTION('',(1.,0.,0.));
#7928=DIRECTION('',(0.,0.,-1.));
#7929=DIRECTION('',(0.,0.,-1.));
#7930=DIRECTION('',(-1.,0.,0.));
#7931=DIRECTION('',(0.,0.,1.));
#7932=DIRECTION('',(0.,0.,-1.));
#7933=DIRECTION('',(0.8660254037843,-0.500000000000241,0.));
#7934=DIRECTION('',(0.500000000000241,0.8660254037843,0.));
#7935=DIRECTION('',(-0.8660254037843,-0.500000000000241,0.));
#7936=DIRECTION('',(0.500000000000241,-0.8660254037843,0.));
#7937=DIRECTION('',(1.,0.,0.));
#7938=DIRECTION('',(0.,0.,-1.));
#7939=DIRECTION('',(0.,0.,-1.));
#7940=DIRECTION('',(-1.,0.,0.));
#7941=DIRECTION('',(0.,0.,1.));
#7942=DIRECTION('',(0.,0.,-1.));
#7943=DIRECTION('',(0.8660254037843,-0.500000000000241,0.));
#7944=DIRECTION('',(0.500000000000241,0.8660254037843,0.));
#7945=DIRECTION('',(-0.8660254037843,-0.500000000000239,0.));
#7946=DIRECTION('',(0.500000000000239,-0.8660254037843,0.));
#7947=DIRECTION('',(-1.,0.,0.));
#7948=DIRECTION('',(0.,0.,1.));
#7949=DIRECTION('',(0.,0.,-1.));
#7950=DIRECTION('',(1.,0.,0.));
#7951=DIRECTION('',(0.,0.,-1.));
#7952=DIRECTION('',(0.,0.,-1.));
#7953=DIRECTION('',(-0.866025403784299,-0.500000000000242,0.));
#7954=DIRECTION('',(0.500000000000242,-0.866025403784299,0.));
#7955=DIRECTION('',(0.866025403784299,-0.500000000000242,0.));
#7956=DIRECTION('',(0.500000000000242,0.866025403784299,0.));
#7957=DIRECTION('',(0.,0.,1.));
#7958=DIRECTION('',(1.,0.,0.));
#7959=DIRECTION('',(0.,1.,0.));
#7960=DIRECTION('',(0.,0.,1.));
#7961=DIRECTION('',(0.,0.,-1.));
#7962=DIRECTION('',(-1.,0.,0.));
#7963=DIRECTION('',(0.,0.,-1.));
#7964=DIRECTION('',(-1.,0.,0.));
#7965=DIRECTION('',(0.,1.,0.));
#7966=DIRECTION('',(0.,0.,1.));
#7967=DIRECTION('',(0.,0.,1.));
#7968=DIRECTION('',(-1.,0.,0.));
#7969=DIRECTION('',(0.,0.,-1.));
#7970=DIRECTION('',(-1.,0.,0.));
#7971=DIRECTION('',(0.,1.,0.));
#7972=DIRECTION('',(0.,0.,1.));
#7973=DIRECTION('',(0.,0.,1.));
#7974=DIRECTION('',(-1.,0.,0.));
#7975=DIRECTION('',(0.,0.,-1.));
#7976=DIRECTION('',(-1.,0.,0.));
#7977=DIRECTION('',(0.,1.,0.));
#7978=DIRECTION('',(0.,0.,1.));
#7979=DIRECTION('',(0.,0.,1.));
#7980=DIRECTION('',(-1.,0.,0.));
#7981=DIRECTION('',(0.,0.,-1.));
#7982=DIRECTION('',(-1.,0.,0.));
#7983=DIRECTION('',(0.,1.,0.));
#7984=DIRECTION('',(0.,0.,1.));
#7985=DIRECTION('',(0.,0.,1.));
#7986=DIRECTION('',(-1.,0.,0.));
#7987=DIRECTION('',(0.,0.,-1.));
#7988=DIRECTION('',(-1.,0.,0.));
#7989=DIRECTION('',(0.,1.,0.));
#7990=DIRECTION('',(0.,0.,1.));
#7991=DIRECTION('',(0.,0.,1.));
#7992=DIRECTION('',(-1.,0.,0.));
#7993=DIRECTION('',(0.,0.,-1.));
#7994=DIRECTION('',(-1.,0.,0.));
#7995=DIRECTION('',(0.,0.,-1.));
#7996=DIRECTION('',(-1.,0.,0.));
#7997=DIRECTION('',(0.,-1.,0.));
#7998=DIRECTION('',(0.,-1.,0.));
#7999=DIRECTION('',(-1.,0.,0.));
#8000=DIRECTION('',(0.,0.,-1.));
#8001=DIRECTION('',(-1.,0.,0.));
#8002=DIRECTION('',(0.,1.,0.));
#8003=DIRECTION('',(-1.,0.,0.));
#8004=DIRECTION('',(0.,-1.,0.));
#8005=DIRECTION('',(0.,0.,-1.));
#8006=DIRECTION('',(-1.,0.,0.));
#8007=DIRECTION('',(0.,1.,0.));
#8008=DIRECTION('',(-1.,0.,0.));
#8009=DIRECTION('',(0.,-1.,0.));
#8010=DIRECTION('',(0.,0.,-1.));
#8011=DIRECTION('',(-1.,0.,0.));
#8012=DIRECTION('',(0.,1.,0.));
#8013=DIRECTION('',(-1.,0.,0.));
#8014=DIRECTION('',(0.,-1.,0.));
#8015=DIRECTION('',(0.,0.,-1.));
#8016=DIRECTION('',(-1.,0.,0.));
#8017=DIRECTION('',(0.,1.,0.));
#8018=DIRECTION('',(-1.,0.,0.));
#8019=DIRECTION('',(0.,-1.,0.));
#8020=DIRECTION('',(0.,0.,-1.));
#8021=DIRECTION('',(-1.,0.,0.));
#8022=DIRECTION('',(0.,1.,0.));
#8023=DIRECTION('',(-1.,0.,0.));
#8024=DIRECTION('',(0.,-1.,0.));
#8025=DIRECTION('',(0.,-1.,0.));
#8026=DIRECTION('',(0.,0.,-1.));
#8027=DIRECTION('',(0.,0.,1.));
#8028=DIRECTION('',(0.,0.,1.));
#8029=DIRECTION('',(-1.,0.,0.));
#8030=DIRECTION('',(0.,-1.,0.));
#8031=DIRECTION('',(0.,0.,-1.));
#8032=DIRECTION('',(0.,0.,-1.));
#8033=DIRECTION('',(-1.,0.,0.));
#8034=DIRECTION('',(0.,0.,1.));
#8035=DIRECTION('',(0.,-1.,0.));
#8036=DIRECTION('',(0.,0.,-1.));
#8037=DIRECTION('',(0.,0.,-1.));
#8038=DIRECTION('',(-1.,0.,0.));
#8039=DIRECTION('',(0.,0.,1.));
#8040=DIRECTION('',(0.,-1.,0.));
#8041=DIRECTION('',(0.,0.,-1.));
#8042=DIRECTION('',(0.,0.,-1.));
#8043=DIRECTION('',(-1.,0.,0.));
#8044=DIRECTION('',(0.,0.,1.));
#8045=DIRECTION('',(0.,-1.,0.));
#8046=DIRECTION('',(0.,0.,-1.));
#8047=DIRECTION('',(0.,0.,-1.));
#8048=DIRECTION('',(-1.,0.,0.));
#8049=DIRECTION('',(0.,0.,1.));
#8050=DIRECTION('',(0.,-1.,0.));
#8051=DIRECTION('',(0.,0.,-1.));
#8052=DIRECTION('',(0.,0.,-1.));
#8053=DIRECTION('',(-1.,0.,0.));
#8054=DIRECTION('',(0.,0.,1.));
#8055=DIRECTION('',(-1.,0.,0.));
#8056=DIRECTION('',(0.,0.,1.));
#8057=DIRECTION('',(1.,0.,0.));
#8058=DIRECTION('',(0.,0.,-1.));
#8059=DIRECTION('',(-1.,0.,0.));
#8060=DIRECTION('',(0.,0.,1.));
#8061=DIRECTION('',(-1.,0.,0.));
#8062=DIRECTION('',(-1.,0.,0.));
#8063=DIRECTION('',(0.,0.,1.));
#8064=DIRECTION('',(-1.,0.,0.));
#8065=DIRECTION('',(0.,0.,1.));
#8066=DIRECTION('',(-1.,0.,0.));
#8067=DIRECTION('',(1.,0.,0.));
#8068=DIRECTION('',(0.,0.,-1.));
#8069=DIRECTION('',(-1.,0.,0.));
#8070=DIRECTION('',(0.,0.,1.));
#8071=DIRECTION('',(-1.,0.,0.));
#8072=DIRECTION('',(0.,0.,1.));
#8073=DIRECTION('',(-1.,0.,0.));
#8074=DIRECTION('',(1.,0.,0.));
#8075=DIRECTION('',(0.,0.,-1.));
#8076=DIRECTION('',(-1.,0.,0.));
#8077=DIRECTION('',(0.,0.,1.));
#8078=DIRECTION('',(-1.,0.,0.));
#8079=DIRECTION('',(0.,0.,1.));
#8080=DIRECTION('',(-1.,0.,0.));
#8081=DIRECTION('',(1.,0.,0.));
#8082=DIRECTION('',(0.,0.,-1.));
#8083=DIRECTION('',(-1.,0.,0.));
#8084=DIRECTION('',(0.,0.,1.));
#8085=DIRECTION('',(-1.,0.,0.));
#8086=DIRECTION('',(0.,0.,1.));
#8087=DIRECTION('',(-1.,0.,0.));
#8088=DIRECTION('',(1.,0.,0.));
#8089=DIRECTION('',(0.,0.,-1.));
#8090=DIRECTION('',(-1.,0.,0.));
#8091=DIRECTION('',(0.,0.,1.));
#8092=DIRECTION('',(-1.,0.,0.));
#8093=DIRECTION('',(0.,0.,1.));
#8094=DIRECTION('',(-1.,0.,0.));
#8095=DIRECTION('',(1.,0.,0.));
#8096=DIRECTION('',(0.,0.,-1.));
#8097=DIRECTION('',(0.,0.,1.));
#8098=DIRECTION('',(1.,0.,0.));
#8099=DIRECTION('',(0.,1.,0.));
#8100=DIRECTION('',(0.,1.,0.));
#8101=DIRECTION('',(-1.,0.,0.));
#8102=DIRECTION('',(0.,0.,1.));
#8103=DIRECTION('',(1.,0.,0.));
#8104=DIRECTION('',(0.,-1.,0.));
#8105=DIRECTION('',(-1.,0.,0.));
#8106=DIRECTION('',(0.,1.,0.));
#8107=DIRECTION('',(0.,0.,1.));
#8108=DIRECTION('',(1.,0.,0.));
#8109=DIRECTION('',(0.,-1.,0.));
#8110=DIRECTION('',(-1.,0.,0.));
#8111=DIRECTION('',(0.,1.,0.));
#8112=DIRECTION('',(0.,0.,1.));
#8113=DIRECTION('',(1.,0.,0.));
#8114=DIRECTION('',(0.,-1.,0.));
#8115=DIRECTION('',(-1.,0.,0.));
#8116=DIRECTION('',(0.,1.,0.));
#8117=DIRECTION('',(0.,0.,1.));
#8118=DIRECTION('',(1.,0.,0.));
#8119=DIRECTION('',(0.,-1.,0.));
#8120=DIRECTION('',(-1.,0.,0.));
#8121=DIRECTION('',(0.,1.,0.));
#8122=DIRECTION('',(0.,0.,1.));
#8123=DIRECTION('',(1.,0.,0.));
#8124=DIRECTION('',(0.,-1.,0.));
#8125=DIRECTION('',(-1.,0.,0.));
#8126=DIRECTION('',(0.,1.,0.));
#8127=DIRECTION('',(0.,0.,-1.));
#8128=DIRECTION('',(-1.,0.,0.));
#8129=DIRECTION('',(0.,-1.,0.));
#8130=DIRECTION('',(-1.,0.,0.));
#8131=DIRECTION('',(0.,-1.,0.));
#8132=DIRECTION('',(-1.,0.,0.));
#8133=DIRECTION('',(0.,0.,-1.));
#8134=DIRECTION('',(-1.,0.,0.));
#8135=DIRECTION('',(0.,1.,0.));
#8136=DIRECTION('',(-1.,0.,0.));
#8137=DIRECTION('',(0.,-1.,0.));
#8138=DIRECTION('',(-1.,0.,0.));
#8139=DIRECTION('',(0.,0.,-1.));
#8140=DIRECTION('',(-1.,0.,0.));
#8141=DIRECTION('',(0.,1.,0.));
#8142=DIRECTION('',(-1.,0.,0.));
#8143=DIRECTION('',(0.,-1.,0.));
#8144=DIRECTION('',(-1.,0.,0.));
#8145=DIRECTION('',(0.,0.,-1.));
#8146=DIRECTION('',(-1.,0.,0.));
#8147=DIRECTION('',(0.,1.,0.));
#8148=DIRECTION('',(-1.,0.,0.));
#8149=DIRECTION('',(0.,-1.,0.));
#8150=DIRECTION('',(-1.,0.,0.));
#8151=DIRECTION('',(0.,0.,-1.));
#8152=DIRECTION('',(-1.,0.,0.));
#8153=DIRECTION('',(0.,1.,0.));
#8154=DIRECTION('',(-1.,0.,0.));
#8155=DIRECTION('',(0.,-1.,0.));
#8156=DIRECTION('',(-1.,0.,0.));
#8157=DIRECTION('',(0.,0.,-1.));
#8158=DIRECTION('',(-1.,0.,0.));
#8159=DIRECTION('',(0.,1.,0.));
#8160=DIRECTION('',(-1.,0.,0.));
#8161=DIRECTION('',(0.,-1.,0.));
#8162=DIRECTION('',(-1.,0.,0.));
#8163=DIRECTION('',(-1.,0.,0.));
#8164=DIRECTION('',(0.,0.,1.));
#8165=DIRECTION('',(1.,0.,0.));
#8166=DIRECTION('',(0.,0.,-1.));
#8167=DIRECTION('',(-1.,0.,0.));
#8168=DIRECTION('',(0.,0.,1.));
#8169=DIRECTION('',(-1.,0.,0.));
#8170=DIRECTION('',(-1.,0.,0.));
#8171=DIRECTION('',(0.,0.,1.));
#8172=DIRECTION('',(-1.,0.,0.));
#8173=DIRECTION('',(0.,0.,1.));
#8174=DIRECTION('',(-1.,0.,0.));
#8175=DIRECTION('',(1.,0.,0.));
#8176=DIRECTION('',(0.,0.,-1.));
#8177=DIRECTION('',(-1.,0.,0.));
#8178=DIRECTION('',(0.,0.,1.));
#8179=DIRECTION('',(-1.,0.,0.));
#8180=DIRECTION('',(0.,0.,1.));
#8181=DIRECTION('',(-1.,0.,0.));
#8182=DIRECTION('',(1.,0.,0.));
#8183=DIRECTION('',(0.,0.,-1.));
#8184=DIRECTION('',(-1.,0.,0.));
#8185=DIRECTION('',(0.,0.,1.));
#8186=DIRECTION('',(-1.,0.,0.));
#8187=DIRECTION('',(0.,0.,1.));
#8188=DIRECTION('',(-1.,0.,0.));
#8189=DIRECTION('',(1.,0.,0.));
#8190=DIRECTION('',(0.,0.,-1.));
#8191=DIRECTION('',(-1.,0.,0.));
#8192=DIRECTION('',(0.,0.,1.));
#8193=DIRECTION('',(-1.,0.,0.));
#8194=DIRECTION('',(0.,0.,1.));
#8195=DIRECTION('',(-1.,0.,0.));
#8196=DIRECTION('',(1.,0.,0.));
#8197=DIRECTION('',(0.,0.,-1.));
#8198=DIRECTION('',(-1.,0.,0.));
#8199=DIRECTION('',(0.,0.,1.));
#8200=DIRECTION('',(-1.,0.,0.));
#8201=DIRECTION('',(0.,0.,1.));
#8202=DIRECTION('',(-1.,0.,0.));
#8203=DIRECTION('',(1.,0.,0.));
#8204=DIRECTION('',(0.,0.,-1.));
#8205=DIRECTION('',(0.,-1.,0.));
#8206=DIRECTION('',(0.,0.,-1.));
#8207=DIRECTION('',(0.,0.,1.));
#8208=DIRECTION('',(0.,0.,1.));
#8209=DIRECTION('',(-1.,0.,0.));
#8210=DIRECTION('',(0.,-1.,0.));
#8211=DIRECTION('',(0.,0.,-1.));
#8212=DIRECTION('',(0.,0.,-1.));
#8213=DIRECTION('',(-1.,0.,0.));
#8214=DIRECTION('',(0.,0.,1.));
#8215=DIRECTION('',(0.,-1.,0.));
#8216=DIRECTION('',(0.,0.,-1.));
#8217=DIRECTION('',(0.,0.,-1.));
#8218=DIRECTION('',(-1.,0.,0.));
#8219=DIRECTION('',(0.,0.,1.));
#8220=DIRECTION('',(0.,-1.,0.));
#8221=DIRECTION('',(0.,0.,-1.));
#8222=DIRECTION('',(0.,0.,-1.));
#8223=DIRECTION('',(-1.,0.,0.));
#8224=DIRECTION('',(0.,0.,1.));
#8225=DIRECTION('',(0.,-1.,0.));
#8226=DIRECTION('',(0.,0.,-1.));
#8227=DIRECTION('',(0.,0.,-1.));
#8228=DIRECTION('',(-1.,0.,0.));
#8229=DIRECTION('',(0.,0.,1.));
#8230=DIRECTION('',(0.,-1.,0.));
#8231=DIRECTION('',(0.,0.,-1.));
#8232=DIRECTION('',(0.,0.,-1.));
#8233=DIRECTION('',(-1.,0.,0.));
#8234=DIRECTION('',(0.,0.,1.));
#8235=DIRECTION('',(0.,0.,1.));
#8236=DIRECTION('',(1.,0.,0.));
#8237=DIRECTION('',(0.,1.,0.));
#8238=DIRECTION('',(0.,1.,0.));
#8239=DIRECTION('',(-1.,0.,0.));
#8240=DIRECTION('',(0.,0.,1.));
#8241=DIRECTION('',(1.,0.,0.));
#8242=DIRECTION('',(0.,-1.,0.));
#8243=DIRECTION('',(-1.,0.,0.));
#8244=DIRECTION('',(0.,1.,0.));
#8245=DIRECTION('',(0.,0.,1.));
#8246=DIRECTION('',(1.,0.,0.));
#8247=DIRECTION('',(0.,-1.,0.));
#8248=DIRECTION('',(-1.,0.,0.));
#8249=DIRECTION('',(0.,1.,0.));
#8250=DIRECTION('',(0.,0.,1.));
#8251=DIRECTION('',(1.,0.,0.));
#8252=DIRECTION('',(0.,-1.,0.));
#8253=DIRECTION('',(-1.,0.,0.));
#8254=DIRECTION('',(0.,1.,0.));
#8255=DIRECTION('',(0.,0.,1.));
#8256=DIRECTION('',(1.,0.,0.));
#8257=DIRECTION('',(0.,-1.,0.));
#8258=DIRECTION('',(-1.,0.,0.));
#8259=DIRECTION('',(0.,1.,0.));
#8260=DIRECTION('',(0.,0.,1.));
#8261=DIRECTION('',(1.,0.,0.));
#8262=DIRECTION('',(0.,-1.,0.));
#8263=DIRECTION('',(-1.,0.,0.));
#8264=DIRECTION('',(0.,1.,0.));
#8265=DIRECTION('',(0.,1.,0.));
#8266=DIRECTION('',(0.,0.,1.));
#8267=DIRECTION('',(0.,0.,-1.));
#8268=DIRECTION('',(0.,0.,-1.));
#8269=DIRECTION('',(-1.,0.,0.));
#8270=DIRECTION('',(0.,1.,0.));
#8271=DIRECTION('',(0.,0.,1.));
#8272=DIRECTION('',(0.,0.,1.));
#8273=DIRECTION('',(-1.,0.,0.));
#8274=DIRECTION('',(0.,0.,-1.));
#8275=DIRECTION('',(0.,1.,0.));
#8276=DIRECTION('',(0.,0.,1.));
#8277=DIRECTION('',(0.,0.,1.));
#8278=DIRECTION('',(-1.,0.,0.));
#8279=DIRECTION('',(0.,0.,-1.));
#8280=DIRECTION('',(0.,1.,0.));
#8281=DIRECTION('',(0.,0.,1.));
#8282=DIRECTION('',(0.,0.,1.));
#8283=DIRECTION('',(-1.,0.,0.));
#8284=DIRECTION('',(0.,0.,-1.));
#8285=DIRECTION('',(0.,1.,0.));
#8286=DIRECTION('',(0.,0.,1.));
#8287=DIRECTION('',(0.,0.,1.));
#8288=DIRECTION('',(-1.,0.,0.));
#8289=DIRECTION('',(0.,0.,-1.));
#8290=DIRECTION('',(0.,1.,0.));
#8291=DIRECTION('',(0.,0.,1.));
#8292=DIRECTION('',(0.,0.,1.));
#8293=DIRECTION('',(-1.,0.,0.));
#8294=DIRECTION('',(0.,0.,-1.));
#8295=DIRECTION('',(0.,1.,0.));
#8296=DIRECTION('',(0.,0.,1.));
#8297=DIRECTION('',(0.,0.,1.));
#8298=DIRECTION('',(-1.,0.,0.));
#8299=DIRECTION('',(0.,0.,-1.));
#8300=DIRECTION('',(-1.,0.,0.));
#8301=DIRECTION('',(0.,0.,-1.));
#8302=DIRECTION('',(-1.,0.,0.));
#8303=DIRECTION('',(0.,1.,0.));
#8304=DIRECTION('',(-1.,0.,0.));
#8305=DIRECTION('',(0.,-1.,0.));
#8306=DIRECTION('',(0.,-1.,0.));
#8307=DIRECTION('',(0.,0.,-1.));
#8308=DIRECTION('',(0.,0.,-1.));
#8309=DIRECTION('',(-1.,0.,0.));
#8310=DIRECTION('',(0.,0.,1.));
#8311=DIRECTION('',(-1.,0.,0.));
#8312=DIRECTION('',(0.,0.,1.));
#8313=DIRECTION('',(-1.,0.,0.));
#8314=DIRECTION('',(0.,0.,1.));
#8315=DIRECTION('',(-1.,0.,0.));
#8316=DIRECTION('',(-1.,0.,0.));
#8317=DIRECTION('',(0.,0.,1.));
#8318=DIRECTION('',(0.,0.,1.));
#8319=DIRECTION('',(1.,0.,0.));
#8320=DIRECTION('',(0.,-1.,0.));
#8321=DIRECTION('',(-1.,0.,0.));
#8322=DIRECTION('',(0.,1.,0.));
#8323=DIRECTION('',(0.,-1.,0.));
#8324=DIRECTION('',(0.,0.,-1.));
#8325=DIRECTION('',(0.,0.,-1.));
#8326=DIRECTION('',(1.,-2.51088970005907E-16,-2.61306017627853E-16));
#8327=DIRECTION('',(0.,0.,-1.));
#8328=DIRECTION('',(0.,0.,-1.));
#8329=DIRECTION('',(1.,-2.51088970005906E-16,-2.61306017627853E-16));
#8330=DIRECTION('',(0.,0.,-1.));
#8331=DIRECTION('',(0.,0.,-1.));
#8332=DIRECTION('',(1.,-2.51088970005906E-16,-2.61306017627853E-16));
#8333=DIRECTION('',(0.,0.,-1.));
#8334=DIRECTION('',(0.,0.,-1.));
#8335=DIRECTION('',(1.,-2.51088970005907E-16,-2.61306017627853E-16));
#8336=DIRECTION('',(0.,0.,-1.));
#8337=DIRECTION('',(0.,0.,-1.));
#8338=DIRECTION('',(1.,-2.51088970005907E-16,-2.61306017627853E-16));
#8339=DIRECTION('',(0.,0.,-1.));
#8340=DIRECTION('',(0.,0.,-1.));
#8341=DIRECTION('',(1.,-2.51088970005907E-16,-2.61306017627853E-16));
#8342=DIRECTION('',(0.,0.,-1.));
#8343=DIRECTION('',(0.,0.,1.));
#8344=DIRECTION('',(0.,0.,-1.));
#8345=DIRECTION('',(-1.,2.51088970005907E-16,-2.61306017627853E-16));
#8346=DIRECTION('',(0.,0.,-1.));
#8347=DIRECTION('',(0.,0.,-1.));
#8348=DIRECTION('',(-1.,2.51088970005907E-16,-2.61306017627853E-16));
#8349=DIRECTION('',(0.,0.,-1.));
#8350=DIRECTION('',(0.,0.,-1.));
#8351=DIRECTION('',(-1.,2.51088970005907E-16,-2.61306017627853E-16));
#8352=DIRECTION('',(0.,0.,-1.));
#8353=DIRECTION('',(0.,0.,-1.));
#8354=DIRECTION('',(-1.,2.51088970005906E-16,-2.61306017627853E-16));
#8355=DIRECTION('',(0.,0.,-1.));
#8356=DIRECTION('',(0.,0.,-1.));
#8357=DIRECTION('',(-1.,2.51088970005906E-16,-2.61306017627853E-16));
#8358=DIRECTION('',(0.,0.,-1.));
#8359=DIRECTION('',(0.,0.,-1.));
#8360=DIRECTION('',(-1.,2.51088970005907E-16,-2.61306017627853E-16));
#8361=DIRECTION('',(0.,0.,-1.));
#8362=DIRECTION('',(-1.,0.,0.));
#8363=DIRECTION('',(0.,0.,1.));
#8364=DIRECTION('',(0.,0.,-1.));
#8365=DIRECTION('',(-1.,0.,0.));
#8366=DIRECTION('',(0.,1.,0.));
#8367=DIRECTION('',(-1.,0.,0.));
#8368=DIRECTION('',(0.,-1.,0.));
#8369=DIRECTION('',(-1.,0.,0.));
#8370=DIRECTION('',(0.,0.,1.));
#8371=DIRECTION('',(-1.,0.,0.));
#8372=DIRECTION('',(0.,0.,1.));
#8373=DIRECTION('',(-1.,0.,0.));
#8374=DIRECTION('',(-1.,0.,0.));
#8375=DIRECTION('',(0.,0.,1.));
#8376=DIRECTION('',(0.,-1.,0.));
#8377=DIRECTION('',(0.,0.,-1.));
#8378=DIRECTION('',(0.,0.,-1.));
#8379=DIRECTION('',(-1.,0.,0.));
#8380=DIRECTION('',(0.,0.,1.));
#8381=DIRECTION('',(0.,0.,1.));
#8382=DIRECTION('',(1.,0.,0.));
#8383=DIRECTION('',(0.,-1.,0.));
#8384=DIRECTION('',(-1.,0.,0.));
#8385=DIRECTION('',(0.,1.,0.));
#8386=DIRECTION('',(0.,1.,0.));
#8387=DIRECTION('',(0.,0.,1.));
#8388=DIRECTION('',(0.,0.,1.));
#8389=DIRECTION('',(-1.,0.,0.));
#8390=DIRECTION('',(0.,0.,-1.));
#8391=DIRECTION('',(0.,0.721063009431587,0.692869494514993));
#8392=DIRECTION('',(0.,-0.692869494514993,0.721063009431587));
#8393=DIRECTION('',(0.,0.692869494514993,-0.721063009431587));
#8394=DIRECTION('',(0.,0.692869494514993,-0.721063009431587));
#8395=DIRECTION('',(-1.,0.,0.));
#8396=DIRECTION('',(0.,0.692869494514993,-0.721063009431587));
#8397=DIRECTION('',(0.,-0.692869494514993,0.721063009431587));
#8398=DIRECTION('',(0.,0.692869494514993,-0.721063009431587));
#8399=DIRECTION('',(0.,-0.692869494514993,0.721063009431587));
#8400=DIRECTION('',(0.,0.692869494514993,-0.721063009431587));
#8401=DIRECTION('',(0.,-0.692869494514993,0.721063009431587));
#8402=DIRECTION('',(0.,0.692869494514993,-0.721063009431587));
#8403=DIRECTION('',(0.,-0.692869494514993,0.721063009431587));
#8404=DIRECTION('',(0.,0.692869494514993,-0.721063009431587));
#8405=DIRECTION('',(0.,-0.692869494514993,0.721063009431587));
#8406=DIRECTION('',(0.,0.692869494514993,-0.721063009431587));
#8407=DIRECTION('',(0.,-0.692869494514993,0.721063009431587));
#8408=DIRECTION('',(0.,0.721063009431587,-0.692869494514993));
#8409=DIRECTION('',(0.,0.692869494514993,0.721063009431587));
#8410=DIRECTION('',(0.,-0.692869494514993,-0.721063009431587));
#8411=DIRECTION('',(0.,0.692869494514993,0.721063009431587));
#8412=DIRECTION('',(0.,-0.692869494514993,-0.721063009431587));
#8413=DIRECTION('',(0.,0.692869494514993,0.721063009431587));
#8414=DIRECTION('',(0.,-0.692869494514993,-0.721063009431587));
#8415=DIRECTION('',(0.,0.692869494514993,0.721063009431587));
#8416=DIRECTION('',(0.,-0.692869494514993,-0.721063009431587));
#8417=DIRECTION('',(0.,0.692869494514993,0.721063009431587));
#8418=DIRECTION('',(0.,-0.692869494514993,-0.721063009431587));
#8419=DIRECTION('',(0.,0.692869494514993,0.721063009431587));
#8420=DIRECTION('',(0.,-0.692869494514993,-0.721063009431587));
#8421=DIRECTION('',(0.,0.692869494514993,0.721063009431587));
#8422=DIRECTION('',(0.,-0.692869494514993,-0.721063009431587));
#8423=DIRECTION('',(0.,-0.692869494514993,-0.721063009431587));
#8424=DIRECTION('',(-1.,0.,0.));
#8425=DIRECTION('',(0.,0.,1.));
#8426=DIRECTION('',(-1.,0.,0.));
#8427=DIRECTION('',(0.,0.,1.));
#8428=DIRECTION('',(-1.,0.,0.));
#8429=DIRECTION('',(0.,0.,1.));
#8430=DIRECTION('',(1.,0.,0.));
#8431=DIRECTION('',(0.,0.,-1.));
#8432=DIRECTION('',(-1.,0.,0.));
#8433=DIRECTION('',(0.,0.,1.));
#8434=DIRECTION('',(1.,0.,0.));
#8435=DIRECTION('',(0.,0.,-1.));
#8436=DIRECTION('',(-1.,0.,0.));
#8437=DIRECTION('',(0.,0.,1.));
#8438=DIRECTION('',(1.,0.,0.));
#8439=DIRECTION('',(0.,0.,-1.));
#8440=DIRECTION('',(-1.,0.,0.));
#8441=DIRECTION('',(0.,0.,1.));
#8442=DIRECTION('',(1.,0.,0.));
#8443=DIRECTION('',(0.,0.,-1.));
#8444=DIRECTION('',(-1.,0.,0.));
#8445=DIRECTION('',(0.,0.,1.));
#8446=DIRECTION('',(1.,0.,0.));
#8447=DIRECTION('',(0.,0.,-1.));
#8448=DIRECTION('',(-1.,0.,0.));
#8449=DIRECTION('',(0.,0.,1.));
#8450=DIRECTION('',(1.,0.,0.));
#8451=DIRECTION('',(0.,0.,-1.));
#8452=DIRECTION('',(-1.,0.,0.));
#8453=DIRECTION('',(0.,0.,1.));
#8454=DIRECTION('',(1.,0.,0.));
#8455=DIRECTION('',(0.,0.,-1.));
#8456=DIRECTION('',(-1.,0.,0.));
#8457=DIRECTION('',(0.,0.,1.));
#8458=DIRECTION('',(1.,0.,0.));
#8459=DIRECTION('',(0.,0.,-1.));
#8460=DIRECTION('',(-1.,0.,0.));
#8461=DIRECTION('',(0.,0.,1.));
#8462=DIRECTION('',(1.,0.,0.));
#8463=DIRECTION('',(0.,0.,-1.));
#8464=DIRECTION('',(-1.,0.,0.));
#8465=DIRECTION('',(0.,0.,1.));
#8466=DIRECTION('',(1.,0.,0.));
#8467=DIRECTION('',(0.,0.,-1.));
#8468=DIRECTION('',(-1.,0.,0.));
#8469=DIRECTION('',(0.,0.,1.));
#8470=DIRECTION('',(1.,0.,0.));
#8471=DIRECTION('',(0.,0.,-1.));
#8472=DIRECTION('',(1.,0.,0.));
#8473=DIRECTION('',(0.,0.,-1.));
#8474=DIRECTION('',(-1.,0.,0.));
#8475=DIRECTION('',(0.,0.,1.));
#8476=DIRECTION('',(0.,0.,1.));
#8477=DIRECTION('',(1.,0.,0.));
#8478=CARTESIAN_POINT('',(0.,0.,0.));
#8479=CARTESIAN_POINT('',(0.099999999999999,0.005,0.1));
#8480=CARTESIAN_POINT('',(-0.0425,0.005,0.1));
#8481=CARTESIAN_POINT('',(-0.0425,0.099,0.1));
#8482=CARTESIAN_POINT('',(-0.0425,0.205,0.1));
#8483=CARTESIAN_POINT('',(0.0659999999999998,-0.0119999999999996,0.1));
#8484=CARTESIAN_POINT('',(-0.0525,0.225,0.1));
#8485=CARTESIAN_POINT('',(0.099999999999999,0.225,0.1));
#8486=CARTESIAN_POINT('',(-0.1,0.225,0.1));
#8487=CARTESIAN_POINT('',(-0.1,0.005,0.1));
#8488=CARTESIAN_POINT('',(-0.1,0.,0.1));
#8489=CARTESIAN_POINT('',(0.099999999999999,0.,0.1));
#8490=CARTESIAN_POINT('',(0.099999999999999,0.,0.1));
#8491=CARTESIAN_POINT('',(0.099999999999999,0.005,0.1));
#8492=CARTESIAN_POINT('',(0.099999999999999,0.225,0.1));
#8493=CARTESIAN_POINT('',(0.099999999999999,0.225,0.1));
#8494=CARTESIAN_POINT('',(0.0525,0.225,0.1));
#8495=CARTESIAN_POINT('',(-0.0260000000000002,0.0679999999999996,0.1));
#8496=CARTESIAN_POINT('',(0.0425,0.205,0.1));
#8497=CARTESIAN_POINT('',(0.0425,0.005,0.1));
#8498=CARTESIAN_POINT('',(0.0425,0.099,0.1));
#8499=CARTESIAN_POINT('',(0.099999999999999,0.099,0.1));
#8500=CARTESIAN_POINT('',(-0.1,0.225,0.0675));
#8501=CARTESIAN_POINT('',(-0.1,0.225,0.0675));
#8502=CARTESIAN_POINT('',(-0.1,0.225,0.0675));
#8503=CARTESIAN_POINT('',(-0.0525,0.225,0.0675));
#8504=CARTESIAN_POINT('',(-0.0525,0.225,0.0675));
#8505=CARTESIAN_POINT('',(-0.0425,0.205,0.0675));
#8506=CARTESIAN_POINT('',(-0.0425,0.205,0.0675));
#8507=CARTESIAN_POINT('',(-0.0425,0.099,0.0675));
#8508=CARTESIAN_POINT('',(0.,0.099,0.0675));
#8509=CARTESIAN_POINT('',(-0.1,0.099,0.0675));
#8510=CARTESIAN_POINT('',(-0.1,0.225,0.0675));
#8511=CARTESIAN_POINT('',(-0.1,0.225,0.0675));
#8512=CARTESIAN_POINT('',(0.,0.099,0.0675));
#8513=CARTESIAN_POINT('',(0.1,0.099,0.0675));
#8514=CARTESIAN_POINT('',(0.0425,0.099,0.0675));
#8515=CARTESIAN_POINT('',(0.0425,0.099,0.0675));
#8516=CARTESIAN_POINT('',(0.0425,0.205,0.0675));
#8517=CARTESIAN_POINT('',(0.0425,0.205,0.0675));
#8518=CARTESIAN_POINT('',(0.0525,0.225,0.0675));
#8519=CARTESIAN_POINT('',(-0.1,0.225,0.0675));
#8520=CARTESIAN_POINT('',(0.1,0.225,0.0675));
#8521=CARTESIAN_POINT('',(0.1,0.225,0.0675));
#8522=CARTESIAN_POINT('',(0.,0.225,0.));
#8523=CARTESIAN_POINT('',(-0.0525,0.225,0.));
#8524=CARTESIAN_POINT('',(-0.1,0.225,0.1));
#8525=CARTESIAN_POINT('',(0.,0.225,0.));
#8526=CARTESIAN_POINT('',(0.0525,0.225,0.));
#8527=CARTESIAN_POINT('',(0.1,0.225,0.0675));
#8528=CARTESIAN_POINT('',(-0.175,0.099,0.0675));
#8529=CARTESIAN_POINT('',(-0.1,0.099,0.0675));
#8530=CARTESIAN_POINT('',(-0.1,0.,0.0675));
#8531=CARTESIAN_POINT('',(-0.1,0.0245,0.0675));
#8532=CARTESIAN_POINT('',(0.175,0.0245,0.067500000000002));
#8533=CARTESIAN_POINT('',(-0.175,0.0245,0.067500000000002));
#8534=CARTESIAN_POINT('',(-0.175,0.099,0.0675));
#8535=CARTESIAN_POINT('',(-0.175,0.,0.0675));
#8536=CARTESIAN_POINT('',(-0.175,0.,0.0675));
#8537=CARTESIAN_POINT('',(-0.175,0.099,0.0675));
#8538=CARTESIAN_POINT('',(0.175,0.0745,0.067500000000002));
#8539=CARTESIAN_POINT('',(-0.1,0.0745,0.067500000000002));
#8540=CARTESIAN_POINT('',(-0.175,0.0745,0.067500000000002));
#8541=CARTESIAN_POINT('',(-0.1,0.225,0.0675));
#8542=CARTESIAN_POINT('',(-0.175,0.099,0.0675));
#8543=CARTESIAN_POINT('',(-0.175,0.099,0.0675));
#8544=CARTESIAN_POINT('',(-0.175,0.099,0.0675));
#8545=CARTESIAN_POINT('',(0.175,0.099,-0.0675));
#8546=CARTESIAN_POINT('',(0.175,0.0245,-0.067500000000002));
#8547=CARTESIAN_POINT('',(-0.1,0.0245,-0.0675));
#8548=CARTESIAN_POINT('',(-0.175,0.0245,-0.067500000000002));
#8549=CARTESIAN_POINT('',(-0.1,0.099,-0.0675));
#8550=CARTESIAN_POINT('',(-0.1,0.,-0.0675));
#8551=CARTESIAN_POINT('',(0.175,0.,-0.0675));
#8552=CARTESIAN_POINT('',(-0.175,0.,-0.0675));
#8553=CARTESIAN_POINT('',(-0.175,0.099,-0.0675));
#8554=CARTESIAN_POINT('',(0.175,0.099,-0.0675));
#8555=CARTESIAN_POINT('',(0.175,0.099,-0.0675));
#8556=CARTESIAN_POINT('',(-0.1,0.099,-0.0675));
#8557=CARTESIAN_POINT('',(-0.175,0.099,-0.0675));
#8558=CARTESIAN_POINT('',(-0.1,0.225,-0.0675));
#8559=CARTESIAN_POINT('',(-0.1,0.0745,-0.0675));
#8560=CARTESIAN_POINT('',(0.175,0.0745,-0.067500000000002));
#8561=CARTESIAN_POINT('',(-0.175,0.0745,-0.0675));
#8562=CARTESIAN_POINT('',(-0.175,0.099,-0.0675));
#8563=CARTESIAN_POINT('',(0.092,0.099,-0.0325));
#8564=CARTESIAN_POINT('',(0.092,0.099,-0.0165));
#8565=CARTESIAN_POINT('',(0.092,0.099,-0.0165));
#8566=CARTESIAN_POINT('',(0.092,0.005,-0.0165));
#8567=CARTESIAN_POINT('',(0.092,0.005,-0.0325));
#8568=CARTESIAN_POINT('',(0.092,0.005,-0.0325));
#8569=CARTESIAN_POINT('',(0.092,0.099,-0.0325));
#8570=CARTESIAN_POINT('',(0.092,0.099,-0.0325));
#8571=CARTESIAN_POINT('',(0.092,0.099,-0.0325));
#8572=CARTESIAN_POINT('',(0.092,0.099,0.0175));
#8573=CARTESIAN_POINT('',(0.092,0.099,0.0335));
#8574=CARTESIAN_POINT('',(0.092,0.099,0.0335));
#8575=CARTESIAN_POINT('',(0.092,0.005,0.0335));
#8576=CARTESIAN_POINT('',(0.092,0.005,0.0175));
#8577=CARTESIAN_POINT('',(0.092,0.005,0.0175));
#8578=CARTESIAN_POINT('',(0.092,0.099,0.0175));
#8579=CARTESIAN_POINT('',(0.092,0.099,0.0175));
#8580=CARTESIAN_POINT('',(0.092,0.099,0.0175));
#8581=CARTESIAN_POINT('',(0.042,0.099,-0.0325));
#8582=CARTESIAN_POINT('',(0.042,0.099,-0.0165));
#8583=CARTESIAN_POINT('',(0.042,0.099,-0.0165));
#8584=CARTESIAN_POINT('',(0.042,0.005,-0.0165));
#8585=CARTESIAN_POINT('',(0.042,0.005,-0.0325));
#8586=CARTESIAN_POINT('',(0.042,0.005,-0.0325));
#8587=CARTESIAN_POINT('',(0.042,0.099,-0.0325));
#8588=CARTESIAN_POINT('',(0.042,0.099,-0.0325));
#8589=CARTESIAN_POINT('',(0.042,0.099,-0.0325));
#8590=CARTESIAN_POINT('',(0.0580000000000001,0.099,-0.0325));
#8591=CARTESIAN_POINT('',(0.0580000000000001,0.005,-0.0325));
#8592=CARTESIAN_POINT('',(0.0580000000000001,0.005,-0.0325));
#8593=CARTESIAN_POINT('',(0.0580000000000001,0.099,-0.0325));
#8594=CARTESIAN_POINT('',(0.0580000000000001,0.099,-0.0325));
#8595=CARTESIAN_POINT('',(0.0580000000000001,0.099,-0.0325));
#8596=CARTESIAN_POINT('',(0.0580000000000001,0.099,-0.0165));
#8597=CARTESIAN_POINT('',(0.0580000000000001,0.005,-0.0165));
#8598=CARTESIAN_POINT('',(0.0580000000000001,0.005,-0.0165));
#8599=CARTESIAN_POINT('',(0.0580000000000001,0.099,-0.0165));
#8600=CARTESIAN_POINT('',(0.0580000000000001,0.099,-0.0165));
#8601=CARTESIAN_POINT('',(0.0580000000000001,0.099,-0.0165));
#8602=CARTESIAN_POINT('',(0.042,0.099,0.0175));
#8603=CARTESIAN_POINT('',(0.042,0.099,0.0335));
#8604=CARTESIAN_POINT('',(0.042,0.099,0.0335));
#8605=CARTESIAN_POINT('',(0.042,0.005,0.0335));
#8606=CARTESIAN_POINT('',(0.042,0.005,0.0175));
#8607=CARTESIAN_POINT('',(0.042,0.005,0.0175));
#8608=CARTESIAN_POINT('',(0.042,0.099,0.0175));
#8609=CARTESIAN_POINT('',(0.042,0.099,0.0175));
#8610=CARTESIAN_POINT('',(0.042,0.099,0.0175));
#8611=CARTESIAN_POINT('',(0.0580000000000001,0.099,0.0175));
#8612=CARTESIAN_POINT('',(0.0580000000000001,0.005,0.0175));
#8613=CARTESIAN_POINT('',(0.0580000000000001,0.005,0.0175));
#8614=CARTESIAN_POINT('',(0.0580000000000001,0.099,0.0175));
#8615=CARTESIAN_POINT('',(0.0580000000000001,0.099,0.0175));
#8616=CARTESIAN_POINT('',(0.0580000000000001,0.099,0.0175));
#8617=CARTESIAN_POINT('',(0.0580000000000001,0.099,0.0335));
#8618=CARTESIAN_POINT('',(0.0580000000000001,0.005,0.0335));
#8619=CARTESIAN_POINT('',(0.0580000000000001,0.005,0.0335));
#8620=CARTESIAN_POINT('',(0.0580000000000001,0.099,0.0335));
#8621=CARTESIAN_POINT('',(0.0580000000000001,0.099,0.0335));
#8622=CARTESIAN_POINT('',(0.0580000000000001,0.099,0.0335));
#8623=CARTESIAN_POINT('',(-0.00799999999999995,0.099,-0.0325));
#8624=CARTESIAN_POINT('',(-0.00799999999999995,0.099,-0.0165));
#8625=CARTESIAN_POINT('',(-0.00799999999999995,0.099,-0.0165));
#8626=CARTESIAN_POINT('',(-0.00799999999999995,0.005,-0.0165));
#8627=CARTESIAN_POINT('',(-0.00799999999999995,0.005,-0.0325));
#8628=CARTESIAN_POINT('',(-0.00799999999999995,0.005,-0.0325));
#8629=CARTESIAN_POINT('',(-0.00799999999999995,0.099,-0.0325));
#8630=CARTESIAN_POINT('',(-0.00799999999999995,0.099,-0.0325));
#8631=CARTESIAN_POINT('',(-0.00799999999999995,0.099,-0.0325));
#8632=CARTESIAN_POINT('',(0.00800000000000006,0.099,-0.0325));
#8633=CARTESIAN_POINT('',(0.00800000000000006,0.005,-0.0325));
#8634=CARTESIAN_POINT('',(0.00800000000000006,0.005,-0.0325));
#8635=CARTESIAN_POINT('',(0.00800000000000006,0.099,-0.0325));
#8636=CARTESIAN_POINT('',(0.00800000000000006,0.099,-0.0325));
#8637=CARTESIAN_POINT('',(0.00800000000000006,0.099,-0.0325));
#8638=CARTESIAN_POINT('',(0.00800000000000006,0.099,-0.0165));
#8639=CARTESIAN_POINT('',(0.00800000000000006,0.005,-0.0165));
#8640=CARTESIAN_POINT('',(0.00800000000000006,0.005,-0.0165));
#8641=CARTESIAN_POINT('',(0.00800000000000006,0.099,-0.0165));
#8642=CARTESIAN_POINT('',(0.00800000000000006,0.099,-0.0165));
#8643=CARTESIAN_POINT('',(0.00800000000000006,0.099,-0.0165));
#8644=CARTESIAN_POINT('',(-0.00799999999999995,0.099,0.0175));
#8645=CARTESIAN_POINT('',(-0.00799999999999995,0.099,0.0335));
#8646=CARTESIAN_POINT('',(-0.00799999999999995,0.099,0.0335));
#8647=CARTESIAN_POINT('',(-0.00799999999999995,0.005,0.0335));
#8648=CARTESIAN_POINT('',(-0.00799999999999995,0.005,0.0175));
#8649=CARTESIAN_POINT('',(-0.00799999999999995,0.005,0.0175));
#8650=CARTESIAN_POINT('',(-0.00799999999999995,0.099,0.0175));
#8651=CARTESIAN_POINT('',(-0.00799999999999995,0.099,0.0175));
#8652=CARTESIAN_POINT('',(-0.00799999999999995,0.099,0.0175));
#8653=CARTESIAN_POINT('',(0.00800000000000006,0.099,0.0175));
#8654=CARTESIAN_POINT('',(0.00800000000000006,0.005,0.0175));
#8655=CARTESIAN_POINT('',(0.00800000000000006,0.005,0.0175));
#8656=CARTESIAN_POINT('',(0.00800000000000006,0.099,0.0175));
#8657=CARTESIAN_POINT('',(0.00800000000000006,0.099,0.0175));
#8658=CARTESIAN_POINT('',(0.00800000000000006,0.099,0.0175));
#8659=CARTESIAN_POINT('',(0.00800000000000006,0.099,0.0335));
#8660=CARTESIAN_POINT('',(0.00800000000000006,0.005,0.0335));
#8661=CARTESIAN_POINT('',(0.00800000000000006,0.005,0.0335));
#8662=CARTESIAN_POINT('',(0.00800000000000006,0.099,0.0335));
#8663=CARTESIAN_POINT('',(0.00800000000000006,0.099,0.0335));
#8664=CARTESIAN_POINT('',(0.00800000000000006,0.099,0.0335));
#8665=CARTESIAN_POINT('',(-0.058,0.099,-0.0325));
#8666=CARTESIAN_POINT('',(-0.058,0.099,-0.0165));
#8667=CARTESIAN_POINT('',(-0.058,0.099,-0.0165));
#8668=CARTESIAN_POINT('',(-0.058,0.005,-0.0165));
#8669=CARTESIAN_POINT('',(-0.058,0.005,-0.0325));
#8670=CARTESIAN_POINT('',(-0.058,0.005,-0.0325));
#8671=CARTESIAN_POINT('',(-0.058,0.099,-0.0325));
#8672=CARTESIAN_POINT('',(-0.058,0.099,-0.0325));
#8673=CARTESIAN_POINT('',(-0.058,0.099,-0.0325));
#8674=CARTESIAN_POINT('',(-0.042,0.099,-0.0325));
#8675=CARTESIAN_POINT('',(-0.042,0.005,-0.0325));
#8676=CARTESIAN_POINT('',(-0.042,0.005,-0.0325));
#8677=CARTESIAN_POINT('',(-0.042,0.099,-0.0325));
#8678=CARTESIAN_POINT('',(-0.042,0.099,-0.0325));
#8679=CARTESIAN_POINT('',(-0.042,0.099,-0.0325));
#8680=CARTESIAN_POINT('',(-0.042,0.099,-0.0165));
#8681=CARTESIAN_POINT('',(-0.042,0.005,-0.0165));
#8682=CARTESIAN_POINT('',(-0.042,0.005,-0.0165));
#8683=CARTESIAN_POINT('',(-0.042,0.099,-0.0165));
#8684=CARTESIAN_POINT('',(-0.042,0.099,-0.0165));
#8685=CARTESIAN_POINT('',(-0.042,0.099,-0.0165));
#8686=CARTESIAN_POINT('',(-0.058,0.099,0.0175));
#8687=CARTESIAN_POINT('',(-0.058,0.099,0.0335));
#8688=CARTESIAN_POINT('',(-0.058,0.099,0.0335));
#8689=CARTESIAN_POINT('',(-0.058,0.005,0.0335));
#8690=CARTESIAN_POINT('',(-0.058,0.005,0.0175));
#8691=CARTESIAN_POINT('',(-0.058,0.005,0.0175));
#8692=CARTESIAN_POINT('',(-0.058,0.099,0.0175));
#8693=CARTESIAN_POINT('',(-0.058,0.099,0.0175));
#8694=CARTESIAN_POINT('',(-0.058,0.099,0.0175));
#8695=CARTESIAN_POINT('',(-0.042,0.099,0.0175));
#8696=CARTESIAN_POINT('',(-0.042,0.005,0.0175));
#8697=CARTESIAN_POINT('',(-0.042,0.005,0.0175));
#8698=CARTESIAN_POINT('',(-0.042,0.099,0.0175));
#8699=CARTESIAN_POINT('',(-0.042,0.099,0.0175));
#8700=CARTESIAN_POINT('',(-0.042,0.099,0.0175));
#8701=CARTESIAN_POINT('',(-0.042,0.099,0.0335));
#8702=CARTESIAN_POINT('',(-0.042,0.005,0.0335));
#8703=CARTESIAN_POINT('',(-0.042,0.005,0.0335));
#8704=CARTESIAN_POINT('',(-0.042,0.099,0.0335));
#8705=CARTESIAN_POINT('',(-0.042,0.099,0.0335));
#8706=CARTESIAN_POINT('',(-0.042,0.099,0.0335));
#8707=CARTESIAN_POINT('',(-0.092,0.099,-0.0165));
#8708=CARTESIAN_POINT('',(-0.092,0.099,-0.0325));
#8709=CARTESIAN_POINT('',(-0.092,0.099,-0.0325));
#8710=CARTESIAN_POINT('',(-0.092,0.005,-0.0325));
#8711=CARTESIAN_POINT('',(-0.092,0.005,-0.0165));
#8712=CARTESIAN_POINT('',(-0.092,0.005,-0.0165));
#8713=CARTESIAN_POINT('',(-0.092,0.099,-0.0165));
#8714=CARTESIAN_POINT('',(-0.092,0.099,-0.0165));
#8715=CARTESIAN_POINT('',(-0.092,0.099,-0.0165));
#8716=CARTESIAN_POINT('',(-0.092,0.099,0.0335));
#8717=CARTESIAN_POINT('',(-0.092,0.099,0.0175));
#8718=CARTESIAN_POINT('',(-0.092,0.099,0.0175));
#8719=CARTESIAN_POINT('',(-0.092,0.005,0.0175));
#8720=CARTESIAN_POINT('',(-0.092,0.005,0.0335));
#8721=CARTESIAN_POINT('',(-0.092,0.005,0.0335));
#8722=CARTESIAN_POINT('',(-0.092,0.099,0.0335));
#8723=CARTESIAN_POINT('',(-0.092,0.099,0.0335));
#8724=CARTESIAN_POINT('',(-0.092,0.099,0.0335));
#8725=CARTESIAN_POINT('',(0.042,0.099,-0.0165));
#8726=CARTESIAN_POINT('',(0.042,0.005,-0.0165));
#8727=CARTESIAN_POINT('',(0.042,0.099,-0.0165));
#8728=CARTESIAN_POINT('',(0.042,0.099,0.0335));
#8729=CARTESIAN_POINT('',(0.042,0.005,0.0335));
#8730=CARTESIAN_POINT('',(0.042,0.099,0.0335));
#8731=CARTESIAN_POINT('',(-0.00799999999999995,0.099,-0.0165));
#8732=CARTESIAN_POINT('',(-0.00799999999999995,0.005,-0.0165));
#8733=CARTESIAN_POINT('',(-0.00799999999999995,0.099,-0.0165));
#8734=CARTESIAN_POINT('',(-0.00799999999999995,0.099,0.0335));
#8735=CARTESIAN_POINT('',(-0.00799999999999995,0.005,0.0335));
#8736=CARTESIAN_POINT('',(-0.00799999999999995,0.099,0.0335));
#8737=CARTESIAN_POINT('',(-0.058,0.099,-0.0165));
#8738=CARTESIAN_POINT('',(-0.058,0.005,-0.0165));
#8739=CARTESIAN_POINT('',(-0.058,0.099,-0.0165));
#8740=CARTESIAN_POINT('',(-0.058,0.099,0.0335));
#8741=CARTESIAN_POINT('',(-0.058,0.005,0.0335));
#8742=CARTESIAN_POINT('',(-0.058,0.099,0.0335));
#8743=CARTESIAN_POINT('',(0.175,0.099,-0.0675));
#8744=CARTESIAN_POINT('',(0.100000000000004,0.099,-0.0675));
#8745=CARTESIAN_POINT('',(0.100000000000002,0.,-0.0675));
#8746=CARTESIAN_POINT('',(0.1,0.0245,-0.0675));
#8747=CARTESIAN_POINT('',(0.175,0.0245,-0.067500000000002));
#8748=CARTESIAN_POINT('',(0.175,0.0245,-0.067500000000002));
#8749=CARTESIAN_POINT('',(0.175,0.099,-0.0675));
#8750=CARTESIAN_POINT('',(0.175,0.,-0.0675));
#8751=CARTESIAN_POINT('',(0.175,0.,-0.0675));
#8752=CARTESIAN_POINT('',(-0.175,0.099,0.0675));
#8753=CARTESIAN_POINT('',(0.175,0.0245,0.067500000000002));
#8754=CARTESIAN_POINT('',(0.175,0.0245,0.067500000000002));
#8755=CARTESIAN_POINT('',(0.1,0.0245,0.0675));
#8756=CARTESIAN_POINT('',(0.1,0.099,0.0675));
#8757=CARTESIAN_POINT('',(0.1,0.,0.0675));
#8758=CARTESIAN_POINT('',(-0.175,0.,0.0675));
#8759=CARTESIAN_POINT('',(0.175,0.,0.0675));
#8760=CARTESIAN_POINT('',(0.175,0.099,0.0675));
#8761=CARTESIAN_POINT('',(-0.175,0.099,-0.0675));
#8762=CARTESIAN_POINT('',(-0.175,0.0245,-0.0575));
#8763=CARTESIAN_POINT('',(-0.175,0.0245,-0.0575));
#8764=CARTESIAN_POINT('',(-0.175,0.0745,-0.0575));
#8765=CARTESIAN_POINT('',(-0.175,0.0245,-0.067500000000002));
#8766=CARTESIAN_POINT('',(-0.175,0.,-0.0675));
#8767=CARTESIAN_POINT('',(-0.175,0.0245,0.0575));
#8768=CARTESIAN_POINT('',(-0.175,0.0245,0.0575));
#8769=CARTESIAN_POINT('',(-0.175,0.0745,0.0575));
#8770=CARTESIAN_POINT('',(-0.175,0.0745,0.0575));
#8771=CARTESIAN_POINT('',(-0.175,0.0745,0.067500000000002));
#8772=CARTESIAN_POINT('',(-0.175,0.099,-0.0675));
#8773=CARTESIAN_POINT('',(-0.175,0.0745,-0.0575));
#8774=CARTESIAN_POINT('',(-0.175,0.099,0.0675));
#8775=CARTESIAN_POINT('',(-0.175,0.099,0.0675));
#8776=CARTESIAN_POINT('',(0.175,0.099,0.0675));
#8777=CARTESIAN_POINT('',(0.1,0.225,0.0675));
#8778=CARTESIAN_POINT('',(0.1,0.0745,0.0675));
#8779=CARTESIAN_POINT('',(0.175,0.0745,0.067500000000002));
#8780=CARTESIAN_POINT('',(0.175,0.0745,0.067500000000002));
#8781=CARTESIAN_POINT('',(0.175,0.099,0.0675));
#8782=CARTESIAN_POINT('',(0.175,0.099,0.0675));
#8783=CARTESIAN_POINT('',(0.175,0.0245,-0.067500000000002));
#8784=CARTESIAN_POINT('',(0.175,0.0245,-0.0575));
#8785=CARTESIAN_POINT('',(0.175,0.0245,-0.0575));
#8786=CARTESIAN_POINT('',(0.175,0.0745,-0.0575));
#8787=CARTESIAN_POINT('',(0.175,0.0745,-0.0575));
#8788=CARTESIAN_POINT('',(0.175,0.0745,-0.067500000000002));
#8789=CARTESIAN_POINT('',(0.175,0.099,-0.0675));
#8790=CARTESIAN_POINT('',(0.175,0.099,-0.0675));
#8791=CARTESIAN_POINT('',(0.175,0.099,0.0675));
#8792=CARTESIAN_POINT('',(0.175,0.0745,0.067500000000002));
#8793=CARTESIAN_POINT('',(0.175,0.0745,0.0575));
#8794=CARTESIAN_POINT('',(0.175,0.0745,0.0575));
#8795=CARTESIAN_POINT('',(0.175,0.0245,0.0575));
#8796=CARTESIAN_POINT('',(0.175,0.0245,0.0575));
#8797=CARTESIAN_POINT('',(0.175,0.,0.0675));
#8798=CARTESIAN_POINT('',(0.142,0.099,-0.0325));
#8799=CARTESIAN_POINT('',(0.142,0.,-0.0325));
#8800=CARTESIAN_POINT('',(0.142,0.,-0.0325));
#8801=CARTESIAN_POINT('',(0.142,0.,-0.0165));
#8802=CARTESIAN_POINT('',(0.142,0.099,-0.0325));
#8803=CARTESIAN_POINT('',(0.142,0.099,-0.0325));
#8804=CARTESIAN_POINT('',(0.142,0.099,-0.0325));
#8805=CARTESIAN_POINT('',(0.142,0.099,-0.0165));
#8806=CARTESIAN_POINT('',(0.142,0.099,-0.0165));
#8807=CARTESIAN_POINT('',(0.158,0.099,-0.0325));
#8808=CARTESIAN_POINT('',(0.158,0.,-0.0325));
#8809=CARTESIAN_POINT('',(0.158,0.,-0.0325));
#8810=CARTESIAN_POINT('',(0.158,0.099,-0.0325));
#8811=CARTESIAN_POINT('',(0.158,0.099,-0.0325));
#8812=CARTESIAN_POINT('',(0.158,0.099,-0.0325));
#8813=CARTESIAN_POINT('',(0.158,0.099,-0.0165));
#8814=CARTESIAN_POINT('',(0.158,0.,-0.0165));
#8815=CARTESIAN_POINT('',(0.158,0.,-0.0165));
#8816=CARTESIAN_POINT('',(0.158,0.099,-0.0165));
#8817=CARTESIAN_POINT('',(0.158,0.099,-0.0165));
#8818=CARTESIAN_POINT('',(0.158,0.099,-0.0165));
#8819=CARTESIAN_POINT('',(0.142,0.099,0.0175));
#8820=CARTESIAN_POINT('',(0.142,0.,0.0175));
#8821=CARTESIAN_POINT('',(0.142,0.,0.0175));
#8822=CARTESIAN_POINT('',(0.142,0.,0.0335));
#8823=CARTESIAN_POINT('',(0.142,0.099,0.0175));
#8824=CARTESIAN_POINT('',(0.142,0.099,0.0175));
#8825=CARTESIAN_POINT('',(0.142,0.099,0.0175));
#8826=CARTESIAN_POINT('',(0.142,0.099,0.0335));
#8827=CARTESIAN_POINT('',(0.142,0.099,0.0335));
#8828=CARTESIAN_POINT('',(0.158,0.099,0.0175));
#8829=CARTESIAN_POINT('',(0.158,0.,0.0175));
#8830=CARTESIAN_POINT('',(0.158,0.,0.0175));
#8831=CARTESIAN_POINT('',(0.158,0.099,0.0175));
#8832=CARTESIAN_POINT('',(0.158,0.099,0.0175));
#8833=CARTESIAN_POINT('',(0.158,0.099,0.0175));
#8834=CARTESIAN_POINT('',(0.158,0.099,0.0335));
#8835=CARTESIAN_POINT('',(0.158,0.,0.0335));
#8836=CARTESIAN_POINT('',(0.158,0.,0.0335));
#8837=CARTESIAN_POINT('',(0.158,0.099,0.0335));
#8838=CARTESIAN_POINT('',(0.158,0.099,0.0335));
#8839=CARTESIAN_POINT('',(0.158,0.099,0.0335));
#8840=CARTESIAN_POINT('',(0.108,0.099,-0.0325));
#8841=CARTESIAN_POINT('',(0.100000000000003,0.099,-0.0325));
#8842=CARTESIAN_POINT('',(0.100000000000003,0.,-0.0325));
#8843=CARTESIAN_POINT('',(0.100000000000003,0.005,-0.0325));
#8844=CARTESIAN_POINT('',(0.108,0.,-0.0325));
#8845=CARTESIAN_POINT('',(0.108,0.,-0.0325));
#8846=CARTESIAN_POINT('',(0.108,0.099,-0.0325));
#8847=CARTESIAN_POINT('',(0.108,0.099,-0.0325));
#8848=CARTESIAN_POINT('',(0.108,0.099,-0.0325));
#8849=CARTESIAN_POINT('',(0.108,0.005,-0.0325));
#8850=CARTESIAN_POINT('',(0.108,0.099,-0.0165));
#8851=CARTESIAN_POINT('',(0.108,0.,-0.0165));
#8852=CARTESIAN_POINT('',(0.108,0.,-0.0165));
#8853=CARTESIAN_POINT('',(0.108,0.099,-0.0165));
#8854=CARTESIAN_POINT('',(0.108,0.099,-0.0165));
#8855=CARTESIAN_POINT('',(0.108,0.099,-0.0165));
#8856=CARTESIAN_POINT('',(0.108,0.099,0.0175));
#8857=CARTESIAN_POINT('',(0.100000000000002,0.099,0.0175));
#8858=CARTESIAN_POINT('',(0.100000000000002,0.,0.0175));
#8859=CARTESIAN_POINT('',(0.100000000000002,0.005,0.0175));
#8860=CARTESIAN_POINT('',(0.108,0.,0.0175));
#8861=CARTESIAN_POINT('',(0.108,0.,0.0175));
#8862=CARTESIAN_POINT('',(0.108,0.099,0.0175));
#8863=CARTESIAN_POINT('',(0.108,0.099,0.0175));
#8864=CARTESIAN_POINT('',(0.108,0.099,0.0175));
#8865=CARTESIAN_POINT('',(0.108,0.005,0.0175));
#8866=CARTESIAN_POINT('',(0.108,0.099,0.0335));
#8867=CARTESIAN_POINT('',(0.108,0.,0.0335));
#8868=CARTESIAN_POINT('',(0.108,0.,0.0335));
#8869=CARTESIAN_POINT('',(0.108,0.099,0.0335));
#8870=CARTESIAN_POINT('',(0.108,0.099,0.0335));
#8871=CARTESIAN_POINT('',(0.108,0.099,0.0335));
#8872=CARTESIAN_POINT('',(-0.108,0.099,-0.0325));
#8873=CARTESIAN_POINT('',(-0.108,0.,-0.0325));
#8874=CARTESIAN_POINT('',(-0.108,0.,-0.0325));
#8875=CARTESIAN_POINT('',(-0.108,0.,-0.0165));
#8876=CARTESIAN_POINT('',(-0.108,0.099,-0.0325));
#8877=CARTESIAN_POINT('',(-0.108,0.099,-0.0325));
#8878=CARTESIAN_POINT('',(-0.108,0.099,-0.0325));
#8879=CARTESIAN_POINT('',(-0.108,0.099,-0.0165));
#8880=CARTESIAN_POINT('',(-0.108,0.099,-0.0165));
#8881=CARTESIAN_POINT('',(-0.092,0.099,-0.0325));
#8882=CARTESIAN_POINT('',(-0.1,0.099,-0.0325));
#8883=CARTESIAN_POINT('',(-0.1,0.005,-0.0325));
#8884=CARTESIAN_POINT('',(-0.1,0.,-0.0325));
#8885=CARTESIAN_POINT('',(-0.092,0.005,-0.0325));
#8886=CARTESIAN_POINT('',(-0.092,0.099,-0.0325));
#8887=CARTESIAN_POINT('',(-0.092,0.,-0.0325));
#8888=CARTESIAN_POINT('',(-0.108,0.099,0.0175));
#8889=CARTESIAN_POINT('',(-0.108,0.,0.0175));
#8890=CARTESIAN_POINT('',(-0.108,0.,0.0175));
#8891=CARTESIAN_POINT('',(-0.108,0.,0.0335));
#8892=CARTESIAN_POINT('',(-0.108,0.099,0.0175));
#8893=CARTESIAN_POINT('',(-0.108,0.099,0.0175));
#8894=CARTESIAN_POINT('',(-0.108,0.099,0.0175));
#8895=CARTESIAN_POINT('',(-0.108,0.099,0.0335));
#8896=CARTESIAN_POINT('',(-0.108,0.099,0.0335));
#8897=CARTESIAN_POINT('',(-0.092,0.099,0.0175));
#8898=CARTESIAN_POINT('',(-0.1,0.099,0.0175));
#8899=CARTESIAN_POINT('',(-0.1,0.005,0.0175));
#8900=CARTESIAN_POINT('',(-0.1,0.,0.0175));
#8901=CARTESIAN_POINT('',(-0.092,0.005,0.0175));
#8902=CARTESIAN_POINT('',(-0.092,0.099,0.0175));
#8903=CARTESIAN_POINT('',(-0.092,0.,0.0175));
#8904=CARTESIAN_POINT('',(-0.158,0.099,-0.0325));
#8905=CARTESIAN_POINT('',(-0.158,0.,-0.0325));
#8906=CARTESIAN_POINT('',(-0.158,0.,-0.0325));
#8907=CARTESIAN_POINT('',(-0.158,0.,-0.0165));
#8908=CARTESIAN_POINT('',(-0.158,0.099,-0.0325));
#8909=CARTESIAN_POINT('',(-0.158,0.099,-0.0325));
#8910=CARTESIAN_POINT('',(-0.158,0.099,-0.0325));
#8911=CARTESIAN_POINT('',(-0.158,0.099,-0.0165));
#8912=CARTESIAN_POINT('',(-0.158,0.099,-0.0165));
#8913=CARTESIAN_POINT('',(-0.142,0.099,-0.0325));
#8914=CARTESIAN_POINT('',(-0.142,0.,-0.0325));
#8915=CARTESIAN_POINT('',(-0.142,0.,-0.0325));
#8916=CARTESIAN_POINT('',(-0.142,0.099,-0.0325));
#8917=CARTESIAN_POINT('',(-0.142,0.099,-0.0325));
#8918=CARTESIAN_POINT('',(-0.142,0.099,-0.0325));
#8919=CARTESIAN_POINT('',(-0.142,0.099,-0.0165));
#8920=CARTESIAN_POINT('',(-0.142,0.,-0.0165));
#8921=CARTESIAN_POINT('',(-0.142,0.,-0.0165));
#8922=CARTESIAN_POINT('',(-0.142,0.099,-0.0165));
#8923=CARTESIAN_POINT('',(-0.142,0.099,-0.0165));
#8924=CARTESIAN_POINT('',(-0.142,0.099,-0.0165));
#8925=CARTESIAN_POINT('',(-0.158,0.099,0.0175));
#8926=CARTESIAN_POINT('',(-0.158,0.,0.0175));
#8927=CARTESIAN_POINT('',(-0.158,0.,0.0175));
#8928=CARTESIAN_POINT('',(-0.158,0.,0.0335));
#8929=CARTESIAN_POINT('',(-0.158,0.099,0.0175));
#8930=CARTESIAN_POINT('',(-0.158,0.099,0.0175));
#8931=CARTESIAN_POINT('',(-0.158,0.099,0.0175));
#8932=CARTESIAN_POINT('',(-0.158,0.099,0.0335));
#8933=CARTESIAN_POINT('',(-0.158,0.099,0.0335));
#8934=CARTESIAN_POINT('',(-0.142,0.099,0.0175));
#8935=CARTESIAN_POINT('',(-0.142,0.,0.0175));
#8936=CARTESIAN_POINT('',(-0.142,0.,0.0175));
#8937=CARTESIAN_POINT('',(-0.142,0.099,0.0175));
#8938=CARTESIAN_POINT('',(-0.142,0.099,0.0175));
#8939=CARTESIAN_POINT('',(-0.142,0.099,0.0175));
#8940=CARTESIAN_POINT('',(-0.142,0.099,0.0335));
#8941=CARTESIAN_POINT('',(-0.142,0.,0.0335));
#8942=CARTESIAN_POINT('',(-0.142,0.,0.0335));
#8943=CARTESIAN_POINT('',(-0.142,0.099,0.0335));
#8944=CARTESIAN_POINT('',(-0.142,0.099,0.0335));
#8945=CARTESIAN_POINT('',(-0.142,0.099,0.0335));
#8946=CARTESIAN_POINT('',(0.142,0.099,-0.0165));
#8947=CARTESIAN_POINT('',(0.142,0.,-0.0165));
#8948=CARTESIAN_POINT('',(0.142,0.099,-0.0165));
#8949=CARTESIAN_POINT('',(0.142,0.099,0.0335));
#8950=CARTESIAN_POINT('',(0.142,0.,0.0335));
#8951=CARTESIAN_POINT('',(0.142,0.099,0.0335));
#8952=CARTESIAN_POINT('',(0.092,0.099,-0.0165));
#8953=CARTESIAN_POINT('',(0.100000000000003,0.099,-0.0165));
#8954=CARTESIAN_POINT('',(0.100000000000003,0.005,-0.0165));
#8955=CARTESIAN_POINT('',(0.100000000000002,0.,-0.0165));
#8956=CARTESIAN_POINT('',(0.092,0.005,-0.0165));
#8957=CARTESIAN_POINT('',(0.092,0.099,-0.0165));
#8958=CARTESIAN_POINT('',(0.092,0.,-0.0165));
#8959=CARTESIAN_POINT('',(0.092,0.099,0.0335));
#8960=CARTESIAN_POINT('',(0.100000000000001,0.099,0.0335));
#8961=CARTESIAN_POINT('',(0.100000000000001,0.005,0.0335));
#8962=CARTESIAN_POINT('',(0.100000000000002,0.,0.0335));
#8963=CARTESIAN_POINT('',(0.092,0.005,0.0335));
#8964=CARTESIAN_POINT('',(0.092,0.099,0.0335));
#8965=CARTESIAN_POINT('',(0.092,0.,0.0335));
#8966=CARTESIAN_POINT('',(-0.108,0.099,-0.0165));
#8967=CARTESIAN_POINT('',(-0.1,0.099,-0.0165));
#8968=CARTESIAN_POINT('',(-0.1,0.,-0.0165));
#8969=CARTESIAN_POINT('',(-0.1,0.005,-0.0165));
#8970=CARTESIAN_POINT('',(-0.108,0.,-0.0165));
#8971=CARTESIAN_POINT('',(-0.108,0.099,-0.0165));
#8972=CARTESIAN_POINT('',(-0.108,0.005,-0.0165));
#8973=CARTESIAN_POINT('',(-0.108,0.099,0.0335));
#8974=CARTESIAN_POINT('',(-0.1,0.099,0.0335));
#8975=CARTESIAN_POINT('',(-0.1,0.,0.0335));
#8976=CARTESIAN_POINT('',(-0.1,0.005,0.0335));
#8977=CARTESIAN_POINT('',(-0.108,0.,0.0335));
#8978=CARTESIAN_POINT('',(-0.108,0.099,0.0335));
#8979=CARTESIAN_POINT('',(-0.108,0.005,0.0335));
#8980=CARTESIAN_POINT('',(-0.158,0.099,-0.0165));
#8981=CARTESIAN_POINT('',(-0.158,0.,-0.0165));
#8982=CARTESIAN_POINT('',(-0.158,0.099,-0.0165));
#8983=CARTESIAN_POINT('',(-0.158,0.099,0.0335));
#8984=CARTESIAN_POINT('',(-0.158,0.,0.0335));
#8985=CARTESIAN_POINT('',(-0.158,0.099,0.0335));
#8986=CARTESIAN_POINT('',(0.175,0.099,-0.0675));
#8987=CARTESIAN_POINT('',(0.175,0.0745,-0.067500000000002));
#8988=CARTESIAN_POINT('',(0.1,0.0745,-0.067500000000002));
#8989=CARTESIAN_POINT('',(0.1,0.225,-0.0675));
#8990=CARTESIAN_POINT('',(0.1,0.099,-0.0675));
#8991=CARTESIAN_POINT('',(0.175,0.099,-0.0675));
#8992=CARTESIAN_POINT('',(0.,0.099,0.));
#8993=CARTESIAN_POINT('',(-0.0425,0.099,0.2925));
#8994=CARTESIAN_POINT('',(0.0425,0.099,0.2925));
#8995=CARTESIAN_POINT('',(0.,0.099,-0.0675));
#8996=CARTESIAN_POINT('',(0.,0.,0.));
#8997=CARTESIAN_POINT('',(-0.1,0.,0.1));
#8998=CARTESIAN_POINT('',(-0.1,0.,0.1));
#8999=CARTESIAN_POINT('',(0.100000000000005,0.,-0.1));
#9000=CARTESIAN_POINT('',(0.100000000000005,0.,-0.1));
#9001=CARTESIAN_POINT('',(0.100000000000005,0.,-0.1));
#9002=CARTESIAN_POINT('',(-0.1,0.,0.1));
#9003=CARTESIAN_POINT('',(-0.1,0.,0.1));
#9004=CARTESIAN_POINT('',(-0.1,0.,-0.1));
#9005=CARTESIAN_POINT('',(-0.1,0.,-0.1));
#9006=CARTESIAN_POINT('',(0.100000000000005,0.,-0.1));
#9007=CARTESIAN_POINT('',(0.100000000000005,0.,-0.1));
#9008=CARTESIAN_POINT('',(0.175,0.0745,0.0575));
#9009=CARTESIAN_POINT('',(0.175,0.0245,0.0575));
#9010=CARTESIAN_POINT('',(0.175,0.0745,0.0575));
#9011=CARTESIAN_POINT('',(0.175,0.0245,0.0575));
#9012=CARTESIAN_POINT('',(0.175,0.0245,0.0675));
#9013=CARTESIAN_POINT('',(0.175,0.0745,0.067500000000002));
#9014=CARTESIAN_POINT('',(0.175,0.0745,0.0675));
#9015=CARTESIAN_POINT('',(0.175,0.0245,-0.067500000000002));
#9016=CARTESIAN_POINT('',(0.175,0.0245,-0.0575));
#9017=CARTESIAN_POINT('',(0.175,0.0245,-0.0675));
#9018=CARTESIAN_POINT('',(0.175,0.0245,-0.0575));
#9019=CARTESIAN_POINT('',(0.175,0.0745,-0.0575));
#9020=CARTESIAN_POINT('',(0.175,0.0745,-0.0575));
#9021=CARTESIAN_POINT('',(0.175,0.0745,-0.0675));
#9022=CARTESIAN_POINT('',(0.,0.005,0.));
#9023=CARTESIAN_POINT('',(-0.1,0.005,0.1));
#9024=CARTESIAN_POINT('',(-0.1,0.005,0.1));
#9025=CARTESIAN_POINT('',(0.,0.005,0.));
#9026=CARTESIAN_POINT('',(-0.1,0.005,0.1));
#9027=CARTESIAN_POINT('',(-0.1,0.005,0.1));
#9028=CARTESIAN_POINT('',(0.,0.005,0.));
#9029=CARTESIAN_POINT('',(0.,0.005,0.));
#9030=CARTESIAN_POINT('',(0.,0.005,0.));
#9031=CARTESIAN_POINT('',(0.,0.005,0.));
#9032=CARTESIAN_POINT('',(0.,0.005,0.));
#9033=CARTESIAN_POINT('',(0.,0.005,0.));
#9034=CARTESIAN_POINT('',(0.,0.005,0.));
#9035=CARTESIAN_POINT('',(0.100000000000005,0.005,-0.1));
#9036=CARTESIAN_POINT('',(0.100000000000005,0.005,-0.1));
#9037=CARTESIAN_POINT('',(0.,0.005,0.));
#9038=CARTESIAN_POINT('',(0.100000000000005,0.005,-0.1));
#9039=CARTESIAN_POINT('',(0.100000000000005,0.005,-0.1));
#9040=CARTESIAN_POINT('',(0.100000000000005,0.005,-0.1));
#9041=CARTESIAN_POINT('',(0.1,0.225,0.0675));
#9042=CARTESIAN_POINT('',(-0.1,0.005,0.1));
#9043=CARTESIAN_POINT('',(-0.1,0.225,0.0675));
#9044=CARTESIAN_POINT('',(-0.1,0.005,0.1));
#9045=CARTESIAN_POINT('',(-0.1,0.225,-0.0675));
#9046=CARTESIAN_POINT('',(-0.1,0.225,-0.0675));
#9047=CARTESIAN_POINT('',(-0.1,0.225,-0.0675));
#9048=CARTESIAN_POINT('',(-0.1,0.225,-0.0675));
#9049=CARTESIAN_POINT('',(-0.1,0.225,-0.1));
#9050=CARTESIAN_POINT('',(-0.1,0.005,-0.1));
#9051=CARTESIAN_POINT('',(0.100000000000005,0.005,-0.1));
#9052=CARTESIAN_POINT('',(0.100000000000005,0.005,-0.1));
#9053=CARTESIAN_POINT('',(0.1,0.225,-0.1));
#9054=CARTESIAN_POINT('',(0.1,0.225,-0.1));
#9055=CARTESIAN_POINT('',(0.1,0.225,-0.0675));
#9056=CARTESIAN_POINT('',(0.1,0.225,-0.0675));
#9057=CARTESIAN_POINT('',(0.1,0.225,-0.0675));
#9058=CARTESIAN_POINT('',(-0.1,0.005,-0.1));
#9059=CARTESIAN_POINT('',(-0.1,0.225,-0.1));
#9060=CARTESIAN_POINT('',(0.1,0.225,-0.0675));
#9061=CARTESIAN_POINT('',(0.1,0.225,-0.0675));
#9062=CARTESIAN_POINT('',(0.1,0.225,-0.0675));
#9063=CARTESIAN_POINT('',(0.,0.225,0.));
#9064=CARTESIAN_POINT('',(-0.1,0.225,0.0675));
#9065=CARTESIAN_POINT('',(-0.0525,0.225,0.2925));
#9066=CARTESIAN_POINT('',(-0.0425,0.205,0.2925));
#9067=CARTESIAN_POINT('',(-0.0425,0.205,0.2925));
#9068=CARTESIAN_POINT('',(0.0425,0.099,0.2925));
#9069=CARTESIAN_POINT('',(0.0425,0.205,0.2925));
#9070=CARTESIAN_POINT('',(0.0425,0.205,0.2925));
#9071=CARTESIAN_POINT('',(0.,0.,0.));
#9072=CARTESIAN_POINT('',(0.158,0.21,-0.032999999999998));
#9073=CARTESIAN_POINT('',(-0.142,0.21,-0.032999999999998));
#9074=CARTESIAN_POINT('',(-0.142,0.099,-0.032999999999998));
#9075=CARTESIAN_POINT('',(-0.142,0.21,-0.032999999999998));
#9076=CARTESIAN_POINT('',(0.158,0.099,-0.032999999999998));
#9077=CARTESIAN_POINT('',(-0.158,0.099,-0.032999999999998));
#9078=CARTESIAN_POINT('',(-0.158,0.21,-0.032999999999998));
#9079=CARTESIAN_POINT('',(-0.158,0.21,-0.032999999999998));
#9080=CARTESIAN_POINT('',(0.158,0.21,-0.032999999999998));
#9081=CARTESIAN_POINT('',(0.158,0.21,-0.032999999999998));
#9082=CARTESIAN_POINT('',(-0.108,0.21,-0.032999999999998));
#9083=CARTESIAN_POINT('',(-0.108,0.21,-0.032999999999998));
#9084=CARTESIAN_POINT('',(-0.108,0.099,-0.032999999999998));
#9085=CARTESIAN_POINT('',(0.158,0.21,-0.032999999999998));
#9086=CARTESIAN_POINT('',(-0.092,0.21,-0.032999999999998));
#9087=CARTESIAN_POINT('',(-0.092,0.21,-0.032999999999998));
#9088=CARTESIAN_POINT('',(-0.092,0.099,-0.032999999999998));
#9089=CARTESIAN_POINT('',(0.158,0.099,-0.032999999999998));
#9090=CARTESIAN_POINT('',(0.158,0.21,-0.032999999999998));
#9091=CARTESIAN_POINT('',(-0.058,0.21,-0.032999999999998));
#9092=CARTESIAN_POINT('',(-0.058,0.21,-0.032999999999998));
#9093=CARTESIAN_POINT('',(-0.058,0.099,-0.032999999999998));
#9094=CARTESIAN_POINT('',(0.158,0.21,-0.032999999999998));
#9095=CARTESIAN_POINT('',(-0.042,0.21,-0.0329999999999979));
#9096=CARTESIAN_POINT('',(-0.042,0.21,-0.032999999999998));
#9097=CARTESIAN_POINT('',(-0.042,0.099,-0.032999999999998));
#9098=CARTESIAN_POINT('',(0.158,0.099,-0.032999999999998));
#9099=CARTESIAN_POINT('',(0.158,0.21,-0.032999999999998));
#9100=CARTESIAN_POINT('',(-0.00799999999999999,0.21,-0.032999999999998));
#9101=CARTESIAN_POINT('',(-0.00799999999999999,0.21,-0.0329999999999979));
#9102=CARTESIAN_POINT('',(-0.00799999999999999,0.099,-0.032999999999998));
#9103=CARTESIAN_POINT('',(0.158,0.21,-0.032999999999998));
#9104=CARTESIAN_POINT('',(0.00799999999999998,0.21,-0.032999999999998));
#9105=CARTESIAN_POINT('',(0.00799999999999999,0.21,-0.032999999999998));
#9106=CARTESIAN_POINT('',(0.00799999999999999,0.099,-0.032999999999998));
#9107=CARTESIAN_POINT('',(0.158,0.099,-0.032999999999998));
#9108=CARTESIAN_POINT('',(0.158,0.21,-0.032999999999998));
#9109=CARTESIAN_POINT('',(0.042,0.21,-0.032999999999998));
#9110=CARTESIAN_POINT('',(0.042,0.21,-0.032999999999998));
#9111=CARTESIAN_POINT('',(0.042,0.099,-0.032999999999998));
#9112=CARTESIAN_POINT('',(0.158,0.21,-0.032999999999998));
#9113=CARTESIAN_POINT('',(0.058,0.21,-0.032999999999998));
#9114=CARTESIAN_POINT('',(0.058,0.21,-0.032999999999998));
#9115=CARTESIAN_POINT('',(0.058,0.099,-0.032999999999998));
#9116=CARTESIAN_POINT('',(0.158,0.099,-0.032999999999998));
#9117=CARTESIAN_POINT('',(0.158,0.21,-0.032999999999998));
#9118=CARTESIAN_POINT('',(0.092,0.21,-0.032999999999998));
#9119=CARTESIAN_POINT('',(0.092,0.21,-0.032999999999998));
#9120=CARTESIAN_POINT('',(0.092,0.099,-0.032999999999998));
#9121=CARTESIAN_POINT('',(0.158,0.21,-0.032999999999998));
#9122=CARTESIAN_POINT('',(0.108,0.21,-0.032999999999998));
#9123=CARTESIAN_POINT('',(0.108,0.21,-0.032999999999998));
#9124=CARTESIAN_POINT('',(0.108,0.099,-0.032999999999998));
#9125=CARTESIAN_POINT('',(0.158,0.099,-0.032999999999998));
#9126=CARTESIAN_POINT('',(0.158,0.099,0.033000000000001));
#9127=CARTESIAN_POINT('',(-0.142,0.099,0.033000000000001));
#9128=CARTESIAN_POINT('',(-0.142,0.21,0.0330000000000011));
#9129=CARTESIAN_POINT('',(-0.142,0.099,0.033000000000001));
#9130=CARTESIAN_POINT('',(0.158,0.21,0.033000000000001));
#9131=CARTESIAN_POINT('',(-0.158,0.21,0.033000000000001));
#9132=CARTESIAN_POINT('',(-0.158,0.099,0.033000000000001));
#9133=CARTESIAN_POINT('',(-0.158,0.099,0.033000000000001));
#9134=CARTESIAN_POINT('',(0.158,0.099,0.033000000000001));
#9135=CARTESIAN_POINT('',(0.158,0.099,0.033000000000001));
#9136=CARTESIAN_POINT('',(-0.108,0.099,0.033000000000001));
#9137=CARTESIAN_POINT('',(-0.108,0.099,0.033000000000001));
#9138=CARTESIAN_POINT('',(-0.108,0.21,0.0330000000000011));
#9139=CARTESIAN_POINT('',(0.158,0.099,0.033000000000001));
#9140=CARTESIAN_POINT('',(-0.092,0.099,0.033000000000001));
#9141=CARTESIAN_POINT('',(-0.092,0.099,0.033000000000001));
#9142=CARTESIAN_POINT('',(-0.092,0.21,0.0330000000000009));
#9143=CARTESIAN_POINT('',(0.158,0.21,0.033000000000001));
#9144=CARTESIAN_POINT('',(0.158,0.099,0.033000000000001));
#9145=CARTESIAN_POINT('',(-0.058,0.099,0.033000000000001));
#9146=CARTESIAN_POINT('',(-0.058,0.099,0.033000000000001));
#9147=CARTESIAN_POINT('',(-0.058,0.21,0.033000000000001));
#9148=CARTESIAN_POINT('',(0.158,0.099,0.033000000000001));
#9149=CARTESIAN_POINT('',(-0.042,0.099,0.033000000000001));
#9150=CARTESIAN_POINT('',(-0.042,0.099,0.033000000000001));
#9151=CARTESIAN_POINT('',(-0.042,0.21,0.033000000000001));
#9152=CARTESIAN_POINT('',(0.158,0.21,0.033000000000001));
#9153=CARTESIAN_POINT('',(0.158,0.099,0.033000000000001));
#9154=CARTESIAN_POINT('',(-0.00799999999999999,0.099,0.033000000000001));
#9155=CARTESIAN_POINT('',(-0.00799999999999999,0.099,0.033000000000001));
#9156=CARTESIAN_POINT('',(-0.00800000000000001,0.21,0.033000000000001));
#9157=CARTESIAN_POINT('',(0.158,0.099,0.033000000000001));
#9158=CARTESIAN_POINT('',(0.00799999999999999,0.099,0.033000000000001));
#9159=CARTESIAN_POINT('',(0.00799999999999999,0.099,0.033000000000001));
#9160=CARTESIAN_POINT('',(0.008,0.21,0.0330000000000011));
#9161=CARTESIAN_POINT('',(0.158,0.21,0.033000000000001));
#9162=CARTESIAN_POINT('',(0.158,0.099,0.033000000000001));
#9163=CARTESIAN_POINT('',(0.042,0.099,0.033000000000001));
#9164=CARTESIAN_POINT('',(0.042,0.099,0.033000000000001));
#9165=CARTESIAN_POINT('',(0.042,0.21,0.0330000000000011));
#9166=CARTESIAN_POINT('',(0.158,0.099,0.033000000000001));
#9167=CARTESIAN_POINT('',(0.058,0.099,0.033000000000001));
#9168=CARTESIAN_POINT('',(0.058,0.099,0.033000000000001));
#9169=CARTESIAN_POINT('',(0.058,0.21,0.0330000000000011));
#9170=CARTESIAN_POINT('',(0.158,0.21,0.033000000000001));
#9171=CARTESIAN_POINT('',(0.158,0.099,0.033000000000001));
#9172=CARTESIAN_POINT('',(0.092,0.099,0.033000000000001));
#9173=CARTESIAN_POINT('',(0.092,0.099,0.033000000000001));
#9174=CARTESIAN_POINT('',(0.092,0.21,0.0330000000000011));
#9175=CARTESIAN_POINT('',(0.158,0.099,0.033000000000001));
#9176=CARTESIAN_POINT('',(0.108,0.099,0.033000000000001));
#9177=CARTESIAN_POINT('',(0.108,0.099,0.033000000000001));
#9178=CARTESIAN_POINT('',(0.108,0.21,0.033000000000001));
#9179=CARTESIAN_POINT('',(0.158,0.21,0.033000000000001));
#9180=CARTESIAN_POINT('',(0.158,0.21,0.033000000000001));
#9181=CARTESIAN_POINT('',(-0.094799999999931,0.319465611038401,-0.030200000000019));
#9182=CARTESIAN_POINT('',(-0.15280384757729,0.219,0.027803847577295));
#9183=CARTESIAN_POINT('',(-0.0819999999999351,0.106076951545822,0.0930000000000197));
#9184=CARTESIAN_POINT('',(-0.14719615242271,0.219,0.027803847577295));
#9185=CARTESIAN_POINT('',(0.158,0.219,0.027803847577295));
#9186=CARTESIAN_POINT('',(0.158,0.21,0.033000000000001));
#9187=CARTESIAN_POINT('',(-0.0547999999999425,0.302145102962704,-0.0202000000000156));
#9188=CARTESIAN_POINT('',(-0.10280384757729,0.219,0.027803847577295));
#9189=CARTESIAN_POINT('',(-0.0419999999999465,0.123397459621519,0.0830000000000164));
#9190=CARTESIAN_POINT('',(-0.09719615242271,0.219,0.027803847577295));
#9191=CARTESIAN_POINT('',(0.158,0.219,0.027803847577295));
#9192=CARTESIAN_POINT('',(0.158,0.21,0.033000000000001));
#9193=CARTESIAN_POINT('',(-0.0147999999999535,0.284824594887008,-0.0102000000000124));
#9194=CARTESIAN_POINT('',(-0.05280384757729,0.219,0.027803847577295));
#9195=CARTESIAN_POINT('',(-0.00199999999995701,0.140717967697215,0.0730000000000134));
#9196=CARTESIAN_POINT('',(-0.04719615242271,0.219,0.027803847577295));
#9197=CARTESIAN_POINT('',(0.158,0.219,0.027803847577295));
#9198=CARTESIAN_POINT('',(0.158,0.21,0.033000000000001));
#9199=CARTESIAN_POINT('',(0.0252000000000357,0.267504086811312,-0.0002000000000093));
#9200=CARTESIAN_POINT('',(-0.00280384757729002,0.219,0.027803847577295));
#9201=CARTESIAN_POINT('',(0.0380000000000323,0.158038475772911,0.0630000000000103));
#9202=CARTESIAN_POINT('',(0.00280384757728999,0.219,0.027803847577295));
#9203=CARTESIAN_POINT('',(0.158,0.219,0.027803847577295));
#9204=CARTESIAN_POINT('',(0.158,0.21,0.033000000000001));
#9205=CARTESIAN_POINT('',(0.065200000000025,0.250183578735615,0.00979999999999378));
#9206=CARTESIAN_POINT('',(0.04719615242271,0.219,0.027803847577295));
#9207=CARTESIAN_POINT('',(0.0780000000000215,0.175358983848607,0.0530000000000072));
#9208=CARTESIAN_POINT('',(0.05280384757729,0.219,0.027803847577295));
#9209=CARTESIAN_POINT('',(0.158,0.219,0.027803847577295));
#9210=CARTESIAN_POINT('',(0.158,0.21,0.033000000000001));
#9211=CARTESIAN_POINT('',(0.105200000000014,0.232863070659919,0.0197999999999969));
#9212=CARTESIAN_POINT('',(0.09719615242271,0.219,0.027803847577295));
#9213=CARTESIAN_POINT('',(0.118000000000011,0.192679491924304,0.0430000000000041));
#9214=CARTESIAN_POINT('',(0.10280384757729,0.219,0.027803847577295));
#9215=CARTESIAN_POINT('',(0.158,0.219,0.027803847577295));
#9216=CARTESIAN_POINT('',(0.158,0.219,0.027803847577295));
#9217=CARTESIAN_POINT('',(-0.15280384757729,0.219,0.5));
#9218=CARTESIAN_POINT('',(-0.15280384757729,0.219,0.022196152422708));
#9219=CARTESIAN_POINT('',(-0.14719615242271,0.219,0.5));
#9220=CARTESIAN_POINT('',(-0.14719615242271,0.219,0.022196152422708));
#9221=CARTESIAN_POINT('',(0.158,0.219,0.022196152422708));
#9222=CARTESIAN_POINT('',(0.158,0.219,0.027803847577295));
#9223=CARTESIAN_POINT('',(-0.10280384757729,0.219,0.5));
#9224=CARTESIAN_POINT('',(-0.10280384757729,0.219,0.022196152422708));
#9225=CARTESIAN_POINT('',(-0.09719615242271,0.219,0.5));
#9226=CARTESIAN_POINT('',(-0.09719615242271,0.219,0.022196152422708));
#9227=CARTESIAN_POINT('',(0.158,0.219,0.022196152422708));
#9228=CARTESIAN_POINT('',(0.158,0.219,0.027803847577295));
#9229=CARTESIAN_POINT('',(-0.05280384757729,0.219,0.5));
#9230=CARTESIAN_POINT('',(-0.05280384757729,0.219,0.022196152422708));
#9231=CARTESIAN_POINT('',(-0.04719615242271,0.219,0.5));
#9232=CARTESIAN_POINT('',(-0.04719615242271,0.219,0.022196152422708));
#9233=CARTESIAN_POINT('',(0.158,0.219,0.022196152422708));
#9234=CARTESIAN_POINT('',(0.158,0.219,0.027803847577295));
#9235=CARTESIAN_POINT('',(-0.00280384757729002,0.219,0.5));
#9236=CARTESIAN_POINT('',(-0.00280384757729002,0.219,0.022196152422708));
#9237=CARTESIAN_POINT('',(0.00280384757728999,0.219,0.5));
#9238=CARTESIAN_POINT('',(0.00280384757729,0.219,0.022196152422708));
#9239=CARTESIAN_POINT('',(0.158,0.219,0.022196152422708));
#9240=CARTESIAN_POINT('',(0.158,0.219,0.027803847577295));
#9241=CARTESIAN_POINT('',(0.04719615242271,0.219,0.5));
#9242=CARTESIAN_POINT('',(0.04719615242271,0.219,0.022196152422708));
#9243=CARTESIAN_POINT('',(0.05280384757729,0.219,0.5));
#9244=CARTESIAN_POINT('',(0.05280384757729,0.219,0.022196152422708));
#9245=CARTESIAN_POINT('',(0.158,0.219,0.022196152422708));
#9246=CARTESIAN_POINT('',(0.158,0.219,0.027803847577295));
#9247=CARTESIAN_POINT('',(0.09719615242271,0.219,0.5));
#9248=CARTESIAN_POINT('',(0.09719615242271,0.219,0.022196152422708));
#9249=CARTESIAN_POINT('',(0.10280384757729,0.219,0.5));
#9250=CARTESIAN_POINT('',(0.10280384757729,0.219,0.0221961524227079));
#9251=CARTESIAN_POINT('',(0.158,0.219,0.022196152422708));
#9252=CARTESIAN_POINT('',(0.158,0.219,0.022196152422708));
#9253=CARTESIAN_POINT('',(-0.0906430780617689,0.326665611038391,0.0843569219381928));
#9254=CARTESIAN_POINT('',(-0.158,0.21,0.017000000000001));
#9255=CARTESIAN_POINT('',(-0.0861569219381067,0.113276951545828,-0.0388430780618601));
#9256=CARTESIAN_POINT('',(-0.142,0.21,0.017000000000001));
#9257=CARTESIAN_POINT('',(0.158,0.21,0.017000000000001));
#9258=CARTESIAN_POINT('',(0.158,0.219,0.022196152422708));
#9259=CARTESIAN_POINT('',(-0.0506430780617796,0.309345102962696,0.0743569219381883));
#9260=CARTESIAN_POINT('',(-0.108,0.21,0.017000000000001));
#9261=CARTESIAN_POINT('',(-0.0461569219381172,0.130597459621524,-0.0288430780618556));
#9262=CARTESIAN_POINT('',(-0.092,0.21,0.017000000000001));
#9263=CARTESIAN_POINT('',(0.158,0.21,0.017000000000001));
#9264=CARTESIAN_POINT('',(0.158,0.219,0.022196152422708));
#9265=CARTESIAN_POINT('',(-0.0106430780617899,0.292024594887,0.0643569219381839));
#9266=CARTESIAN_POINT('',(-0.058,0.21,0.017000000000001));
#9267=CARTESIAN_POINT('',(-0.006156921938127,0.147917967697218,-0.0188430780618514));
#9268=CARTESIAN_POINT('',(-0.042,0.21,0.017000000000001));
#9269=CARTESIAN_POINT('',(0.158,0.21,0.017000000000001));
#9270=CARTESIAN_POINT('',(0.158,0.219,0.022196152422708));
#9271=CARTESIAN_POINT('',(0.0293569219382001,0.274704086811305,0.0543569219381797));
#9272=CARTESIAN_POINT('',(-0.00799999999999999,0.21,0.017000000000001));
#9273=CARTESIAN_POINT('',(0.0338430780618631,0.165238475772913,-0.00884307806184722));
#9274=CARTESIAN_POINT('',(0.00799999999999998,0.21,0.017000000000001));
#9275=CARTESIAN_POINT('',(0.158,0.21,0.017000000000001));
#9276=CARTESIAN_POINT('',(0.158,0.219,0.022196152422708));
#9277=CARTESIAN_POINT('',(0.0693569219381902,0.257383578735611,0.0443569219381754));
#9278=CARTESIAN_POINT('',(0.042,0.21,0.017000000000001));
#9279=CARTESIAN_POINT('',(0.0738430780618531,0.182558983848608,0.00115692193815704));
#9280=CARTESIAN_POINT('',(0.058,0.21,0.017000000000001));
#9281=CARTESIAN_POINT('',(0.158,0.21,0.017000000000001));
#9282=CARTESIAN_POINT('',(0.158,0.219,0.022196152422708));
#9283=CARTESIAN_POINT('',(0.10935692193818,0.240063070659916,0.0343569219381712));
#9284=CARTESIAN_POINT('',(0.092,0.21,0.017000000000001));
#9285=CARTESIAN_POINT('',(0.113843078061843,0.199879491924303,0.0111569219381613));
#9286=CARTESIAN_POINT('',(0.108,0.21,0.017000000000001));
#9287=CARTESIAN_POINT('',(0.158,0.21,0.017000000000001));
#9288=CARTESIAN_POINT('',(0.158,0.21,0.017000000000001));
#9289=CARTESIAN_POINT('',(-0.142,0.21,0.017000000000001));
#9290=CARTESIAN_POINT('',(-0.142,0.089,0.017000000000001));
#9291=CARTESIAN_POINT('',(0.158,0.089,0.017000000000001));
#9292=CARTESIAN_POINT('',(-0.158,0.089,0.017000000000001));
#9293=CARTESIAN_POINT('',(-0.158,0.21,0.017000000000001));
#9294=CARTESIAN_POINT('',(0.158,0.21,0.017000000000001));
#9295=CARTESIAN_POINT('',(-0.108,0.21,0.017000000000001));
#9296=CARTESIAN_POINT('',(-0.108,0.089,0.017000000000001));
#9297=CARTESIAN_POINT('',(-0.092,0.21,0.017000000000001));
#9298=CARTESIAN_POINT('',(-0.092,0.089,0.017000000000001));
#9299=CARTESIAN_POINT('',(0.158,0.089,0.017000000000001));
#9300=CARTESIAN_POINT('',(0.158,0.21,0.017000000000001));
#9301=CARTESIAN_POINT('',(-0.058,0.21,0.017000000000001));
#9302=CARTESIAN_POINT('',(-0.058,0.089,0.017000000000001));
#9303=CARTESIAN_POINT('',(-0.042,0.21,0.017000000000001));
#9304=CARTESIAN_POINT('',(-0.042,0.089,0.017000000000001));
#9305=CARTESIAN_POINT('',(0.158,0.089,0.017000000000001));
#9306=CARTESIAN_POINT('',(0.158,0.21,0.017000000000001));
#9307=CARTESIAN_POINT('',(-0.00799999999999999,0.21,0.017000000000001));
#9308=CARTESIAN_POINT('',(-0.008,0.089,0.017000000000001));
#9309=CARTESIAN_POINT('',(0.00799999999999999,0.21,0.017000000000001));
#9310=CARTESIAN_POINT('',(0.00799999999999998,0.089,0.017000000000001));
#9311=CARTESIAN_POINT('',(0.158,0.089,0.017000000000001));
#9312=CARTESIAN_POINT('',(0.158,0.21,0.017000000000001));
#9313=CARTESIAN_POINT('',(0.042,0.21,0.017000000000001));
#9314=CARTESIAN_POINT('',(0.042,0.089,0.017000000000001));
#9315=CARTESIAN_POINT('',(0.058,0.21,0.017000000000001));
#9316=CARTESIAN_POINT('',(0.058,0.089,0.017000000000001));
#9317=CARTESIAN_POINT('',(0.158,0.089,0.017000000000001));
#9318=CARTESIAN_POINT('',(0.158,0.21,0.017000000000001));
#9319=CARTESIAN_POINT('',(0.092,0.21,0.017000000000001));
#9320=CARTESIAN_POINT('',(0.092,0.089,0.017000000000001));
#9321=CARTESIAN_POINT('',(0.108,0.21,0.017000000000001));
#9322=CARTESIAN_POINT('',(0.108,0.089,0.017000000000001));
#9323=CARTESIAN_POINT('',(0.158,0.089,0.017000000000001));
#9324=CARTESIAN_POINT('',(0.158,0.089,-0.016999999999999));
#9325=CARTESIAN_POINT('',(-0.142,0.089,-0.016999999999999));
#9326=CARTESIAN_POINT('',(-0.142,0.21,-0.0169999999999991));
#9327=CARTESIAN_POINT('',(-0.142,0.089,-0.016999999999999));
#9328=CARTESIAN_POINT('',(0.158,0.21,-0.016999999999999));
#9329=CARTESIAN_POINT('',(-0.158,0.21,-0.016999999999999));
#9330=CARTESIAN_POINT('',(-0.158,0.089,-0.016999999999999));
#9331=CARTESIAN_POINT('',(-0.158,0.089,-0.016999999999999));
#9332=CARTESIAN_POINT('',(0.158,0.089,-0.016999999999999));
#9333=CARTESIAN_POINT('',(0.158,0.089,-0.016999999999999));
#9334=CARTESIAN_POINT('',(-0.108,0.089,-0.016999999999999));
#9335=CARTESIAN_POINT('',(-0.108,0.089,-0.016999999999999));
#9336=CARTESIAN_POINT('',(-0.108,0.21,-0.0169999999999992));
#9337=CARTESIAN_POINT('',(0.158,0.089,-0.016999999999999));
#9338=CARTESIAN_POINT('',(-0.092,0.089,-0.016999999999999));
#9339=CARTESIAN_POINT('',(-0.092,0.089,-0.016999999999999));
#9340=CARTESIAN_POINT('',(-0.092,0.21,-0.0169999999999991));
#9341=CARTESIAN_POINT('',(0.158,0.21,-0.016999999999999));
#9342=CARTESIAN_POINT('',(0.158,0.089,-0.016999999999999));
#9343=CARTESIAN_POINT('',(-0.058,0.089,-0.016999999999999));
#9344=CARTESIAN_POINT('',(-0.058,0.089,-0.016999999999999));
#9345=CARTESIAN_POINT('',(-0.0579999999999999,0.21,-0.0169999999999991));
#9346=CARTESIAN_POINT('',(0.158,0.089,-0.016999999999999));
#9347=CARTESIAN_POINT('',(-0.042,0.089,-0.016999999999999));
#9348=CARTESIAN_POINT('',(-0.042,0.089,-0.016999999999999));
#9349=CARTESIAN_POINT('',(-0.042,0.21,-0.0169999999999991));
#9350=CARTESIAN_POINT('',(0.158,0.21,-0.016999999999999));
#9351=CARTESIAN_POINT('',(0.158,0.089,-0.016999999999999));
#9352=CARTESIAN_POINT('',(-0.00799999999999999,0.089,-0.016999999999999));
#9353=CARTESIAN_POINT('',(-0.008,0.089,-0.016999999999999));
#9354=CARTESIAN_POINT('',(-0.00799999999999996,0.21,-0.0169999999999991));
#9355=CARTESIAN_POINT('',(0.158,0.089,-0.016999999999999));
#9356=CARTESIAN_POINT('',(0.00799999999999998,0.089,-0.016999999999999));
#9357=CARTESIAN_POINT('',(0.00799999999999999,0.089,-0.016999999999999));
#9358=CARTESIAN_POINT('',(0.00799999999999999,0.21,-0.016999999999999));
#9359=CARTESIAN_POINT('',(0.158,0.21,-0.016999999999999));
#9360=CARTESIAN_POINT('',(0.158,0.089,-0.016999999999999));
#9361=CARTESIAN_POINT('',(0.042,0.089,-0.016999999999999));
#9362=CARTESIAN_POINT('',(0.042,0.089,-0.016999999999999));
#9363=CARTESIAN_POINT('',(0.042,0.21,-0.0169999999999991));
#9364=CARTESIAN_POINT('',(0.158,0.089,-0.016999999999999));
#9365=CARTESIAN_POINT('',(0.058,0.089,-0.016999999999999));
#9366=CARTESIAN_POINT('',(0.058,0.089,-0.016999999999999));
#9367=CARTESIAN_POINT('',(0.058,0.21,-0.016999999999999));
#9368=CARTESIAN_POINT('',(0.158,0.21,-0.016999999999999));
#9369=CARTESIAN_POINT('',(0.158,0.089,-0.016999999999999));
#9370=CARTESIAN_POINT('',(0.092,0.089,-0.016999999999999));
#9371=CARTESIAN_POINT('',(0.092,0.089,-0.016999999999999));
#9372=CARTESIAN_POINT('',(0.092,0.21,-0.0169999999999991));
#9373=CARTESIAN_POINT('',(0.158,0.089,-0.016999999999999));
#9374=CARTESIAN_POINT('',(0.108,0.089,-0.016999999999999));
#9375=CARTESIAN_POINT('',(0.108,0.089,-0.016999999999999));
#9376=CARTESIAN_POINT('',(0.108,0.21,-0.0169999999999991));
#9377=CARTESIAN_POINT('',(0.158,0.21,-0.016999999999999));
#9378=CARTESIAN_POINT('',(0.158,0.21,-0.016999999999999));
#9379=CARTESIAN_POINT('',(-0.094799999999931,0.319465611038401,-0.080200000000019));
#9380=CARTESIAN_POINT('',(-0.15280384757729,0.219,-0.022196152422705));
#9381=CARTESIAN_POINT('',(-0.0819999999999351,0.106076951545822,0.0430000000000197));
#9382=CARTESIAN_POINT('',(-0.14719615242271,0.219,-0.022196152422705));
#9383=CARTESIAN_POINT('',(0.158,0.219,-0.022196152422705));
#9384=CARTESIAN_POINT('',(0.158,0.21,-0.016999999999999));
#9385=CARTESIAN_POINT('',(-0.0547999999999425,0.302145102962704,-0.0702000000000156));
#9386=CARTESIAN_POINT('',(-0.10280384757729,0.219,-0.022196152422705));
#9387=CARTESIAN_POINT('',(-0.0419999999999465,0.123397459621519,0.0330000000000164));
#9388=CARTESIAN_POINT('',(-0.09719615242271,0.219,-0.022196152422705));
#9389=CARTESIAN_POINT('',(0.158,0.219,-0.022196152422705));
#9390=CARTESIAN_POINT('',(0.158,0.21,-0.016999999999999));
#9391=CARTESIAN_POINT('',(-0.0147999999999535,0.284824594887008,-0.0602000000000124));
#9392=CARTESIAN_POINT('',(-0.05280384757729,0.219,-0.022196152422705));
#9393=CARTESIAN_POINT('',(-0.00199999999995695,0.140717967697215,0.0230000000000134));
#9394=CARTESIAN_POINT('',(-0.04719615242271,0.219,-0.022196152422705));
#9395=CARTESIAN_POINT('',(0.158,0.219,-0.022196152422705));
#9396=CARTESIAN_POINT('',(0.158,0.21,-0.016999999999999));
#9397=CARTESIAN_POINT('',(0.0252000000000357,0.267504086811312,-0.0502000000000093));
#9398=CARTESIAN_POINT('',(-0.00280384757729002,0.219,-0.022196152422705));
#9399=CARTESIAN_POINT('',(0.0380000000000323,0.158038475772911,0.0130000000000103));
#9400=CARTESIAN_POINT('',(0.00280384757728999,0.219,-0.022196152422705));
#9401=CARTESIAN_POINT('',(0.158,0.219,-0.022196152422705));
#9402=CARTESIAN_POINT('',(0.158,0.21,-0.016999999999999));
#9403=CARTESIAN_POINT('',(0.065200000000025,0.250183578735615,-0.0402000000000062));
#9404=CARTESIAN_POINT('',(0.04719615242271,0.219,-0.022196152422705));
#9405=CARTESIAN_POINT('',(0.0780000000000215,0.175358983848607,0.00300000000000722));
#9406=CARTESIAN_POINT('',(0.05280384757729,0.219,-0.022196152422705));
#9407=CARTESIAN_POINT('',(0.158,0.219,-0.022196152422705));
#9408=CARTESIAN_POINT('',(0.158,0.21,-0.016999999999999));
#9409=CARTESIAN_POINT('',(0.105200000000014,0.232863070659919,-0.0302000000000031));
#9410=CARTESIAN_POINT('',(0.09719615242271,0.219,-0.022196152422705));
#9411=CARTESIAN_POINT('',(0.118000000000011,0.192679491924304,-0.0069999999999959));
#9412=CARTESIAN_POINT('',(0.10280384757729,0.219,-0.022196152422705));
#9413=CARTESIAN_POINT('',(0.158,0.219,-0.022196152422705));
#9414=CARTESIAN_POINT('',(0.158,0.219,-0.022196152422705));
#9415=CARTESIAN_POINT('',(-0.15280384757729,0.219,0.5));
#9416=CARTESIAN_POINT('',(-0.15280384757729,0.219,-0.027803847577292));
#9417=CARTESIAN_POINT('',(-0.14719615242271,0.219,0.5));
#9418=CARTESIAN_POINT('',(-0.14719615242271,0.219,-0.027803847577292));
#9419=CARTESIAN_POINT('',(0.158,0.219,-0.027803847577292));
#9420=CARTESIAN_POINT('',(0.158,0.219,-0.022196152422705));
#9421=CARTESIAN_POINT('',(-0.10280384757729,0.219,0.5));
#9422=CARTESIAN_POINT('',(-0.10280384757729,0.219,-0.027803847577292));
#9423=CARTESIAN_POINT('',(-0.09719615242271,0.219,0.5));
#9424=CARTESIAN_POINT('',(-0.0971961524227099,0.219,-0.027803847577292));
#9425=CARTESIAN_POINT('',(0.158,0.219,-0.027803847577292));
#9426=CARTESIAN_POINT('',(0.158,0.219,-0.022196152422705));
#9427=CARTESIAN_POINT('',(-0.05280384757729,0.219,0.5));
#9428=CARTESIAN_POINT('',(-0.05280384757729,0.219,-0.027803847577292));
#9429=CARTESIAN_POINT('',(-0.04719615242271,0.219,0.5));
#9430=CARTESIAN_POINT('',(-0.04719615242271,0.219,-0.027803847577292));
#9431=CARTESIAN_POINT('',(0.158,0.219,-0.027803847577292));
#9432=CARTESIAN_POINT('',(0.158,0.219,-0.022196152422705));
#9433=CARTESIAN_POINT('',(-0.00280384757729002,0.219,0.5));
#9434=CARTESIAN_POINT('',(-0.00280384757729003,0.219,-0.027803847577292));
#9435=CARTESIAN_POINT('',(0.00280384757728999,0.219,0.5));
#9436=CARTESIAN_POINT('',(0.00280384757728998,0.219,-0.0278038475772919));
#9437=CARTESIAN_POINT('',(0.158,0.219,-0.027803847577292));
#9438=CARTESIAN_POINT('',(0.158,0.219,-0.022196152422705));
#9439=CARTESIAN_POINT('',(0.04719615242271,0.219,0.5));
#9440=CARTESIAN_POINT('',(0.04719615242271,0.219,-0.027803847577292));
#9441=CARTESIAN_POINT('',(0.05280384757729,0.219,0.5));
#9442=CARTESIAN_POINT('',(0.05280384757729,0.219,-0.027803847577292));
#9443=CARTESIAN_POINT('',(0.158,0.219,-0.027803847577292));
#9444=CARTESIAN_POINT('',(0.158,0.219,-0.022196152422705));
#9445=CARTESIAN_POINT('',(0.09719615242271,0.219,0.5));
#9446=CARTESIAN_POINT('',(0.09719615242271,0.219,-0.027803847577292));
#9447=CARTESIAN_POINT('',(0.10280384757729,0.219,0.5));
#9448=CARTESIAN_POINT('',(0.10280384757729,0.219,-0.027803847577292));
#9449=CARTESIAN_POINT('',(0.158,0.219,-0.027803847577292));
#9450=CARTESIAN_POINT('',(0.158,0.219,-0.027803847577292));
#9451=CARTESIAN_POINT('',(-0.0906430780617642,0.326665611038399,0.0343569219381857));
#9452=CARTESIAN_POINT('',(-0.086156921938102,0.11327695154582,-0.0888430780618531));
#9453=CARTESIAN_POINT('',(0.158,0.219,-0.027803847577292));
#9454=CARTESIAN_POINT('',(-0.0506430780617756,0.309345102962702,0.0243569219381823));
#9455=CARTESIAN_POINT('',(-0.0461569219381133,0.130597459621517,-0.0788430780618497));
#9456=CARTESIAN_POINT('',(0.158,0.219,-0.027803847577292));
#9457=CARTESIAN_POINT('',(-0.0106430780617867,0.292024594887006,0.0143569219381791));
#9458=CARTESIAN_POINT('',(-0.00615692193812386,0.147917967697213,-0.0688430780618467));
#9459=CARTESIAN_POINT('',(0.158,0.219,-0.027803847577292));
#9460=CARTESIAN_POINT('',(0.0293569219382026,0.27470408681131,0.00435692193817599));
#9461=CARTESIAN_POINT('',(0.0338430780618655,0.165238475772909,-0.0588430780618437));
#9462=CARTESIAN_POINT('',(0.158,0.219,-0.027803847577292));
#9463=CARTESIAN_POINT('',(0.0693569219381919,0.257383578735613,-0.00564307806182709));
#9464=CARTESIAN_POINT('',(0.0738430780618547,0.182558983848605,-0.0488430780618405));
#9465=CARTESIAN_POINT('',(0.158,0.219,-0.027803847577292));
#9466=CARTESIAN_POINT('',(0.109356921938181,0.240063070659917,-0.0156430780618302));
#9467=CARTESIAN_POINT('',(0.113843078061844,0.199879491924302,-0.0388430780618374));
#9468=CARTESIAN_POINT('',(0.158,0.21,-0.032999999999998));
#9469=CARTESIAN_POINT('',(0.142,0.21,-0.032999999999998));
#9470=CARTESIAN_POINT('',(0.142,0.21,-0.032999999999998));
#9471=CARTESIAN_POINT('',(0.142,0.099,-0.032999999999998));
#9472=CARTESIAN_POINT('',(0.158,0.21,-0.032999999999998));
#9473=CARTESIAN_POINT('',(0.158,0.21,-0.032999999999998));
#9474=CARTESIAN_POINT('',(0.158,0.21,-0.032999999999998));
#9475=CARTESIAN_POINT('',(0.158,0.099,-0.032999999999998));
#9476=CARTESIAN_POINT('',(0.158,0.099,-0.032999999999998));
#9477=CARTESIAN_POINT('',(0.158,0.099,-0.032999999999998));
#9478=CARTESIAN_POINT('',(-0.142,0.099,-0.032999999999998));
#9479=CARTESIAN_POINT('',(-0.142,0.089,-0.0262653061224474));
#9480=CARTESIAN_POINT('',(0.158,0.089,-0.0262653061224474));
#9481=CARTESIAN_POINT('',(-0.108,0.089,-0.0262653061224474));
#9482=CARTESIAN_POINT('',(-0.108,0.099,-0.032999999999998));
#9483=CARTESIAN_POINT('',(-0.092,0.099,-0.032999999999998));
#9484=CARTESIAN_POINT('',(-0.092,0.089,-0.0262653061224474));
#9485=CARTESIAN_POINT('',(0.158,0.089,-0.0262653061224474));
#9486=CARTESIAN_POINT('',(-0.058,0.089,-0.0262653061224474));
#9487=CARTESIAN_POINT('',(-0.058,0.099,-0.032999999999998));
#9488=CARTESIAN_POINT('',(-0.042,0.099,-0.032999999999998));
#9489=CARTESIAN_POINT('',(-0.042,0.089,-0.0262653061224474));
#9490=CARTESIAN_POINT('',(0.158,0.089,-0.0262653061224474));
#9491=CARTESIAN_POINT('',(-0.00799999999999999,0.089,-0.0262653061224474));
#9492=CARTESIAN_POINT('',(-0.00799999999999999,0.099,-0.032999999999998));
#9493=CARTESIAN_POINT('',(0.00799999999999999,0.099,-0.032999999999998));
#9494=CARTESIAN_POINT('',(0.00799999999999998,0.089,-0.0262653061224474));
#9495=CARTESIAN_POINT('',(0.158,0.089,-0.0262653061224474));
#9496=CARTESIAN_POINT('',(0.042,0.089,-0.0262653061224474));
#9497=CARTESIAN_POINT('',(0.042,0.099,-0.032999999999998));
#9498=CARTESIAN_POINT('',(0.058,0.099,-0.032999999999998));
#9499=CARTESIAN_POINT('',(0.058,0.089,-0.0262653061224474));
#9500=CARTESIAN_POINT('',(0.158,0.089,-0.0262653061224474));
#9501=CARTESIAN_POINT('',(0.092,0.089,-0.0262653061224474));
#9502=CARTESIAN_POINT('',(0.092,0.099,-0.032999999999998));
#9503=CARTESIAN_POINT('',(0.108,0.099,-0.032999999999998));
#9504=CARTESIAN_POINT('',(0.108,0.089,-0.0262653061224474));
#9505=CARTESIAN_POINT('',(0.158,0.089,-0.0262653061224474));
#9506=CARTESIAN_POINT('',(0.142,0.089,-0.0262653061224474));
#9507=CARTESIAN_POINT('',(0.142,0.099,-0.032999999999998));
#9508=CARTESIAN_POINT('',(0.158,0.099,-0.032999999999998));
#9509=CARTESIAN_POINT('',(0.158,0.05,0.));
#9510=CARTESIAN_POINT('',(0.158,0.05,0.));
#9511=CARTESIAN_POINT('',(-0.158,0.05,0.));
#9512=CARTESIAN_POINT('',(-0.158,0.099,-0.032999999999998));
#9513=CARTESIAN_POINT('',(0.158,0.05,0.));
#9514=CARTESIAN_POINT('',(-0.142,0.05,0.));
#9515=CARTESIAN_POINT('',(-0.142,0.089,0.0262653061224498));
#9516=CARTESIAN_POINT('',(-0.158,0.05,0.));
#9517=CARTESIAN_POINT('',(0.158,0.05,0.));
#9518=CARTESIAN_POINT('',(0.158,0.099,0.033000000000001));
#9519=CARTESIAN_POINT('',(0.158,0.099,0.033000000000001));
#9520=CARTESIAN_POINT('',(0.142,0.099,0.033000000000001));
#9521=CARTESIAN_POINT('',(0.142,0.05,0.));
#9522=CARTESIAN_POINT('',(0.142,0.089,0.0262653061224497));
#9523=CARTESIAN_POINT('',(0.158,0.089,0.0262653061224498));
#9524=CARTESIAN_POINT('',(0.108,0.089,0.0262653061224498));
#9525=CARTESIAN_POINT('',(0.108,0.05,0.));
#9526=CARTESIAN_POINT('',(0.092,0.05,0.));
#9527=CARTESIAN_POINT('',(0.092,0.089,0.0262653061224497));
#9528=CARTESIAN_POINT('',(0.158,0.089,0.0262653061224498));
#9529=CARTESIAN_POINT('',(0.058,0.089,0.0262653061224498));
#9530=CARTESIAN_POINT('',(0.058,0.05,0.));
#9531=CARTESIAN_POINT('',(0.042,0.05,0.));
#9532=CARTESIAN_POINT('',(0.042,0.089,0.0262653061224497));
#9533=CARTESIAN_POINT('',(0.158,0.089,0.0262653061224498));
#9534=CARTESIAN_POINT('',(0.00799999999999998,0.089,0.0262653061224498));
#9535=CARTESIAN_POINT('',(0.00799999999999999,0.05,0.));
#9536=CARTESIAN_POINT('',(-0.00799999999999999,0.05,0.));
#9537=CARTESIAN_POINT('',(-0.00799999999999999,0.089,0.0262653061224497));
#9538=CARTESIAN_POINT('',(0.158,0.089,0.0262653061224498));
#9539=CARTESIAN_POINT('',(-0.042,0.089,0.0262653061224498));
#9540=CARTESIAN_POINT('',(-0.042,0.05,0.));
#9541=CARTESIAN_POINT('',(-0.058,0.05,0.));
#9542=CARTESIAN_POINT('',(-0.058,0.089,0.0262653061224497));
#9543=CARTESIAN_POINT('',(0.158,0.089,0.0262653061224498));
#9544=CARTESIAN_POINT('',(-0.092,0.089,0.0262653061224498));
#9545=CARTESIAN_POINT('',(-0.092,0.05,0.));
#9546=CARTESIAN_POINT('',(-0.108,0.05,0.));
#9547=CARTESIAN_POINT('',(-0.108,0.089,0.0262653061224497));
#9548=CARTESIAN_POINT('',(0.158,0.089,0.0262653061224498));
#9549=CARTESIAN_POINT('',(0.158,0.099,0.033000000000001));
#9550=CARTESIAN_POINT('',(0.142,0.099,0.033000000000001));
#9551=CARTESIAN_POINT('',(0.142,0.21,0.0330000000000011));
#9552=CARTESIAN_POINT('',(0.158,0.099,0.033000000000001));
#9553=CARTESIAN_POINT('',(0.158,0.21,0.033000000000001));
#9554=CARTESIAN_POINT('',(0.158,0.21,0.033000000000001));
#9555=CARTESIAN_POINT('',(0.158,0.21,0.033000000000001));
#9556=CARTESIAN_POINT('',(0.145200000000003,0.215542562584223,0.0298));
#9557=CARTESIAN_POINT('',(0.14719615242271,0.219,0.027803847577295));
#9558=CARTESIAN_POINT('',(0.158,0.21,0.033000000000001));
#9559=CARTESIAN_POINT('',(0.15280384757729,0.219,0.027803847577295));
#9560=CARTESIAN_POINT('',(0.158,0.219,0.027803847577295));
#9561=CARTESIAN_POINT('',(0.158,0.219,0.027803847577295));
#9562=CARTESIAN_POINT('',(0.14719615242271,0.219,0.5));
#9563=CARTESIAN_POINT('',(0.14719615242271,0.219,0.022196152422708));
#9564=CARTESIAN_POINT('',(0.15280384757729,0.219,0.5));
#9565=CARTESIAN_POINT('',(0.15280384757729,0.219,0.022196152422708));
#9566=CARTESIAN_POINT('',(0.158,0.219,0.022196152422708));
#9567=CARTESIAN_POINT('',(0.158,0.219,0.022196152422708));
#9568=CARTESIAN_POINT('',(0.14935692193817,0.222742562584221,0.0243569219381669));
#9569=CARTESIAN_POINT('',(0.142,0.21,0.017000000000001));
#9570=CARTESIAN_POINT('',(0.153843078061833,0.217199999999998,0.0211569219381656));
#9571=CARTESIAN_POINT('',(0.158,0.21,0.017000000000001));
#9572=CARTESIAN_POINT('',(0.158,0.21,0.017000000000001));
#9573=CARTESIAN_POINT('',(0.158,0.21,0.017000000000001));
#9574=CARTESIAN_POINT('',(0.142,0.21,0.017000000000001));
#9575=CARTESIAN_POINT('',(0.142,0.089,0.017000000000001));
#9576=CARTESIAN_POINT('',(0.158,0.21,0.017000000000001));
#9577=CARTESIAN_POINT('',(0.158,0.089,0.017000000000001));
#9578=CARTESIAN_POINT('',(0.158,0.089,0.017000000000001));
#9579=CARTESIAN_POINT('',(0.158,0.089,0.017000000000001));
#9580=CARTESIAN_POINT('',(0.158,0.089,-0.016999999999999));
#9581=CARTESIAN_POINT('',(0.158,0.089,-0.016999999999999));
#9582=CARTESIAN_POINT('',(0.142,0.089,-0.016999999999999));
#9583=CARTESIAN_POINT('',(0.142,0.089,0.5));
#9584=CARTESIAN_POINT('',(0.108,0.089,0.5));
#9585=CARTESIAN_POINT('',(0.092,0.089,0.5));
#9586=CARTESIAN_POINT('',(0.058,0.089,0.5));
#9587=CARTESIAN_POINT('',(0.042,0.089,0.5));
#9588=CARTESIAN_POINT('',(0.00799999999999998,0.089,0.5));
#9589=CARTESIAN_POINT('',(-0.008,0.089,0.5));
#9590=CARTESIAN_POINT('',(-0.042,0.089,0.5));
#9591=CARTESIAN_POINT('',(-0.058,0.089,0.5));
#9592=CARTESIAN_POINT('',(-0.092,0.089,0.5));
#9593=CARTESIAN_POINT('',(-0.108,0.089,0.5));
#9594=CARTESIAN_POINT('',(-0.142,0.089,0.5));
#9595=CARTESIAN_POINT('',(-0.158,0.089,0.017000000000001));
#9596=CARTESIAN_POINT('',(-0.142,0.089,0.5));
#9597=CARTESIAN_POINT('',(-0.108,0.089,0.5));
#9598=CARTESIAN_POINT('',(-0.092,0.089,0.5));
#9599=CARTESIAN_POINT('',(-0.058,0.089,0.5));
#9600=CARTESIAN_POINT('',(-0.042,0.089,0.5));
#9601=CARTESIAN_POINT('',(-0.008,0.089,0.5));
#9602=CARTESIAN_POINT('',(0.00799999999999998,0.089,0.5));
#9603=CARTESIAN_POINT('',(0.042,0.089,0.5));
#9604=CARTESIAN_POINT('',(0.058,0.089,0.5));
#9605=CARTESIAN_POINT('',(0.092,0.089,0.5));
#9606=CARTESIAN_POINT('',(0.108,0.089,0.5));
#9607=CARTESIAN_POINT('',(0.142,0.089,0.5));
#9608=CARTESIAN_POINT('',(0.158,0.089,0.017000000000001));
#9609=CARTESIAN_POINT('',(0.158,0.089,-0.016999999999999));
#9610=CARTESIAN_POINT('',(0.142,0.089,-0.016999999999999));
#9611=CARTESIAN_POINT('',(0.142,0.21,-0.0169999999999991));
#9612=CARTESIAN_POINT('',(0.158,0.089,-0.016999999999999));
#9613=CARTESIAN_POINT('',(0.158,0.21,-0.016999999999999));
#9614=CARTESIAN_POINT('',(0.158,0.21,-0.016999999999999));
#9615=CARTESIAN_POINT('',(0.158,0.21,-0.016999999999999));
#9616=CARTESIAN_POINT('',(0.145200000000003,0.215542562584223,-0.0202));
#9617=CARTESIAN_POINT('',(0.14719615242271,0.219,-0.022196152422705));
#9618=CARTESIAN_POINT('',(0.158,0.21,-0.016999999999999));
#9619=CARTESIAN_POINT('',(0.15280384757729,0.219,-0.022196152422705));
#9620=CARTESIAN_POINT('',(0.158,0.219,-0.022196152422705));
#9621=CARTESIAN_POINT('',(0.158,0.219,-0.022196152422705));
#9622=CARTESIAN_POINT('',(0.14719615242271,0.219,0.5));
#9623=CARTESIAN_POINT('',(0.14719615242271,0.219,-0.027803847577292));
#9624=CARTESIAN_POINT('',(0.15280384757729,0.219,0.5));
#9625=CARTESIAN_POINT('',(0.15280384757729,0.219,-0.027803847577292));
#9626=CARTESIAN_POINT('',(0.158,0.219,-0.027803847577292));
#9627=CARTESIAN_POINT('',(0.158,0.219,-0.027803847577292));
#9628=CARTESIAN_POINT('',(0.14935692193817,0.222742562584221,-0.0256430780618333));
#9629=CARTESIAN_POINT('',(0.153843078061833,0.217199999999998,-0.0288430780618343));
#9630=CARTESIAN_POINT('',(0.158,0.,0.));
#9631=CARTESIAN_POINT('',(0.158,0.21,0.));
#9632=CARTESIAN_POINT('',(0.158,0.21,0.));
#9633=CARTESIAN_POINT('',(-0.158,0.,0.));
#9634=CARTESIAN_POINT('',(-0.158,0.21,0.));
#9635=CARTESIAN_POINT('',(-0.158,0.21,0.));
#9636=CARTESIAN_POINT('',(-0.15280384757729,0.219,0.5));
#9637=CARTESIAN_POINT('',(-0.15280384757729,0.219,0.5));
#9638=CARTESIAN_POINT('',(0.158,0.21,0.5));
#9639=CARTESIAN_POINT('',(0.158,0.21,0.5));
#9640=CARTESIAN_POINT('',(0.108,0.21,0.5));
#9641=CARTESIAN_POINT('',(0.108,0.21,0.5));
#9642=CARTESIAN_POINT('',(0.14719615242271,0.219,0.5));
#9643=CARTESIAN_POINT('',(0.142,0.21,0.5));
#9644=CARTESIAN_POINT('',(0.142,0.21,0.5));
#9645=CARTESIAN_POINT('',(0.108,0.089,0.5));
#9646=CARTESIAN_POINT('',(0.058,0.21,0.5));
#9647=CARTESIAN_POINT('',(0.058,0.21,0.5));
#9648=CARTESIAN_POINT('',(0.09719615242271,0.219,0.5));
#9649=CARTESIAN_POINT('',(0.092,0.21,0.5));
#9650=CARTESIAN_POINT('',(0.092,0.21,0.5));
#9651=CARTESIAN_POINT('',(0.058,0.089,0.5));
#9652=CARTESIAN_POINT('',(0.00799999999999998,0.21,0.5));
#9653=CARTESIAN_POINT('',(0.00799999999999998,0.21,0.5));
#9654=CARTESIAN_POINT('',(0.04719615242271,0.219,0.5));
#9655=CARTESIAN_POINT('',(0.042,0.21,0.5));
#9656=CARTESIAN_POINT('',(0.042,0.21,0.5));
#9657=CARTESIAN_POINT('',(0.00799999999999998,0.089,0.5));
#9658=CARTESIAN_POINT('',(-0.042,0.21,0.5));
#9659=CARTESIAN_POINT('',(-0.042,0.21,0.5));
#9660=CARTESIAN_POINT('',(-0.00280384757729002,0.219,0.5));
#9661=CARTESIAN_POINT('',(-0.008,0.21,0.5));
#9662=CARTESIAN_POINT('',(-0.008,0.21,0.5));
#9663=CARTESIAN_POINT('',(-0.042,0.089,0.5));
#9664=CARTESIAN_POINT('',(-0.092,0.21,0.5));
#9665=CARTESIAN_POINT('',(-0.092,0.21,0.5));
#9666=CARTESIAN_POINT('',(-0.05280384757729,0.219,0.5));
#9667=CARTESIAN_POINT('',(-0.058,0.21,0.5));
#9668=CARTESIAN_POINT('',(-0.058,0.21,0.5));
#9669=CARTESIAN_POINT('',(-0.092,0.089,0.5));
#9670=CARTESIAN_POINT('',(-0.142,0.21,0.5));
#9671=CARTESIAN_POINT('',(-0.142,0.21,0.5));
#9672=CARTESIAN_POINT('',(-0.10280384757729,0.219,0.5));
#9673=CARTESIAN_POINT('',(-0.108,0.21,0.5));
#9674=CARTESIAN_POINT('',(-0.108,0.21,0.5));
#9675=CARTESIAN_POINT('',(-0.142,0.089,0.5));
#9676=CARTESIAN_POINT('',(0.142,0.21,0.5));
#9677=CARTESIAN_POINT('',(0.142,0.21,0.5));
#9678=CARTESIAN_POINT('',(0.108,0.089,0.5));
#9679=CARTESIAN_POINT('',(0.108,0.21,0.5));
#9680=CARTESIAN_POINT('',(0.14719615242271,0.219,0.5));
#9681=CARTESIAN_POINT('',(0.108,0.21,0.5));
#9682=CARTESIAN_POINT('',(0.092,0.21,0.5));
#9683=CARTESIAN_POINT('',(0.092,0.21,0.5));
#9684=CARTESIAN_POINT('',(0.058,0.089,0.5));
#9685=CARTESIAN_POINT('',(0.058,0.21,0.5));
#9686=CARTESIAN_POINT('',(0.09719615242271,0.219,0.5));
#9687=CARTESIAN_POINT('',(0.058,0.21,0.5));
#9688=CARTESIAN_POINT('',(0.042,0.21,0.5));
#9689=CARTESIAN_POINT('',(0.042,0.21,0.5));
#9690=CARTESIAN_POINT('',(0.00799999999999998,0.089,0.5));
#9691=CARTESIAN_POINT('',(0.00799999999999998,0.21,0.5));
#9692=CARTESIAN_POINT('',(0.04719615242271,0.219,0.5));
#9693=CARTESIAN_POINT('',(0.00799999999999998,0.21,0.5));
#9694=CARTESIAN_POINT('',(-0.008,0.21,0.5));
#9695=CARTESIAN_POINT('',(-0.008,0.21,0.5));
#9696=CARTESIAN_POINT('',(-0.042,0.089,0.5));
#9697=CARTESIAN_POINT('',(-0.042,0.21,0.5));
#9698=CARTESIAN_POINT('',(-0.00280384757729002,0.219,0.5));
#9699=CARTESIAN_POINT('',(-0.042,0.21,0.5));
#9700=CARTESIAN_POINT('',(-0.058,0.21,0.5));
#9701=CARTESIAN_POINT('',(-0.058,0.21,0.5));
#9702=CARTESIAN_POINT('',(-0.092,0.089,0.5));
#9703=CARTESIAN_POINT('',(-0.092,0.21,0.5));
#9704=CARTESIAN_POINT('',(-0.05280384757729,0.219,0.5));
#9705=CARTESIAN_POINT('',(-0.092,0.21,0.5));
#9706=CARTESIAN_POINT('',(-0.142,0.089,0.5));
#9707=CARTESIAN_POINT('',(-0.142,0.21,0.5));
#9708=CARTESIAN_POINT('',(-0.108,0.21,0.5));
#9709=CARTESIAN_POINT('',(-0.108,0.21,0.5));
#9710=CARTESIAN_POINT('',(-0.142,0.21,0.5));
#9711=CARTESIAN_POINT('',(-0.10280384757729,0.219,0.5));
#9712=CARTESIAN_POINT('',(0.,0.,0.));
#9713=CARTESIAN_POINT('',(0.158,0.,-0.066));
#9714=CARTESIAN_POINT('',(0.142,0.,-0.066));
#9715=CARTESIAN_POINT('',(0.142,0.,-0.066));
#9716=CARTESIAN_POINT('',(0.142,0.,-0.115));
#9717=CARTESIAN_POINT('',(0.158,0.,-0.066));
#9718=CARTESIAN_POINT('',(0.158,0.,-0.066));
#9719=CARTESIAN_POINT('',(0.158,0.,-0.066));
#9720=CARTESIAN_POINT('',(0.158,0.,-0.115));
#9721=CARTESIAN_POINT('',(0.158,0.,-0.115));
#9722=CARTESIAN_POINT('',(0.158,0.,-0.066));
#9723=CARTESIAN_POINT('',(0.108,0.,-0.066));
#9724=CARTESIAN_POINT('',(0.108,0.,-0.115));
#9725=CARTESIAN_POINT('',(0.108,0.,-0.066));
#9726=CARTESIAN_POINT('',(0.158,0.,-0.115));
#9727=CARTESIAN_POINT('',(0.092,0.,-0.115));
#9728=CARTESIAN_POINT('',(0.092,0.,-0.066));
#9729=CARTESIAN_POINT('',(0.092,0.,-0.066));
#9730=CARTESIAN_POINT('',(0.158,0.,-0.066));
#9731=CARTESIAN_POINT('',(0.158,0.,-0.066));
#9732=CARTESIAN_POINT('',(0.058,0.,-0.066));
#9733=CARTESIAN_POINT('',(0.058,0.,-0.115));
#9734=CARTESIAN_POINT('',(0.058,0.,-0.066));
#9735=CARTESIAN_POINT('',(0.158,0.,-0.115));
#9736=CARTESIAN_POINT('',(0.042,0.,-0.115));
#9737=CARTESIAN_POINT('',(0.042,0.,-0.066));
#9738=CARTESIAN_POINT('',(0.042,0.,-0.066));
#9739=CARTESIAN_POINT('',(0.158,0.,-0.066));
#9740=CARTESIAN_POINT('',(0.158,0.,-0.066));
#9741=CARTESIAN_POINT('',(0.00799999999999999,0.,-0.066));
#9742=CARTESIAN_POINT('',(0.00799999999999999,0.,-0.115));
#9743=CARTESIAN_POINT('',(0.00799999999999999,0.,-0.066));
#9744=CARTESIAN_POINT('',(0.158,0.,-0.115));
#9745=CARTESIAN_POINT('',(-0.00799999999999999,0.,-0.115));
#9746=CARTESIAN_POINT('',(-0.00799999999999999,0.,-0.066));
#9747=CARTESIAN_POINT('',(-0.00799999999999999,0.,-0.066));
#9748=CARTESIAN_POINT('',(0.158,0.,-0.066));
#9749=CARTESIAN_POINT('',(0.158,0.,-0.066));
#9750=CARTESIAN_POINT('',(-0.042,0.,-0.066));
#9751=CARTESIAN_POINT('',(-0.042,0.,-0.115));
#9752=CARTESIAN_POINT('',(-0.042,0.,-0.066));
#9753=CARTESIAN_POINT('',(0.158,0.,-0.115));
#9754=CARTESIAN_POINT('',(-0.058,0.,-0.115));
#9755=CARTESIAN_POINT('',(-0.058,0.,-0.066));
#9756=CARTESIAN_POINT('',(-0.058,0.,-0.066));
#9757=CARTESIAN_POINT('',(0.158,0.,-0.066));
#9758=CARTESIAN_POINT('',(0.158,0.,-0.066));
#9759=CARTESIAN_POINT('',(-0.092,0.,-0.066));
#9760=CARTESIAN_POINT('',(-0.092,0.,-0.115));
#9761=CARTESIAN_POINT('',(-0.092,0.,-0.066));
#9762=CARTESIAN_POINT('',(0.158,0.,-0.115));
#9763=CARTESIAN_POINT('',(-0.108,0.,-0.115));
#9764=CARTESIAN_POINT('',(-0.108,0.,-0.066));
#9765=CARTESIAN_POINT('',(-0.108,0.,-0.066));
#9766=CARTESIAN_POINT('',(0.158,0.,-0.066));
#9767=CARTESIAN_POINT('',(0.158,0.,-0.115));
#9768=CARTESIAN_POINT('',(0.142,0.,-0.115));
#9769=CARTESIAN_POINT('',(0.142,-0.016,-0.115));
#9770=CARTESIAN_POINT('',(0.158,0.,-0.115));
#9771=CARTESIAN_POINT('',(0.158,-0.016,-0.115));
#9772=CARTESIAN_POINT('',(0.158,-0.016,-0.115));
#9773=CARTESIAN_POINT('',(0.158,0.,-0.115));
#9774=CARTESIAN_POINT('',(0.108,0.,-0.115));
#9775=CARTESIAN_POINT('',(0.108,-0.016,-0.115));
#9776=CARTESIAN_POINT('',(0.158,-0.016,-0.115));
#9777=CARTESIAN_POINT('',(0.092,-0.016,-0.115));
#9778=CARTESIAN_POINT('',(0.092,0.,-0.115));
#9779=CARTESIAN_POINT('',(0.158,0.,-0.115));
#9780=CARTESIAN_POINT('',(0.058,0.,-0.115));
#9781=CARTESIAN_POINT('',(0.058,-0.016,-0.115));
#9782=CARTESIAN_POINT('',(0.158,-0.016,-0.115));
#9783=CARTESIAN_POINT('',(0.042,-0.016,-0.115));
#9784=CARTESIAN_POINT('',(0.042,0.,-0.115));
#9785=CARTESIAN_POINT('',(0.158,0.,-0.115));
#9786=CARTESIAN_POINT('',(0.00799999999999999,0.,-0.115));
#9787=CARTESIAN_POINT('',(0.00799999999999999,-0.016,-0.115));
#9788=CARTESIAN_POINT('',(0.158,-0.016,-0.115));
#9789=CARTESIAN_POINT('',(-0.00799999999999999,-0.016,-0.115));
#9790=CARTESIAN_POINT('',(-0.00799999999999999,0.,-0.115));
#9791=CARTESIAN_POINT('',(0.158,0.,-0.115));
#9792=CARTESIAN_POINT('',(-0.042,0.,-0.115));
#9793=CARTESIAN_POINT('',(-0.042,-0.016,-0.115));
#9794=CARTESIAN_POINT('',(0.158,-0.016,-0.115));
#9795=CARTESIAN_POINT('',(-0.058,-0.016,-0.115));
#9796=CARTESIAN_POINT('',(-0.058,0.,-0.115));
#9797=CARTESIAN_POINT('',(0.158,0.,-0.115));
#9798=CARTESIAN_POINT('',(-0.092,0.,-0.115));
#9799=CARTESIAN_POINT('',(-0.092,-0.016,-0.115));
#9800=CARTESIAN_POINT('',(0.158,-0.016,-0.115));
#9801=CARTESIAN_POINT('',(-0.108,-0.016,-0.115));
#9802=CARTESIAN_POINT('',(-0.108,0.,-0.115));
#9803=CARTESIAN_POINT('',(0.158,-0.016,-0.115));
#9804=CARTESIAN_POINT('',(0.142,-0.016,-0.115));
#9805=CARTESIAN_POINT('',(0.142,-0.016,-0.0403238075793815));
#9806=CARTESIAN_POINT('',(0.158,-0.016,-0.115));
#9807=CARTESIAN_POINT('',(0.158,-0.016,-0.0403238075793815));
#9808=CARTESIAN_POINT('',(0.158,-0.016,-0.0403238075793815));
#9809=CARTESIAN_POINT('',(0.158,-0.016,-0.115));
#9810=CARTESIAN_POINT('',(0.108,-0.016,-0.115));
#9811=CARTESIAN_POINT('',(0.108,-0.016,-0.0403238075793815));
#9812=CARTESIAN_POINT('',(0.158,-0.016,-0.0403238075793815));
#9813=CARTESIAN_POINT('',(0.092,-0.016,-0.0403238075793815));
#9814=CARTESIAN_POINT('',(0.092,-0.016,-0.115));
#9815=CARTESIAN_POINT('',(0.158,-0.016,-0.115));
#9816=CARTESIAN_POINT('',(0.058,-0.016,-0.115));
#9817=CARTESIAN_POINT('',(0.058,-0.016,-0.0403238075793815));
#9818=CARTESIAN_POINT('',(0.158,-0.016,-0.0403238075793815));
#9819=CARTESIAN_POINT('',(0.042,-0.016,-0.0403238075793815));
#9820=CARTESIAN_POINT('',(0.042,-0.016,-0.115));
#9821=CARTESIAN_POINT('',(0.158,-0.016,-0.115));
#9822=CARTESIAN_POINT('',(0.00799999999999999,-0.016,-0.115));
#9823=CARTESIAN_POINT('',(0.00799999999999999,-0.016,-0.0403238075793815));
#9824=CARTESIAN_POINT('',(0.158,-0.016,-0.0403238075793815));
#9825=CARTESIAN_POINT('',(-0.00799999999999999,-0.016,-0.0403238075793815));
#9826=CARTESIAN_POINT('',(-0.00799999999999999,-0.016,-0.115));
#9827=CARTESIAN_POINT('',(0.158,-0.016,-0.115));
#9828=CARTESIAN_POINT('',(-0.042,-0.016,-0.115));
#9829=CARTESIAN_POINT('',(-0.042,-0.016,-0.0403238075793815));
#9830=CARTESIAN_POINT('',(0.158,-0.016,-0.0403238075793815));
#9831=CARTESIAN_POINT('',(-0.058,-0.016,-0.0403238075793815));
#9832=CARTESIAN_POINT('',(-0.058,-0.016,-0.115));
#9833=CARTESIAN_POINT('',(0.158,-0.016,-0.115));
#9834=CARTESIAN_POINT('',(-0.092,-0.016,-0.115));
#9835=CARTESIAN_POINT('',(-0.092,-0.016,-0.0403238075793815));
#9836=CARTESIAN_POINT('',(0.158,-0.016,-0.0403238075793815));
#9837=CARTESIAN_POINT('',(-0.108,-0.016,-0.0403238075793815));
#9838=CARTESIAN_POINT('',(-0.108,-0.016,-0.115));
#9839=CARTESIAN_POINT('',(0.158,0.0090000000000005,-0.0403238075793815));
#9840=CARTESIAN_POINT('',(0.142,0.0090000000000005,-0.0403238075793815));
#9841=CARTESIAN_POINT('',(0.142,-1.0671281225251E-17,-0.017));
#9842=CARTESIAN_POINT('',(0.158,0.0090000000000005,-0.0403238075793815));
#9843=CARTESIAN_POINT('',(0.158,-1.28055374703012E-17,-0.017));
#9844=CARTESIAN_POINT('',(0.158,-1.28055374703012E-17,-0.017));
#9845=CARTESIAN_POINT('',(0.158,0.0090000000000005,-0.0403238075793815));
#9846=CARTESIAN_POINT('',(0.108,0.0090000000000005,-0.0403238075793815));
#9847=CARTESIAN_POINT('',(0.108,-1.0671281225251E-17,-0.017));
#9848=CARTESIAN_POINT('',(0.158,-1.28055374703012E-17,-0.017));
#9849=CARTESIAN_POINT('',(0.092,-1.0671281225251E-17,-0.017));
#9850=CARTESIAN_POINT('',(0.092,0.0090000000000005,-0.0403238075793815));
#9851=CARTESIAN_POINT('',(0.158,0.0090000000000005,-0.0403238075793815));
#9852=CARTESIAN_POINT('',(0.058,0.0090000000000005,-0.0403238075793815));
#9853=CARTESIAN_POINT('',(0.058,-1.0671281225251E-17,-0.017));
#9854=CARTESIAN_POINT('',(0.158,-1.28055374703012E-17,-0.017));
#9855=CARTESIAN_POINT('',(0.042,-1.0671281225251E-17,-0.017));
#9856=CARTESIAN_POINT('',(0.042,0.0090000000000005,-0.0403238075793815));
#9857=CARTESIAN_POINT('',(0.158,0.0090000000000005,-0.0403238075793815));
#9858=CARTESIAN_POINT('',(0.00799999999999999,0.0090000000000005,-0.0403238075793815));
#9859=CARTESIAN_POINT('',(0.00799999999999999,-1.0671281225251E-17,-0.017));
#9860=CARTESIAN_POINT('',(0.158,-1.28055374703012E-17,-0.017));
#9861=CARTESIAN_POINT('',(-0.00799999999999999,-1.0671281225251E-17,-0.017));
#9862=CARTESIAN_POINT('',(-0.00799999999999999,0.0090000000000005,-0.0403238075793815));
#9863=CARTESIAN_POINT('',(0.158,0.0090000000000005,-0.0403238075793815));
#9864=CARTESIAN_POINT('',(-0.042,0.0090000000000005,-0.0403238075793815));
#9865=CARTESIAN_POINT('',(-0.042,-1.0671281225251E-17,-0.017));
#9866=CARTESIAN_POINT('',(0.158,-1.28055374703012E-17,-0.017));
#9867=CARTESIAN_POINT('',(-0.058,-1.0671281225251E-17,-0.017));
#9868=CARTESIAN_POINT('',(-0.058,0.0090000000000005,-0.0403238075793815));
#9869=CARTESIAN_POINT('',(0.158,0.0090000000000005,-0.0403238075793815));
#9870=CARTESIAN_POINT('',(-0.092,0.0090000000000005,-0.0403238075793815));
#9871=CARTESIAN_POINT('',(-0.092,-1.0671281225251E-17,-0.017));
#9872=CARTESIAN_POINT('',(0.158,-1.28055374703012E-17,-0.017));
#9873=CARTESIAN_POINT('',(-0.108,-1.0671281225251E-17,-0.017));
#9874=CARTESIAN_POINT('',(-0.108,0.0090000000000005,-0.0403238075793815));
#9875=CARTESIAN_POINT('',(0.158,-8.67361737988404E-18,-0.017));
#9876=CARTESIAN_POINT('',(0.142,-8.67361737988404E-18,-0.017));
#9877=CARTESIAN_POINT('',(0.142,0.01,-0.017));
#9878=CARTESIAN_POINT('',(0.158,-8.67361737988404E-18,-0.017));
#9879=CARTESIAN_POINT('',(0.158,0.01,-0.017));
#9880=CARTESIAN_POINT('',(0.158,0.01,-0.017));
#9881=CARTESIAN_POINT('',(0.158,-8.67361737988404E-18,-0.017));
#9882=CARTESIAN_POINT('',(0.108,-8.67361737988404E-18,-0.017));
#9883=CARTESIAN_POINT('',(0.108,0.01,-0.017));
#9884=CARTESIAN_POINT('',(0.158,0.01,-0.017));
#9885=CARTESIAN_POINT('',(0.092,0.01,-0.017));
#9886=CARTESIAN_POINT('',(0.092,-8.67361737988404E-18,-0.017));
#9887=CARTESIAN_POINT('',(0.158,-8.67361737988404E-18,-0.017));
#9888=CARTESIAN_POINT('',(0.058,-8.67361737988404E-18,-0.017));
#9889=CARTESIAN_POINT('',(0.058,0.01,-0.017));
#9890=CARTESIAN_POINT('',(0.158,0.01,-0.017));
#9891=CARTESIAN_POINT('',(0.042,0.01,-0.017));
#9892=CARTESIAN_POINT('',(0.042,-8.67361737988404E-18,-0.017));
#9893=CARTESIAN_POINT('',(0.158,-8.67361737988404E-18,-0.017));
#9894=CARTESIAN_POINT('',(0.00799999999999999,-8.67361737988404E-18,-0.017));
#9895=CARTESIAN_POINT('',(0.00799999999999998,0.01,-0.017));
#9896=CARTESIAN_POINT('',(0.158,0.01,-0.017));
#9897=CARTESIAN_POINT('',(-0.008,0.01,-0.017));
#9898=CARTESIAN_POINT('',(-0.00799999999999999,-8.67361737988404E-18,-0.017));
#9899=CARTESIAN_POINT('',(0.158,-8.67361737988404E-18,-0.017));
#9900=CARTESIAN_POINT('',(-0.042,-8.67361737988404E-18,-0.017));
#9901=CARTESIAN_POINT('',(-0.042,0.01,-0.017));
#9902=CARTESIAN_POINT('',(0.158,0.01,-0.017));
#9903=CARTESIAN_POINT('',(-0.058,0.01,-0.017));
#9904=CARTESIAN_POINT('',(-0.058,-8.67361737988404E-18,-0.017));
#9905=CARTESIAN_POINT('',(0.158,-8.67361737988404E-18,-0.017));
#9906=CARTESIAN_POINT('',(-0.092,-8.67361737988404E-18,-0.017));
#9907=CARTESIAN_POINT('',(-0.092,0.01,-0.017));
#9908=CARTESIAN_POINT('',(0.158,0.01,-0.017));
#9909=CARTESIAN_POINT('',(-0.108,0.01,-0.017));
#9910=CARTESIAN_POINT('',(-0.108,-8.67361737988404E-18,-0.017));
#9911=CARTESIAN_POINT('',(0.158,0.01,0.017));
#9912=CARTESIAN_POINT('',(0.142,0.01,0.017));
#9913=CARTESIAN_POINT('',(0.142,0.01,0.017));
#9914=CARTESIAN_POINT('',(0.142,-8.53702498020082E-18,0.017));
#9915=CARTESIAN_POINT('',(0.158,0.01,0.017));
#9916=CARTESIAN_POINT('',(0.158,0.01,0.017));
#9917=CARTESIAN_POINT('',(0.158,0.01,0.017));
#9918=CARTESIAN_POINT('',(0.158,-8.53702498020082E-18,0.017));
#9919=CARTESIAN_POINT('',(0.158,-8.53702498020082E-18,0.017));
#9920=CARTESIAN_POINT('',(0.158,0.01,0.017));
#9921=CARTESIAN_POINT('',(0.108,0.01,0.017));
#9922=CARTESIAN_POINT('',(0.108,-8.53702498020082E-18,0.017));
#9923=CARTESIAN_POINT('',(0.108,0.01,0.017));
#9924=CARTESIAN_POINT('',(0.158,-8.53702498020082E-18,0.017));
#9925=CARTESIAN_POINT('',(0.092,-8.53702498020082E-18,0.017));
#9926=CARTESIAN_POINT('',(0.092,0.01,0.017));
#9927=CARTESIAN_POINT('',(0.092,0.01,0.017));
#9928=CARTESIAN_POINT('',(0.158,0.01,0.017));
#9929=CARTESIAN_POINT('',(0.158,0.01,0.017));
#9930=CARTESIAN_POINT('',(0.058,0.01,0.017));
#9931=CARTESIAN_POINT('',(0.058,-8.53702498020082E-18,0.017));
#9932=CARTESIAN_POINT('',(0.058,0.01,0.017));
#9933=CARTESIAN_POINT('',(0.158,-8.53702498020082E-18,0.017));
#9934=CARTESIAN_POINT('',(0.042,-8.53702498020082E-18,0.017));
#9935=CARTESIAN_POINT('',(0.042,0.01,0.017));
#9936=CARTESIAN_POINT('',(0.042,0.01,0.017));
#9937=CARTESIAN_POINT('',(0.158,0.01,0.017));
#9938=CARTESIAN_POINT('',(0.158,0.01,0.017));
#9939=CARTESIAN_POINT('',(0.00799999999999999,0.01,0.017));
#9940=CARTESIAN_POINT('',(0.00799999999999999,-8.53702498020082E-18,0.017));
#9941=CARTESIAN_POINT('',(0.00799999999999998,0.01,0.017));
#9942=CARTESIAN_POINT('',(0.158,-8.53702498020082E-18,0.017));
#9943=CARTESIAN_POINT('',(-0.00799999999999999,-8.53702498020082E-18,0.017));
#9944=CARTESIAN_POINT('',(-0.00799999999999999,0.01,0.017));
#9945=CARTESIAN_POINT('',(-0.008,0.01,0.017));
#9946=CARTESIAN_POINT('',(0.158,0.01,0.017));
#9947=CARTESIAN_POINT('',(0.158,0.01,0.017));
#9948=CARTESIAN_POINT('',(-0.042,0.01,0.017));
#9949=CARTESIAN_POINT('',(-0.042,-8.53702498020082E-18,0.017));
#9950=CARTESIAN_POINT('',(-0.042,0.01,0.017));
#9951=CARTESIAN_POINT('',(0.158,-8.53702498020082E-18,0.017));
#9952=CARTESIAN_POINT('',(-0.058,-8.53702498020082E-18,0.017));
#9953=CARTESIAN_POINT('',(-0.058,0.01,0.017));
#9954=CARTESIAN_POINT('',(-0.058,0.01,0.017));
#9955=CARTESIAN_POINT('',(0.158,0.01,0.017));
#9956=CARTESIAN_POINT('',(0.158,0.01,0.017));
#9957=CARTESIAN_POINT('',(-0.092,0.01,0.017));
#9958=CARTESIAN_POINT('',(-0.092,-8.53702498020082E-18,0.017));
#9959=CARTESIAN_POINT('',(-0.092,0.01,0.017));
#9960=CARTESIAN_POINT('',(0.158,-8.53702498020082E-18,0.017));
#9961=CARTESIAN_POINT('',(-0.108,-8.53702498020082E-18,0.017));
#9962=CARTESIAN_POINT('',(-0.108,0.01,0.017));
#9963=CARTESIAN_POINT('',(-0.108,0.01,0.017));
#9964=CARTESIAN_POINT('',(0.158,0.01,0.017));
#9965=CARTESIAN_POINT('',(0.158,0.00900000000000052,0.0403238075793816));
#9966=CARTESIAN_POINT('',(0.142,0.00900000000000052,0.0403238075793816));
#9967=CARTESIAN_POINT('',(0.142,-0.016,0.0403238075793815));
#9968=CARTESIAN_POINT('',(0.158,0.00900000000000052,0.0403238075793816));
#9969=CARTESIAN_POINT('',(0.158,-0.016,0.0403238075793815));
#9970=CARTESIAN_POINT('',(0.158,-0.016,0.0403238075793815));
#9971=CARTESIAN_POINT('',(0.158,0.00900000000000052,0.0403238075793816));
#9972=CARTESIAN_POINT('',(0.108,0.00900000000000052,0.0403238075793816));
#9973=CARTESIAN_POINT('',(0.108,-0.016,0.0403238075793815));
#9974=CARTESIAN_POINT('',(0.158,-0.016,0.0403238075793815));
#9975=CARTESIAN_POINT('',(0.092,-0.016,0.0403238075793815));
#9976=CARTESIAN_POINT('',(0.092,0.00900000000000052,0.0403238075793816));
#9977=CARTESIAN_POINT('',(0.158,0.00900000000000052,0.0403238075793816));
#9978=CARTESIAN_POINT('',(0.058,0.00900000000000052,0.0403238075793816));
#9979=CARTESIAN_POINT('',(0.058,-0.016,0.0403238075793815));
#9980=CARTESIAN_POINT('',(0.158,-0.016,0.0403238075793815));
#9981=CARTESIAN_POINT('',(0.042,-0.016,0.0403238075793815));
#9982=CARTESIAN_POINT('',(0.042,0.00900000000000052,0.0403238075793816));
#9983=CARTESIAN_POINT('',(0.158,0.00900000000000052,0.0403238075793816));
#9984=CARTESIAN_POINT('',(0.00799999999999999,0.00900000000000052,0.0403238075793816));
#9985=CARTESIAN_POINT('',(0.00799999999999999,-0.016,0.0403238075793815));
#9986=CARTESIAN_POINT('',(0.158,-0.016,0.0403238075793815));
#9987=CARTESIAN_POINT('',(-0.00799999999999999,-0.016,0.0403238075793815));
#9988=CARTESIAN_POINT('',(-0.00799999999999999,0.00900000000000052,0.0403238075793816));
#9989=CARTESIAN_POINT('',(0.158,0.00900000000000052,0.0403238075793816));
#9990=CARTESIAN_POINT('',(-0.042,0.00900000000000052,0.0403238075793816));
#9991=CARTESIAN_POINT('',(-0.042,-0.016,0.0403238075793815));
#9992=CARTESIAN_POINT('',(0.158,-0.016,0.0403238075793815));
#9993=CARTESIAN_POINT('',(-0.058,-0.016,0.0403238075793815));
#9994=CARTESIAN_POINT('',(-0.058,0.00900000000000052,0.0403238075793816));
#9995=CARTESIAN_POINT('',(0.158,0.00900000000000052,0.0403238075793816));
#9996=CARTESIAN_POINT('',(-0.092,0.00900000000000052,0.0403238075793816));
#9997=CARTESIAN_POINT('',(-0.092,-0.016,0.0403238075793815));
#9998=CARTESIAN_POINT('',(0.158,-0.016,0.0403238075793815));
#9999=CARTESIAN_POINT('',(-0.108,-0.016,0.0403238075793815));
#10000=CARTESIAN_POINT('',(-0.108,0.00900000000000052,0.0403238075793816));
#10001=CARTESIAN_POINT('',(0.158,-0.016,0.0403238075793815));
#10002=CARTESIAN_POINT('',(0.142,-0.016,0.0403238075793815));
#10003=CARTESIAN_POINT('',(0.142,-0.016,0.115));
#10004=CARTESIAN_POINT('',(0.158,-0.016,0.0403238075793815));
#10005=CARTESIAN_POINT('',(0.158,-0.016,0.115));
#10006=CARTESIAN_POINT('',(0.158,-0.016,0.115));
#10007=CARTESIAN_POINT('',(0.158,-0.016,0.0403238075793815));
#10008=CARTESIAN_POINT('',(0.108,-0.016,0.0403238075793815));
#10009=CARTESIAN_POINT('',(0.108,-0.016,0.115));
#10010=CARTESIAN_POINT('',(0.158,-0.016,0.115));
#10011=CARTESIAN_POINT('',(0.092,-0.016,0.115));
#10012=CARTESIAN_POINT('',(0.092,-0.016,0.0403238075793815));
#10013=CARTESIAN_POINT('',(0.158,-0.016,0.0403238075793815));
#10014=CARTESIAN_POINT('',(0.058,-0.016,0.0403238075793815));
#10015=CARTESIAN_POINT('',(0.058,-0.016,0.115));
#10016=CARTESIAN_POINT('',(0.158,-0.016,0.115));
#10017=CARTESIAN_POINT('',(0.042,-0.016,0.115));
#10018=CARTESIAN_POINT('',(0.042,-0.016,0.0403238075793815));
#10019=CARTESIAN_POINT('',(0.158,-0.016,0.0403238075793815));
#10020=CARTESIAN_POINT('',(0.00799999999999999,-0.016,0.0403238075793815));
#10021=CARTESIAN_POINT('',(0.00799999999999999,-0.016,0.115));
#10022=CARTESIAN_POINT('',(0.158,-0.016,0.115));
#10023=CARTESIAN_POINT('',(-0.00799999999999999,-0.016,0.115));
#10024=CARTESIAN_POINT('',(-0.00799999999999999,-0.016,0.0403238075793815));
#10025=CARTESIAN_POINT('',(0.158,-0.016,0.0403238075793815));
#10026=CARTESIAN_POINT('',(-0.042,-0.016,0.0403238075793815));
#10027=CARTESIAN_POINT('',(-0.042,-0.016,0.115));
#10028=CARTESIAN_POINT('',(0.158,-0.016,0.115));
#10029=CARTESIAN_POINT('',(-0.058,-0.016,0.115));
#10030=CARTESIAN_POINT('',(-0.058,-0.016,0.0403238075793815));
#10031=CARTESIAN_POINT('',(0.158,-0.016,0.0403238075793815));
#10032=CARTESIAN_POINT('',(-0.092,-0.016,0.0403238075793815));
#10033=CARTESIAN_POINT('',(-0.092,-0.016,0.115));
#10034=CARTESIAN_POINT('',(0.158,-0.016,0.115));
#10035=CARTESIAN_POINT('',(-0.108,-0.016,0.115));
#10036=CARTESIAN_POINT('',(-0.108,-0.016,0.0403238075793815));
#10037=CARTESIAN_POINT('',(0.158,-0.016,0.115));
#10038=CARTESIAN_POINT('',(0.142,-0.016,0.115));
#10039=CARTESIAN_POINT('',(0.142,0.,0.115));
#10040=CARTESIAN_POINT('',(0.158,-0.016,0.115));
#10041=CARTESIAN_POINT('',(0.158,0.,0.115));
#10042=CARTESIAN_POINT('',(0.158,0.,0.115));
#10043=CARTESIAN_POINT('',(0.158,-0.016,0.115));
#10044=CARTESIAN_POINT('',(0.108,-0.016,0.115));
#10045=CARTESIAN_POINT('',(0.108,0.,0.115));
#10046=CARTESIAN_POINT('',(0.158,0.,0.115));
#10047=CARTESIAN_POINT('',(0.092,0.,0.115));
#10048=CARTESIAN_POINT('',(0.092,-0.016,0.115));
#10049=CARTESIAN_POINT('',(0.158,-0.016,0.115));
#10050=CARTESIAN_POINT('',(0.058,-0.016,0.115));
#10051=CARTESIAN_POINT('',(0.058,0.,0.115));
#10052=CARTESIAN_POINT('',(0.158,0.,0.115));
#10053=CARTESIAN_POINT('',(0.042,0.,0.115));
#10054=CARTESIAN_POINT('',(0.042,-0.016,0.115));
#10055=CARTESIAN_POINT('',(0.158,-0.016,0.115));
#10056=CARTESIAN_POINT('',(0.00799999999999999,-0.016,0.115));
#10057=CARTESIAN_POINT('',(0.00799999999999999,0.,0.115));
#10058=CARTESIAN_POINT('',(0.158,0.,0.115));
#10059=CARTESIAN_POINT('',(-0.00799999999999999,0.,0.115));
#10060=CARTESIAN_POINT('',(-0.00799999999999999,-0.016,0.115));
#10061=CARTESIAN_POINT('',(0.158,-0.016,0.115));
#10062=CARTESIAN_POINT('',(-0.042,-0.016,0.115));
#10063=CARTESIAN_POINT('',(-0.042,0.,0.115));
#10064=CARTESIAN_POINT('',(0.158,0.,0.115));
#10065=CARTESIAN_POINT('',(-0.058,0.,0.115));
#10066=CARTESIAN_POINT('',(-0.058,-0.016,0.115));
#10067=CARTESIAN_POINT('',(0.158,-0.016,0.115));
#10068=CARTESIAN_POINT('',(-0.092,-0.016,0.115));
#10069=CARTESIAN_POINT('',(-0.092,0.,0.115));
#10070=CARTESIAN_POINT('',(0.158,0.,0.115));
#10071=CARTESIAN_POINT('',(-0.108,0.,0.115));
#10072=CARTESIAN_POINT('',(-0.108,-0.016,0.115));
#10073=CARTESIAN_POINT('',(0.158,0.,0.115));
#10074=CARTESIAN_POINT('',(0.142,0.,0.115));
#10075=CARTESIAN_POINT('',(0.142,3.030088246176E-18,0.066));
#10076=CARTESIAN_POINT('',(0.158,0.,0.115));
#10077=CARTESIAN_POINT('',(0.158,0.,0.066));
#10078=CARTESIAN_POINT('',(0.158,0.,0.066));
#10079=CARTESIAN_POINT('',(0.158,0.,0.115));
#10080=CARTESIAN_POINT('',(0.108,0.,0.115));
#10081=CARTESIAN_POINT('',(0.108,3.030088246176E-18,0.066));
#10082=CARTESIAN_POINT('',(0.158,0.,0.066));
#10083=CARTESIAN_POINT('',(0.092,3.030088246176E-18,0.066));
#10084=CARTESIAN_POINT('',(0.092,0.,0.115));
#10085=CARTESIAN_POINT('',(0.158,0.,0.115));
#10086=CARTESIAN_POINT('',(0.058,0.,0.115));
#10087=CARTESIAN_POINT('',(0.058,3.030088246176E-18,0.066));
#10088=CARTESIAN_POINT('',(0.158,0.,0.066));
#10089=CARTESIAN_POINT('',(0.042,3.030088246176E-18,0.066));
#10090=CARTESIAN_POINT('',(0.042,0.,0.115));
#10091=CARTESIAN_POINT('',(0.158,0.,0.115));
#10092=CARTESIAN_POINT('',(0.00799999999999999,0.,0.115));
#10093=CARTESIAN_POINT('',(0.00799999999999999,3.030088246176E-18,0.066));
#10094=CARTESIAN_POINT('',(0.158,0.,0.066));
#10095=CARTESIAN_POINT('',(-0.00799999999999999,3.030088246176E-18,0.066));
#10096=CARTESIAN_POINT('',(-0.00799999999999999,0.,0.115));
#10097=CARTESIAN_POINT('',(0.158,0.,0.115));
#10098=CARTESIAN_POINT('',(-0.042,0.,0.115));
#10099=CARTESIAN_POINT('',(-0.042,3.030088246176E-18,0.066));
#10100=CARTESIAN_POINT('',(0.158,0.,0.066));
#10101=CARTESIAN_POINT('',(-0.058,3.030088246176E-18,0.066));
#10102=CARTESIAN_POINT('',(-0.058,0.,0.115));
#10103=CARTESIAN_POINT('',(0.158,0.,0.115));
#10104=CARTESIAN_POINT('',(-0.092,0.,0.115));
#10105=CARTESIAN_POINT('',(-0.092,3.030088246176E-18,0.066));
#10106=CARTESIAN_POINT('',(0.158,0.,0.066));
#10107=CARTESIAN_POINT('',(-0.108,3.030088246176E-18,0.066));
#10108=CARTESIAN_POINT('',(-0.108,0.,0.115));
#10109=CARTESIAN_POINT('',(0.158,0.,-0.066));
#10110=CARTESIAN_POINT('',(-0.142,0.,-0.066));
#10111=CARTESIAN_POINT('',(-0.142,0.,-0.115));
#10112=CARTESIAN_POINT('',(-0.142,0.,-0.066));
#10113=CARTESIAN_POINT('',(0.158,0.,-0.115));
#10114=CARTESIAN_POINT('',(-0.158,0.,-0.115));
#10115=CARTESIAN_POINT('',(-0.158,0.,-0.066));
#10116=CARTESIAN_POINT('',(-0.158,0.,-0.066));
#10117=CARTESIAN_POINT('',(0.158,0.,-0.066));
#10118=CARTESIAN_POINT('',(0.158,0.,-0.115));
#10119=CARTESIAN_POINT('',(-0.142,0.,-0.115));
#10120=CARTESIAN_POINT('',(-0.142,-0.016,-0.115));
#10121=CARTESIAN_POINT('',(0.158,-0.016,-0.115));
#10122=CARTESIAN_POINT('',(-0.158,-0.016,-0.115));
#10123=CARTESIAN_POINT('',(-0.158,0.,-0.115));
#10124=CARTESIAN_POINT('',(0.158,-0.016,-0.115));
#10125=CARTESIAN_POINT('',(-0.142,-0.016,-0.115));
#10126=CARTESIAN_POINT('',(-0.142,-0.016,-0.0403238075793815));
#10127=CARTESIAN_POINT('',(0.158,-0.016,-0.0403238075793815));
#10128=CARTESIAN_POINT('',(-0.158,-0.016,-0.0403238075793815));
#10129=CARTESIAN_POINT('',(-0.158,-0.016,-0.115));
#10130=CARTESIAN_POINT('',(0.158,0.0090000000000005,-0.0403238075793815));
#10131=CARTESIAN_POINT('',(-0.142,0.0090000000000005,-0.0403238075793815));
#10132=CARTESIAN_POINT('',(-0.142,-1.0671281225251E-17,-0.017));
#10133=CARTESIAN_POINT('',(0.158,-1.28055374703012E-17,-0.017));
#10134=CARTESIAN_POINT('',(-0.158,-1.28055374703012E-17,-0.017));
#10135=CARTESIAN_POINT('',(-0.158,0.0090000000000005,-0.0403238075793815));
#10136=CARTESIAN_POINT('',(0.158,-8.67361737988404E-18,-0.017));
#10137=CARTESIAN_POINT('',(-0.142,-8.67361737988404E-18,-0.017));
#10138=CARTESIAN_POINT('',(-0.142,0.01,-0.017));
#10139=CARTESIAN_POINT('',(0.158,0.01,-0.017));
#10140=CARTESIAN_POINT('',(-0.158,0.01,-0.017));
#10141=CARTESIAN_POINT('',(-0.158,-8.67361737988404E-18,-0.017));
#10142=CARTESIAN_POINT('',(0.158,0.01,-0.017));
#10143=CARTESIAN_POINT('',(-0.142,0.01,0.5));
#10144=CARTESIAN_POINT('',(-0.142,0.01,-0.0555930905438934));
#10145=CARTESIAN_POINT('',(0.158,0.00999999999999993,-0.0555930905438935));
#10146=CARTESIAN_POINT('',(-0.108,0.01,-0.0555930905438934));
#10147=CARTESIAN_POINT('',(-0.108,0.01,0.5));
#10148=CARTESIAN_POINT('',(-0.092,0.01,0.5));
#10149=CARTESIAN_POINT('',(-0.092,0.01,-0.0555930905438934));
#10150=CARTESIAN_POINT('',(0.158,0.00999999999999995,-0.0555930905438935));
#10151=CARTESIAN_POINT('',(-0.058,0.01,-0.0555930905438934));
#10152=CARTESIAN_POINT('',(-0.058,0.01,0.5));
#10153=CARTESIAN_POINT('',(-0.042,0.01,0.5));
#10154=CARTESIAN_POINT('',(-0.042,0.01,-0.0555930905438934));
#10155=CARTESIAN_POINT('',(0.158,0.00999999999999997,-0.0555930905438935));
#10156=CARTESIAN_POINT('',(-0.008,0.01,-0.0555930905438934));
#10157=CARTESIAN_POINT('',(-0.008,0.01,0.5));
#10158=CARTESIAN_POINT('',(0.00799999999999998,0.01,0.5));
#10159=CARTESIAN_POINT('',(0.00799999999999999,0.01,-0.0555930905438934));
#10160=CARTESIAN_POINT('',(0.158,0.00999999999999998,-0.0555930905438934));
#10161=CARTESIAN_POINT('',(0.042,0.01,-0.0555930905438934));
#10162=CARTESIAN_POINT('',(0.042,0.01,0.5));
#10163=CARTESIAN_POINT('',(0.058,0.01,0.5));
#10164=CARTESIAN_POINT('',(0.058,0.01,-0.0555930905438934));
#10165=CARTESIAN_POINT('',(0.158,0.00999999999999999,-0.0555930905438934));
#10166=CARTESIAN_POINT('',(0.092,0.01,-0.0555930905438934));
#10167=CARTESIAN_POINT('',(0.092,0.01,0.5));
#10168=CARTESIAN_POINT('',(0.108,0.01,0.5));
#10169=CARTESIAN_POINT('',(0.108,0.01,-0.0555930905438934));
#10170=CARTESIAN_POINT('',(0.158,0.01,-0.0555930905438934));
#10171=CARTESIAN_POINT('',(0.142,0.01,-0.0555930905438934));
#10172=CARTESIAN_POINT('',(0.142,0.01,0.5));
#10173=CARTESIAN_POINT('',(0.158,0.01,-0.017));
#10174=CARTESIAN_POINT('',(0.142,0.01,0.5));
#10175=CARTESIAN_POINT('',(0.142,0.01,0.0555930905438934));
#10176=CARTESIAN_POINT('',(0.158,0.01,0.0555930905438934));
#10177=CARTESIAN_POINT('',(0.108,0.01,0.0555930905438934));
#10178=CARTESIAN_POINT('',(0.108,0.01,0.5));
#10179=CARTESIAN_POINT('',(0.092,0.01,0.5));
#10180=CARTESIAN_POINT('',(0.092,0.01,0.0555930905438934));
#10181=CARTESIAN_POINT('',(0.158,0.00999999999999998,0.0555930905438934));
#10182=CARTESIAN_POINT('',(0.058,0.01,0.0555930905438934));
#10183=CARTESIAN_POINT('',(0.058,0.01,0.5));
#10184=CARTESIAN_POINT('',(0.042,0.01,0.5));
#10185=CARTESIAN_POINT('',(0.042,0.01,0.0555930905438934));
#10186=CARTESIAN_POINT('',(0.158,0.00999999999999997,0.0555930905438935));
#10187=CARTESIAN_POINT('',(0.00799999999999999,0.01,0.0555930905438934));
#10188=CARTESIAN_POINT('',(0.00799999999999998,0.01,0.5));
#10189=CARTESIAN_POINT('',(-0.008,0.01,0.5));
#10190=CARTESIAN_POINT('',(-0.008,0.01,0.0555930905438934));
#10191=CARTESIAN_POINT('',(0.158,0.00999999999999996,0.0555930905438935));
#10192=CARTESIAN_POINT('',(-0.042,0.01,0.0555930905438934));
#10193=CARTESIAN_POINT('',(-0.042,0.01,0.5));
#10194=CARTESIAN_POINT('',(-0.058,0.01,0.5));
#10195=CARTESIAN_POINT('',(-0.058,0.01,0.0555930905438934));
#10196=CARTESIAN_POINT('',(0.158,0.00999999999999995,0.0555930905438935));
#10197=CARTESIAN_POINT('',(-0.092,0.01,0.0555930905438934));
#10198=CARTESIAN_POINT('',(-0.092,0.01,0.5));
#10199=CARTESIAN_POINT('',(-0.108,0.01,0.5));
#10200=CARTESIAN_POINT('',(-0.108,0.01,0.0555930905438934));
#10201=CARTESIAN_POINT('',(0.158,0.00999999999999993,0.0555930905438935));
#10202=CARTESIAN_POINT('',(-0.142,0.01,0.0555930905438934));
#10203=CARTESIAN_POINT('',(-0.142,0.01,0.5));
#10204=CARTESIAN_POINT('',(-0.142,0.01,0.017));
#10205=CARTESIAN_POINT('',(0.158,0.01,0.017));
#10206=CARTESIAN_POINT('',(-0.158,0.01,0.017));
#10207=CARTESIAN_POINT('',(-0.158,0.01,-0.017));
#10208=CARTESIAN_POINT('',(0.158,0.01,0.017));
#10209=CARTESIAN_POINT('',(-0.142,0.01,0.017));
#10210=CARTESIAN_POINT('',(-0.142,-8.53702498020082E-18,0.017));
#10211=CARTESIAN_POINT('',(0.158,-8.53702498020082E-18,0.017));
#10212=CARTESIAN_POINT('',(-0.158,-8.53702498020082E-18,0.017));
#10213=CARTESIAN_POINT('',(-0.158,0.01,0.017));
#10214=CARTESIAN_POINT('',(0.158,0.00900000000000052,0.0403238075793816));
#10215=CARTESIAN_POINT('',(-0.142,0.00900000000000052,0.0403238075793816));
#10216=CARTESIAN_POINT('',(-0.142,-0.016,0.0403238075793815));
#10217=CARTESIAN_POINT('',(0.158,-0.016,0.0403238075793815));
#10218=CARTESIAN_POINT('',(-0.158,-0.016,0.0403238075793815));
#10219=CARTESIAN_POINT('',(-0.158,0.00900000000000052,0.0403238075793816));
#10220=CARTESIAN_POINT('',(0.158,-0.016,0.0403238075793815));
#10221=CARTESIAN_POINT('',(-0.142,-0.016,0.0403238075793815));
#10222=CARTESIAN_POINT('',(-0.142,-0.016,0.115));
#10223=CARTESIAN_POINT('',(0.158,-0.016,0.115));
#10224=CARTESIAN_POINT('',(-0.158,-0.016,0.115));
#10225=CARTESIAN_POINT('',(-0.158,-0.016,0.0403238075793815));
#10226=CARTESIAN_POINT('',(0.158,-0.016,0.115));
#10227=CARTESIAN_POINT('',(-0.142,-0.016,0.115));
#10228=CARTESIAN_POINT('',(-0.142,0.,0.115));
#10229=CARTESIAN_POINT('',(0.158,0.,0.115));
#10230=CARTESIAN_POINT('',(-0.158,0.,0.115));
#10231=CARTESIAN_POINT('',(-0.158,-0.016,0.115));
#10232=CARTESIAN_POINT('',(0.158,0.,0.115));
#10233=CARTESIAN_POINT('',(-0.142,0.,0.115));
#10234=CARTESIAN_POINT('',(-0.142,3.030088246176E-18,0.066));
#10235=CARTESIAN_POINT('',(0.158,0.,0.066));
#10236=CARTESIAN_POINT('',(-0.158,0.,0.066));
#10237=CARTESIAN_POINT('',(-0.158,0.,0.115));
#10238=CARTESIAN_POINT('',(0.158,0.,0.066));
#10239=CARTESIAN_POINT('',(0.142,0.,0.066));
#10240=CARTESIAN_POINT('',(0.158,0.,0.066));
#10241=CARTESIAN_POINT('',(0.158,0.0634194044623617,-8.53702498020082E-18));
#10242=CARTESIAN_POINT('',(0.158,0.0634194044623617,-8.53702498020082E-18));
#10243=CARTESIAN_POINT('',(-0.158,0.0634194044623617,-8.53702498020082E-18));
#10244=CARTESIAN_POINT('',(-0.158,0.,0.066));
#10245=CARTESIAN_POINT('',(-0.142,0.,0.066));
#10246=CARTESIAN_POINT('',(-0.108,0.,0.066));
#10247=CARTESIAN_POINT('',(-0.092,0.,0.066));
#10248=CARTESIAN_POINT('',(-0.058,0.,0.066));
#10249=CARTESIAN_POINT('',(-0.042,0.,0.066));
#10250=CARTESIAN_POINT('',(-0.00799999999999999,0.,0.066));
#10251=CARTESIAN_POINT('',(0.00799999999999999,0.,0.066));
#10252=CARTESIAN_POINT('',(0.042,0.,0.066));
#10253=CARTESIAN_POINT('',(0.058,0.,0.066));
#10254=CARTESIAN_POINT('',(0.092,0.,0.066));
#10255=CARTESIAN_POINT('',(0.108,0.,0.066));
#10256=CARTESIAN_POINT('',(0.158,0.0634194044623617,0.));
#10257=CARTESIAN_POINT('',(0.142,0.0634194044623617,0.));
#10258=CARTESIAN_POINT('',(0.108,0.0634194044623617,0.));
#10259=CARTESIAN_POINT('',(0.092,0.0634194044623617,0.));
#10260=CARTESIAN_POINT('',(0.058,0.0634194044623617,0.));
#10261=CARTESIAN_POINT('',(0.042,0.0634194044623617,0.));
#10262=CARTESIAN_POINT('',(0.00799999999999999,0.0634194044623617,0.));
#10263=CARTESIAN_POINT('',(-0.00799999999999999,0.0634194044623617,0.));
#10264=CARTESIAN_POINT('',(-0.042,0.0634194044623617,0.));
#10265=CARTESIAN_POINT('',(-0.058,0.0634194044623617,0.));
#10266=CARTESIAN_POINT('',(-0.092,0.0634194044623617,0.));
#10267=CARTESIAN_POINT('',(-0.108,0.0634194044623617,0.));
#10268=CARTESIAN_POINT('',(-0.142,0.0634194044623617,0.));
#10269=CARTESIAN_POINT('',(-0.158,0.0634194044623617,0.));
#10270=CARTESIAN_POINT('',(0.158,0.0634194044623617,0.));
#10271=CARTESIAN_POINT('',(0.158,0.0090000000000005,-0.0403238075793815));
#10272=CARTESIAN_POINT('',(-0.158,0.0090000000000005,-0.0403238075793815));
#10273=CARTESIAN_POINT('',(-0.142,-0.44609430648634,0.5));
#10274=CARTESIAN_POINT('',(-0.108,0.01,0.5));
#10275=CARTESIAN_POINT('',(-0.092,-0.44445605508514,0.5));
#10276=CARTESIAN_POINT('',(-0.058,0.01,0.5));
#10277=CARTESIAN_POINT('',(-0.042,-0.44445605508514,0.5));
#10278=CARTESIAN_POINT('',(-0.008,0.01,0.5));
#10279=CARTESIAN_POINT('',(0.00799999999999998,-0.44445605508514,0.5));
#10280=CARTESIAN_POINT('',(0.042,0.01,0.5));
#10281=CARTESIAN_POINT('',(0.058,-0.44445605508514,0.5));
#10282=CARTESIAN_POINT('',(0.092,0.01,0.5));
#10283=CARTESIAN_POINT('',(0.108,-0.44445605508514,0.5));
#10284=CARTESIAN_POINT('',(0.142,0.01,0.5));
#10285=CARTESIAN_POINT('',(-0.142,-0.44609430648634,0.5));
#10286=CARTESIAN_POINT('',(-0.108,0.01,0.5));
#10287=CARTESIAN_POINT('',(-0.092,-0.44445605508514,0.5));
#10288=CARTESIAN_POINT('',(-0.058,0.01,0.5));
#10289=CARTESIAN_POINT('',(-0.042,-0.44445605508514,0.5));
#10290=CARTESIAN_POINT('',(-0.008,0.01,0.5));
#10291=CARTESIAN_POINT('',(0.00799999999999998,-0.44445605508514,0.5));
#10292=CARTESIAN_POINT('',(0.042,0.01,0.5));
#10293=CARTESIAN_POINT('',(0.058,-0.44445605508514,0.5));
#10294=CARTESIAN_POINT('',(0.092,0.01,0.5));
#10295=CARTESIAN_POINT('',(0.142,0.01,0.5));
#10296=CARTESIAN_POINT('',(0.108,-0.44445605508514,0.5));
#10297=CARTESIAN_POINT('',(0.,0.,0.));
#10298=MECHANICAL_DESIGN_GEOMETRIC_PRESENTATION_REPRESENTATION('',(#6475,
#6476,#6477),#10299);
#10299=(
GEOMETRIC_REPRESENTATION_CONTEXT(3)
GLOBAL_UNCERTAINTY_ASSIGNED_CONTEXT((#10303))
GLOBAL_UNIT_ASSIGNED_CONTEXT((#10309,#10308,#10307))
REPRESENTATION_CONTEXT('FTSH-107-01-L-DV-K','TOP_LEVEL_ASSEMBLY_PART')
);
#10300=(
GEOMETRIC_REPRESENTATION_CONTEXT(3)
GLOBAL_UNCERTAINTY_ASSIGNED_CONTEXT((#10304))
GLOBAL_UNIT_ASSIGNED_CONTEXT((#10309,#10308,#10307))
REPRESENTATION_CONTEXT('FTSH-107-01-L-DV-K_body','COMPONENT_PART')
);
#10301=(
GEOMETRIC_REPRESENTATION_CONTEXT(3)
GLOBAL_UNCERTAINTY_ASSIGNED_CONTEXT((#10305))
GLOBAL_UNIT_ASSIGNED_CONTEXT((#10309,#10308,#10307))
REPRESENTATION_CONTEXT('FTSH-107-01-L-DV-K_pins1','COMPONENT_PART')
);
#10302=(
GEOMETRIC_REPRESENTATION_CONTEXT(3)
GLOBAL_UNCERTAINTY_ASSIGNED_CONTEXT((#10306))
GLOBAL_UNIT_ASSIGNED_CONTEXT((#10309,#10308,#10307))
REPRESENTATION_CONTEXT('FTSH-107-01-L-DV-K_pins2','COMPONENT_PART')
);
#10303=UNCERTAINTY_MEASURE_WITH_UNIT(LENGTH_MEASURE(3.93700787401575E-7),
#10309,'DISTANCE_ACCURACY_VALUE','Maximum Tolerance applied to model');
#10304=UNCERTAINTY_MEASURE_WITH_UNIT(LENGTH_MEASURE(3.93700787401575E-7),
#10309,'DISTANCE_ACCURACY_VALUE','Maximum Tolerance applied to model');
#10305=UNCERTAINTY_MEASURE_WITH_UNIT(LENGTH_MEASURE(3.93700787401575E-7),
#10309,'DISTANCE_ACCURACY_VALUE','Maximum Tolerance applied to model');
#10306=UNCERTAINTY_MEASURE_WITH_UNIT(LENGTH_MEASURE(3.93700787401575E-7),
#10309,'DISTANCE_ACCURACY_VALUE','Maximum Tolerance applied to model');
#10307=(
NAMED_UNIT(*)
SI_UNIT($,.STERADIAN.)
SOLID_ANGLE_UNIT()
);
#10308=(
NAMED_UNIT(*)
PLANE_ANGLE_UNIT()
SI_UNIT($,.RADIAN.)
);
#10309=(
CONVERSION_BASED_UNIT('INCH',#10311)
LENGTH_UNIT()
NAMED_UNIT(#10310)
);
#10310=DIMENSIONAL_EXPONENTS(1.,0.,0.,0.,0.,0.,0.);
#10311=LENGTH_MEASURE_WITH_UNIT(LENGTH_MEASURE(25.4),#10312);
#10312=(
LENGTH_UNIT()
NAMED_UNIT(*)
SI_UNIT(.MILLI.,.METRE.)
);
#10313=PRODUCT_DEFINITION_SHAPE('','',#10320);
#10314=PRODUCT_DEFINITION_SHAPE('','',#10321);
#10315=PRODUCT_DEFINITION_SHAPE(' ','NAUO PRDDFN',#55);
#10316=PRODUCT_DEFINITION_SHAPE('','',#10322);
#10317=PRODUCT_DEFINITION_SHAPE(' ','NAUO PRDDFN',#56);
#10318=PRODUCT_DEFINITION_SHAPE('','',#10323);
#10319=PRODUCT_DEFINITION_SHAPE(' ','NAUO PRDDFN',#57);
#10320=PRODUCT_DEFINITION('','',#10328,#10324);
#10321=PRODUCT_DEFINITION('','',#10329,#10325);
#10322=PRODUCT_DEFINITION('','',#10330,#10326);
#10323=PRODUCT_DEFINITION('','',#10331,#10327);
#10324=PRODUCT_DEFINITION_CONTEXT('',#10349,'design');
#10325=PRODUCT_DEFINITION_CONTEXT('',#10349,'design');
#10326=PRODUCT_DEFINITION_CONTEXT('',#10349,'design');
#10327=PRODUCT_DEFINITION_CONTEXT('',#10349,'design');
#10328=PRODUCT_DEFINITION_FORMATION_WITH_SPECIFIED_SOURCE('','',#10336,
 .NOT_KNOWN.);
#10329=PRODUCT_DEFINITION_FORMATION_WITH_SPECIFIED_SOURCE('','',#10337,
 .NOT_KNOWN.);
#10330=PRODUCT_DEFINITION_FORMATION_WITH_SPECIFIED_SOURCE('','',#10338,
 .NOT_KNOWN.);
#10331=PRODUCT_DEFINITION_FORMATION_WITH_SPECIFIED_SOURCE('','',#10339,
 .NOT_KNOWN.);
#10332=PRODUCT_RELATED_PRODUCT_CATEGORY('','',(#10336));
#10333=PRODUCT_RELATED_PRODUCT_CATEGORY('','',(#10337));
#10334=PRODUCT_RELATED_PRODUCT_CATEGORY('','',(#10338));
#10335=PRODUCT_RELATED_PRODUCT_CATEGORY('','',(#10339));
#10336=PRODUCT('FTSH-107-01-L-DV-K','FTSH-107-01-L-DV-K',
'FTSH-107-01-L-DV-K',(#10344));
#10337=PRODUCT('FTSH-107-01-L-DV-K_body','FTSH-107-01-L-DV-K_body',
'FTSH-107-01-L-DV-K_body',(#10345));
#10338=PRODUCT('FTSH-107-01-L-DV-K_pins1','FTSH-107-01-L-DV-K_pins1',
'FTSH-107-01-L-DV-K_pins1',(#10346));
#10339=PRODUCT('FTSH-107-01-L-DV-K_pins2','FTSH-107-01-L-DV-K_pins2',
'FTSH-107-01-L-DV-K_pins2',(#10347));
#10340=PRODUCT_CATEGORY('','');
#10341=PRODUCT_CATEGORY('','');
#10342=PRODUCT_CATEGORY('','');
#10343=PRODUCT_CATEGORY('','');
#10344=PRODUCT_CONTEXT('',#10349,'mechanical');
#10345=PRODUCT_CONTEXT('',#10349,'mechanical');
#10346=PRODUCT_CONTEXT('',#10349,'mechanical');
#10347=PRODUCT_CONTEXT('',#10349,'mechanical');
#10348=APPLICATION_PROTOCOL_DEFINITION('international standard',
'ap242_managed_model_based_3d_engineering',2011,#10349);
#10349=APPLICATION_CONTEXT('managed model based 3d engineering');
ENDSEC;
END-ISO-10303-21;
